query_id,pq,batch_index,approx_h2d_ms,approx_memset_ms,approx_kernel_ms,approx_d2h_ms,approx_total_ms,recall,seed_count,visited_nodes,expanded_nodes,neighbor_slots_scanned,candidate_nodes,distance_evals,frontier_pushes,result_updates,peak_frontier,peak_results,result_count,early_stopped
0,50,0,3.5459e-05,0,0.00839679,1.97773e-05,0.00845203,0.8,4,995,53,1664,991,995,345,208,50,50,10,1
1,50,0,3.5459e-05,0,0.00839679,1.97773e-05,0.00845203,0.8,4,1136,57,1792,1132,1136,379,242,50,50,10,1
2,50,0,3.5459e-05,0,0.00839679,1.97773e-05,0.00845203,0.8,4,1054,57,1792,1050,1054,385,239,50,50,10,1
3,50,0,3.5459e-05,0,0.00839679,1.97773e-05,0.00845203,1,4,622,55,1728,618,622,325,206,50,50,10,1
4,50,0,3.5459e-05,0,0.00839679,1.97773e-05,0.00845203,1,4,1004,59,1856,1000,1004,384,234,50,50,10,1
5,50,0,3.5459e-05,0,0.00839679,1.97773e-05,0.00845203,0.7,4,1112,62,1952,1108,1112,443,316,50,50,10,1
6,50,0,3.5459e-05,0,0.00839679,1.97773e-05,0.00845203,1,4,1062,54,1696,1058,1062,341,211,50,50,10,1
7,50,0,3.5459e-05,0,0.00839679,1.97773e-05,0.00845203,1,4,734,60,1888,730,734,419,303,50,50,10,1
8,50,0,3.5459e-05,0,0.00839679,1.97773e-05,0.00845203,0.9,4,1091,53,1664,1087,1091,349,214,50,50,10,1
9,50,0,3.5459e-05,0,0.00839679,1.97773e-05,0.00845203,1,4,987,55,1728,983,987,413,284,50,50,10,1
10,50,0,3.5459e-05,0,0.00839679,1.97773e-05,0.00845203,0.9,4,998,61,1920,994,998,395,241,50,50,10,1
11,50,0,3.5459e-05,0,0.00839679,1.97773e-05,0.00845203,0.8,4,1068,58,1824,1064,1068,375,239,50,50,10,1
12,50,0,3.5459e-05,0,0.00839679,1.97773e-05,0.00845203,0.9,4,876,54,1696,872,876,351,219,50,50,10,1
13,50,0,3.5459e-05,0,0.00839679,1.97773e-05,0.00845203,1,4,1022,58,1824,1018,1022,374,241,50,50,10,1
14,50,0,3.5459e-05,0,0.00839679,1.97773e-05,0.00845203,0.8,4,1137,62,1952,1133,1137,406,246,50,50,10,1
15,50,0,3.5459e-05,0,0.00839679,1.97773e-05,0.00845203,0.8,4,912,57,1792,908,912,360,235,50,50,10,1
16,50,0,3.5459e-05,0,0.00839679,1.97773e-05,0.00845203,0.9,4,992,56,1760,988,992,361,225,50,50,10,1
17,50,0,3.5459e-05,0,0.00839679,1.97773e-05,0.00845203,0.7,4,1089,56,1760,1085,1089,340,224,50,50,10,1
18,50,0,3.5459e-05,0,0.00839679,1.97773e-05,0.00845203,0.8,4,1101,56,1760,1097,1101,402,275,50,50,10,1
19,50,0,3.5459e-05,0,0.00839679,1.97773e-05,0.00845203,0.9,4,1015,56,1760,1011,1015,359,222,50,50,10,1
20,50,0,3.5459e-05,0,0.00839679,1.97773e-05,0.00845203,1,4,911,58,1824,907,911,397,278,50,50,10,1
21,50,0,3.5459e-05,0,0.00839679,1.97773e-05,0.00845203,1,4,1048,56,1760,1044,1048,395,252,50,50,10,1
22,50,0,3.5459e-05,0,0.00839679,1.97773e-05,0.00845203,1,4,987,58,1824,983,987,382,253,50,50,10,1
23,50,0,3.5459e-05,0,0.00839679,1.97773e-05,0.00845203,0.9,4,992,55,1728,988,992,384,250,50,50,10,1
24,50,0,3.5459e-05,0,0.00839679,1.97773e-05,0.00845203,1,4,1072,58,1824,1068,1072,416,281,50,50,10,1
25,50,0,3.5459e-05,0,0.00839679,1.97773e-05,0.00845203,1,4,998,56,1760,994,998,401,268,50,50,10,1
26,50,0,3.5459e-05,0,0.00839679,1.97773e-05,0.00845203,0.9,4,1081,59,1856,1077,1081,438,299,50,50,10,1
27,50,0,3.5459e-05,0,0.00839679,1.97773e-05,0.00845203,0.9,4,1074,61,1920,1070,1074,457,297,50,50,10,1
28,50,0,3.5459e-05,0,0.00839679,1.97773e-05,0.00845203,0.8,4,1009,57,1792,1005,1009,440,302,50,50,10,1
29,50,0,3.5459e-05,0,0.00839679,1.97773e-05,0.00845203,0.9,4,789,58,1824,785,789,388,287,50,50,10,1
30,50,0,3.5459e-05,0,0.00839679,1.97773e-05,0.00845203,0.9,4,1019,59,1856,1015,1019,429,287,50,50,10,1
31,50,0,3.5459e-05,0,0.00839679,1.97773e-05,0.00845203,0.9,4,995,56,1760,991,995,388,272,50,50,10,1
32,50,0,3.5459e-05,0,0.00839679,1.97773e-05,0.00845203,1,4,1004,54,1696,1000,1004,354,222,50,50,10,1
33,50,0,3.5459e-05,0,0.00839679,1.97773e-05,0.00845203,1,4,771,59,1856,767,771,372,253,50,50,10,1
34,50,0,3.5459e-05,0,0.00839679,1.97773e-05,0.00845203,1,4,956,56,1760,952,956,364,230,50,50,10,1
35,50,0,3.5459e-05,0,0.00839679,1.97773e-05,0.00845203,1,4,1049,58,1824,1045,1049,394,240,50,50,10,1
36,50,0,3.5459e-05,0,0.00839679,1.97773e-05,0.00845203,1,4,1087,61,1920,1083,1087,379,249,50,50,10,1
37,50,0,3.5459e-05,0,0.00839679,1.97773e-05,0.00845203,1,4,816,58,1824,812,816,396,266,50,50,10,1
38,50,0,3.5459e-05,0,0.00839679,1.97773e-05,0.00845203,1,4,918,57,1792,914,918,367,242,50,50,10,1
39,50,0,3.5459e-05,0,0.00839679,1.97773e-05,0.00845203,1,4,921,55,1728,917,921,334,208,50,50,10,1
40,50,0,3.5459e-05,0,0.00839679,1.97773e-05,0.00845203,1,4,1073,58,1824,1069,1073,421,274,50,50,10,1
41,50,0,3.5459e-05,0,0.00839679,1.97773e-05,0.00845203,0.8,4,868,60,1888,864,868,441,321,50,50,10,1
42,50,0,3.5459e-05,0,0.00839679,1.97773e-05,0.00845203,1,4,1014,57,1792,1010,1014,406,260,50,50,10,1
43,50,0,3.5459e-05,0,0.00839679,1.97773e-05,0.00845203,0.6,4,936,56,1760,932,936,408,255,50,50,10,1
44,50,0,3.5459e-05,0,0.00839679,1.97773e-05,0.00845203,1,4,904,62,1952,900,904,431,309,50,50,10,1
45,50,0,3.5459e-05,0,0.00839679,1.97773e-05,0.00845203,1,4,867,56,1760,863,867,393,256,50,50,10,1
46,50,0,3.5459e-05,0,0.00839679,1.97773e-05,0.00845203,1,4,1004,61,1920,1000,1004,452,324,50,50,10,1
47,50,0,3.5459e-05,0,0.00839679,1.97773e-05,0.00845203,0.6,4,1061,63,1984,1057,1061,443,282,50,50,10,1
48,50,0,3.5459e-05,0,0.00839679,1.97773e-05,0.00845203,1,4,805,59,1856,801,805,397,270,50,50,10,1
49,50,0,3.5459e-05,0,0.00839679,1.97773e-05,0.00845203,1,4,799,57,1792,795,799,387,233,50,50,10,1
50,50,0,3.5459e-05,0,0.00839679,1.97773e-05,0.00845203,1,4,969,57,1792,965,969,416,272,50,50,10,1
51,50,0,3.5459e-05,0,0.00839679,1.97773e-05,0.00845203,1,4,824,54,1696,820,824,347,215,50,50,10,1
52,50,0,3.5459e-05,0,0.00839679,1.97773e-05,0.00845203,1,4,1071,58,1824,1067,1071,450,304,50,50,10,1
53,50,0,3.5459e-05,0,0.00839679,1.97773e-05,0.00845203,0.9,4,1077,57,1792,1073,1077,436,302,50,50,10,1
54,50,0,3.5459e-05,0,0.00839679,1.97773e-05,0.00845203,0.9,4,704,60,1888,700,704,414,309,50,50,10,1
55,50,0,3.5459e-05,0,0.00839679,1.97773e-05,0.00845203,1,4,706,59,1856,702,706,435,305,50,50,10,1
56,50,0,3.5459e-05,0,0.00839679,1.97773e-05,0.00845203,0.8,4,1022,56,1760,1018,1022,413,283,50,50,10,1
57,50,0,3.5459e-05,0,0.00839679,1.97773e-05,0.00845203,1,4,936,55,1728,932,936,367,219,50,50,10,1
58,50,0,3.5459e-05,0,0.00839679,1.97773e-05,0.00845203,1,4,982,57,1792,978,982,404,255,50,50,10,1
59,50,0,3.5459e-05,0,0.00839679,1.97773e-05,0.00845203,1,4,655,57,1792,651,655,387,275,50,50,10,1
60,50,0,3.5459e-05,0,0.00839679,1.97773e-05,0.00845203,0.8,4,1136,59,1856,1132,1136,439,308,50,50,10,1
61,50,0,3.5459e-05,0,0.00839679,1.97773e-05,0.00845203,1,4,821,57,1792,817,821,385,258,50,50,10,1
62,50,0,3.5459e-05,0,0.00839679,1.97773e-05,0.00845203,1,4,679,59,1856,675,679,421,292,50,50,10,1
63,50,0,3.5459e-05,0,0.00839679,1.97773e-05,0.00845203,1,4,942,59,1856,938,942,417,291,50,50,10,1
64,50,0,3.5459e-05,0,0.00839679,1.97773e-05,0.00845203,1,4,648,54,1696,644,648,318,192,50,50,10,1
65,50,0,3.5459e-05,0,0.00839679,1.97773e-05,0.00845203,1,4,983,60,1888,979,983,455,331,50,50,10,1
66,50,0,3.5459e-05,0,0.00839679,1.97773e-05,0.00845203,1,4,673,55,1728,669,673,310,192,50,50,10,1
67,50,0,3.5459e-05,0,0.00839679,1.97773e-05,0.00845203,1,4,924,59,1856,920,924,403,274,50,50,10,1
68,50,0,3.5459e-05,0,0.00839679,1.97773e-05,0.00845203,0.9,4,826,55,1728,822,826,362,231,50,50,10,1
69,50,0,3.5459e-05,0,0.00839679,1.97773e-05,0.00845203,0.8,4,1170,67,2112,1166,1170,454,273,50,50,10,1
70,50,0,3.5459e-05,0,0.00839679,1.97773e-05,0.00845203,1,4,689,56,1760,685,689,356,229,50,50,10,1
71,50,0,3.5459e-05,0,0.00839679,1.97773e-05,0.00845203,1,4,770,56,1760,766,770,388,260,50,50,10,1
72,50,0,3.5459e-05,0,0.00839679,1.97773e-05,0.00845203,0.7,4,919,54,1696,915,919,343,205,50,50,10,1
73,50,0,3.5459e-05,0,0.00839679,1.97773e-05,0.00845203,1,4,1048,64,2016,1044,1048,388,257,50,50,10,1
74,50,0,3.5459e-05,0,0.00839679,1.97773e-05,0.00845203,0.5,4,1104,61,1920,1100,1104,427,278,50,50,10,1
75,50,0,3.5459e-05,0,0.00839679,1.97773e-05,0.00845203,0.7,4,972,61,1920,968,972,434,321,50,50,10,1
76,50,0,3.5459e-05,0,0.00839679,1.97773e-05,0.00845203,1,4,939,60,1888,935,939,439,299,50,50,10,1
77,50,0,3.5459e-05,0,0.00839679,1.97773e-05,0.00845203,0.7,4,939,57,1792,935,939,430,289,50,50,10,1
78,50,0,3.5459e-05,0,0.00839679,1.97773e-05,0.00845203,0.9,4,1159,62,1952,1155,1159,440,290,50,50,10,1
79,50,0,3.5459e-05,0,0.00839679,1.97773e-05,0.00845203,1,4,792,58,1824,788,792,433,287,50,50,10,1
80,50,0,3.5459e-05,0,0.00839679,1.97773e-05,0.00845203,1,4,1080,60,1888,1076,1080,466,322,50,50,10,1
81,50,0,3.5459e-05,0,0.00839679,1.97773e-05,0.00845203,0.8,4,1022,55,1728,1018,1022,365,226,50,50,10,1
82,50,0,3.5459e-05,0,0.00839679,1.97773e-05,0.00845203,0.9,4,1068,59,1856,1064,1068,408,266,50,50,10,1
83,50,0,3.5459e-05,0,0.00839679,1.97773e-05,0.00845203,1,4,905,55,1728,901,905,365,242,50,50,10,1
84,50,0,3.5459e-05,0,0.00839679,1.97773e-05,0.00845203,0.7,4,1091,57,1792,1087,1091,360,225,50,50,10,1
85,50,0,3.5459e-05,0,0.00839679,1.97773e-05,0.00845203,1,4,606,60,1888,602,606,392,269,50,50,10,1
86,50,0,3.5459e-05,0,0.00839679,1.97773e-05,0.00845203,1,4,714,59,1856,710,714,413,275,50,50,10,1
87,50,0,3.5459e-05,0,0.00839679,1.97773e-05,0.00845203,1,4,625,59,1856,621,625,404,294,50,50,10,1
88,50,0,3.5459e-05,0,0.00839679,1.97773e-05,0.00845203,1,4,682,57,1792,678,682,388,259,50,50,10,1
89,50,0,3.5459e-05,0,0.00839679,1.97773e-05,0.00845203,1,4,1005,60,1888,1001,1005,467,327,50,50,10,1
90,50,0,3.5459e-05,0,0.00839679,1.97773e-05,0.00845203,1,4,542,54,1696,538,542,318,221,50,50,10,1
91,50,0,3.5459e-05,0,0.00839679,1.97773e-05,0.00845203,0.9,4,934,64,2016,930,934,451,299,50,50,10,1
92,50,0,3.5459e-05,0,0.00839679,1.97773e-05,0.00845203,0.7,4,874,57,1792,870,874,361,230,50,50,10,1
93,50,0,3.5459e-05,0,0.00839679,1.97773e-05,0.00845203,0.9,4,812,54,1696,808,812,345,212,50,50,10,1
94,50,0,3.5459e-05,0,0.00839679,1.97773e-05,0.00845203,1,4,574,55,1728,570,574,329,214,50,50,10,1
95,50,0,3.5459e-05,0,0.00839679,1.97773e-05,0.00845203,1,4,1070,65,2048,1066,1070,453,311,50,50,10,1
96,50,0,3.5459e-05,0,0.00839679,1.97773e-05,0.00845203,0.6,4,1116,58,1824,1112,1116,434,281,50,50,10,1
97,50,0,3.5459e-05,0,0.00839679,1.97773e-05,0.00845203,0.8,4,759,56,1760,755,759,355,216,50,50,10,1
98,50,0,3.5459e-05,0,0.00839679,1.97773e-05,0.00845203,1,4,773,58,1824,769,773,422,300,50,50,10,1
99,50,0,3.5459e-05,0,0.00839679,1.97773e-05,0.00845203,1,4,806,54,1696,802,806,342,214,50,50,10,1
100,50,0,3.5459e-05,0,0.00839679,1.97773e-05,0.00845203,1,4,933,55,1728,929,933,372,245,50,50,10,1
101,50,0,3.5459e-05,0,0.00839679,1.97773e-05,0.00845203,1,4,817,58,1824,813,817,384,261,50,50,10,1
102,50,0,3.5459e-05,0,0.00839679,1.97773e-05,0.00845203,1,4,1037,61,1920,1033,1037,437,286,50,50,10,1
103,50,0,3.5459e-05,0,0.00839679,1.97773e-05,0.00845203,1,4,798,57,1792,794,798,376,261,50,50,10,1
104,50,0,3.5459e-05,0,0.00839679,1.97773e-05,0.00845203,1,4,920,55,1728,916,920,359,214,50,50,10,1
105,50,0,3.5459e-05,0,0.00839679,1.97773e-05,0.00845203,0.8,4,1002,59,1856,998,1002,439,290,50,50,10,1
106,50,0,3.5459e-05,0,0.00839679,1.97773e-05,0.00845203,0.9,4,794,54,1696,790,794,337,221,50,50,10,1
107,50,0,3.5459e-05,0,0.00839679,1.97773e-05,0.00845203,1,4,703,59,1856,699,703,432,283,50,50,10,1
108,50,0,3.5459e-05,0,0.00839679,1.97773e-05,0.00845203,0.9,4,499,59,1856,495,499,377,272,50,50,10,1
109,50,0,3.5459e-05,0,0.00839679,1.97773e-05,0.00845203,1,4,850,56,1760,846,850,386,277,50,50,10,1
110,50,0,3.5459e-05,0,0.00839679,1.97773e-05,0.00845203,1,4,849,56,1760,845,849,378,255,50,50,10,1
111,50,0,3.5459e-05,0,0.00839679,1.97773e-05,0.00845203,1,4,1146,61,1920,1142,1146,485,324,50,50,10,1
112,50,0,3.5459e-05,0,0.00839679,1.97773e-05,0.00845203,1,4,544,57,1792,540,544,345,241,50,50,10,1
113,50,0,3.5459e-05,0,0.00839679,1.97773e-05,0.00845203,1,4,1003,61,1920,999,1003,443,315,50,50,10,1
114,50,0,3.5459e-05,0,0.00839679,1.97773e-05,0.00845203,1,4,685,55,1728,681,685,362,221,50,50,10,1
115,50,0,3.5459e-05,0,0.00839679,1.97773e-05,0.00845203,0.6,4,1066,56,1760,1062,1066,389,261,50,50,10,1
116,50,0,3.5459e-05,0,0.00839679,1.97773e-05,0.00845203,1,4,590,56,1760,586,590,365,236,50,50,10,1
117,50,0,3.5459e-05,0,0.00839679,1.97773e-05,0.00845203,0.9,4,990,55,1728,986,990,366,228,50,50,10,1
118,50,0,3.5459e-05,0,0.00839679,1.97773e-05,0.00845203,1,4,912,56,1760,908,912,377,234,50,50,10,1
119,50,0,3.5459e-05,0,0.00839679,1.97773e-05,0.00845203,1,4,584,59,1856,580,584,380,289,50,50,10,1
120,50,0,3.5459e-05,0,0.00839679,1.97773e-05,0.00845203,0.7,4,1105,63,1984,1101,1105,468,339,50,50,10,1
121,50,0,3.5459e-05,0,0.00839679,1.97773e-05,0.00845203,0.8,4,981,57,1792,977,981,418,282,50,50,10,1
122,50,0,3.5459e-05,0,0.00839679,1.97773e-05,0.00845203,1,4,1000,57,1792,996,1000,418,277,50,50,10,1
123,50,0,3.5459e-05,0,0.00839679,1.97773e-05,0.00845203,1,4,773,58,1824,769,773,340,230,50,50,10,1
124,50,0,3.5459e-05,0,0.00839679,1.97773e-05,0.00845203,1,4,838,55,1728,834,838,353,230,50,50,10,1
125,50,0,3.5459e-05,0,0.00839679,1.97773e-05,0.00845203,1,4,850,55,1728,846,850,338,239,50,50,10,1
126,50,0,3.5459e-05,0,0.00839679,1.97773e-05,0.00845203,0.7,4,1260,60,1888,1256,1260,451,313,50,50,10,1
127,50,0,3.5459e-05,0,0.00839679,1.97773e-05,0.00845203,1,4,861,53,1664,857,861,317,188,50,50,10,1
128,50,0,3.5459e-05,0,0.00839679,1.97773e-05,0.00845203,0.9,4,972,55,1728,968,972,347,214,50,50,10,1
129,50,0,3.5459e-05,0,0.00839679,1.97773e-05,0.00845203,1,4,862,60,1888,858,862,439,311,50,50,10,1
130,50,0,3.5459e-05,0,0.00839679,1.97773e-05,0.00845203,0.8,4,1358,74,2336,1354,1358,457,293,50,50,10,1
131,50,0,3.5459e-05,0,0.00839679,1.97773e-05,0.00845203,1,4,850,58,1824,846,850,398,266,50,50,10,1
132,50,0,3.5459e-05,0,0.00839679,1.97773e-05,0.00845203,0.9,4,1099,58,1824,1095,1099,363,229,50,50,10,1
133,50,0,3.5459e-05,0,0.00839679,1.97773e-05,0.00845203,0.8,4,1302,76,2400,1298,1302,500,289,50,50,10,1
134,50,0,3.5459e-05,0,0.00839679,1.97773e-05,0.00845203,0.9,4,820,60,1888,816,820,459,340,50,50,10,1
135,50,0,3.5459e-05,0,0.00839679,1.97773e-05,0.00845203,0.7,4,1288,68,2144,1284,1288,486,312,50,50,10,1
136,50,0,3.5459e-05,0,0.00839679,1.97773e-05,0.00845203,1,4,1089,63,1984,1085,1089,427,263,50,50,10,1
137,50,0,3.5459e-05,0,0.00839679,1.97773e-05,0.00845203,1,4,932,58,1824,928,932,412,264,50,50,10,1
138,50,0,3.5459e-05,0,0.00839679,1.97773e-05,0.00845203,1,4,982,60,1888,978,982,449,318,50,50,10,1
139,50,0,3.5459e-05,0,0.00839679,1.97773e-05,0.00845203,0.7,4,896,54,1696,892,896,344,224,50,50,10,1
140,50,0,3.5459e-05,0,0.00839679,1.97773e-05,0.00845203,0.9,4,1282,67,2112,1278,1282,472,312,50,50,10,1
141,50,0,3.5459e-05,0,0.00839679,1.97773e-05,0.00845203,1,4,626,58,1824,622,626,339,209,50,50,10,1
142,50,0,3.5459e-05,0,0.00839679,1.97773e-05,0.00845203,0.8,4,944,56,1760,940,944,398,251,50,50,10,1
143,50,0,3.5459e-05,0,0.00839679,1.97773e-05,0.00845203,1,4,875,59,1856,871,875,439,307,50,50,10,1
144,50,0,3.5459e-05,0,0.00839679,1.97773e-05,0.00845203,0.9,4,851,56,1760,847,851,340,195,50,50,10,1
145,50,0,3.5459e-05,0,0.00839679,1.97773e-05,0.00845203,1,4,919,58,1824,915,919,406,276,50,50,10,1
146,50,0,3.5459e-05,0,0.00839679,1.97773e-05,0.00845203,0.9,4,1053,62,1952,1049,1053,444,313,50,50,10,1
147,50,0,3.5459e-05,0,0.00839679,1.97773e-05,0.00845203,1,4,863,56,1760,859,863,357,216,50,50,10,1
148,50,0,3.5459e-05,0,0.00839679,1.97773e-05,0.00845203,1,4,890,58,1824,886,890,392,265,50,50,10,1
149,50,0,3.5459e-05,0,0.00839679,1.97773e-05,0.00845203,1,4,990,62,1952,986,990,433,316,50,50,10,1
150,50,0,3.5459e-05,0,0.00839679,1.97773e-05,0.00845203,0.7,4,1127,58,1824,1123,1127,434,287,50,50,10,1
151,50,0,3.5459e-05,0,0.00839679,1.97773e-05,0.00845203,1,4,589,58,1824,585,589,402,300,50,50,10,1
152,50,0,3.5459e-05,0,0.00839679,1.97773e-05,0.00845203,1,4,764,57,1792,760,764,395,266,50,50,10,1
153,50,0,3.5459e-05,0,0.00839679,1.97773e-05,0.00845203,1,4,936,57,1792,932,936,382,264,50,50,10,1
154,50,0,3.5459e-05,0,0.00839679,1.97773e-05,0.00845203,0.8,4,1101,65,2048,1097,1101,428,292,50,50,10,1
155,50,0,3.5459e-05,0,0.00839679,1.97773e-05,0.00845203,0.8,4,1540,79,2496,1536,1540,543,335,50,50,10,1
156,50,0,3.5459e-05,0,0.00839679,1.97773e-05,0.00845203,0.8,4,941,58,1824,937,941,359,219,50,50,10,1
157,50,0,3.5459e-05,0,0.00839679,1.97773e-05,0.00845203,0.5,4,1212,65,2048,1208,1212,397,252,50,50,10,1
158,50,0,3.5459e-05,0,0.00839679,1.97773e-05,0.00845203,0.8,4,1111,54,1696,1107,1111,385,240,50,50,10,1
159,50,0,3.5459e-05,0,0.00839679,1.97773e-05,0.00845203,0.8,4,913,54,1696,909,913,338,225,50,50,10,1
160,50,0,3.5459e-05,0,0.00839679,1.97773e-05,0.00845203,0.7,4,1126,61,1920,1122,1126,406,267,50,50,10,1
161,50,0,3.5459e-05,0,0.00839679,1.97773e-05,0.00845203,0.9,4,948,53,1664,944,948,321,200,50,50,10,1
162,50,0,3.5459e-05,0,0.00839679,1.97773e-05,0.00845203,0.8,4,1226,62,1952,1222,1226,375,226,50,50,10,1
163,50,0,3.5459e-05,0,0.00839679,1.97773e-05,0.00845203,0.8,4,1021,53,1664,1017,1021,350,218,50,50,10,1
164,50,0,3.5459e-05,0,0.00839679,1.97773e-05,0.00845203,1,4,921,54,1696,917,921,360,230,50,50,10,1
165,50,0,3.5459e-05,0,0.00839679,1.97773e-05,0.00845203,1,4,821,54,1696,817,821,327,203,50,50,10,1
166,50,0,3.5459e-05,0,0.00839679,1.97773e-05,0.00845203,0.7,4,1081,63,1984,1077,1081,447,293,50,50,10,1
167,50,0,3.5459e-05,0,0.00839679,1.97773e-05,0.00845203,1,4,997,55,1728,993,997,360,226,50,50,10,1
168,50,0,3.5459e-05,0,0.00839679,1.97773e-05,0.00845203,1,4,899,54,1696,895,899,341,206,50,50,10,1
169,50,0,3.5459e-05,0,0.00839679,1.97773e-05,0.00845203,1,4,963,57,1792,959,963,363,233,50,50,10,1
170,50,0,3.5459e-05,0,0.00839679,1.97773e-05,0.00845203,0.9,4,925,55,1728,921,925,380,245,50,50,10,1
171,50,0,3.5459e-05,0,0.00839679,1.97773e-05,0.00845203,0.5,4,1085,59,1856,1081,1085,402,264,50,50,10,1
172,50,0,3.5459e-05,0,0.00839679,1.97773e-05,0.00845203,0.8,4,1265,62,1952,1261,1265,444,296,50,50,10,1
173,50,0,3.5459e-05,0,0.00839679,1.97773e-05,0.00845203,0.8,4,921,54,1696,917,921,330,199,50,50,10,1
174,50,0,3.5459e-05,0,0.00839679,1.97773e-05,0.00845203,0.8,4,889,58,1824,885,889,427,285,50,50,10,1
175,50,0,3.5459e-05,0,0.00839679,1.97773e-05,0.00845203,1,4,857,60,1888,853,857,384,239,50,50,10,1
176,50,0,3.5459e-05,0,0.00839679,1.97773e-05,0.00845203,1,4,856,57,1792,852,856,330,212,50,50,10,1
177,50,0,3.5459e-05,0,0.00839679,1.97773e-05,0.00845203,0.8,4,998,55,1728,994,998,365,222,50,50,10,1
178,50,0,3.5459e-05,0,0.00839679,1.97773e-05,0.00845203,0.3,4,1263,64,2016,1259,1263,456,306,50,50,10,1
179,50,0,3.5459e-05,0,0.00839679,1.97773e-05,0.00845203,0.7,4,1073,55,1728,1069,1073,373,257,50,50,10,1
180,50,0,3.5459e-05,0,0.00839679,1.97773e-05,0.00845203,0.9,4,985,61,1920,981,985,428,284,50,50,10,1
181,50,0,3.5459e-05,0,0.00839679,1.97773e-05,0.00845203,0.8,4,1000,54,1696,996,1000,382,260,50,50,10,1
182,50,0,3.5459e-05,0,0.00839679,1.97773e-05,0.00845203,1,4,906,59,1856,902,906,415,281,50,50,10,1
183,50,0,3.5459e-05,0,0.00839679,1.97773e-05,0.00845203,0.9,4,999,55,1728,995,999,361,241,50,50,10,1
184,50,0,3.5459e-05,0,0.00839679,1.97773e-05,0.00845203,0.9,4,949,56,1760,945,949,361,231,50,50,10,1
185,50,0,3.5459e-05,0,0.00839679,1.97773e-05,0.00845203,1,4,532,55,1728,528,532,319,198,50,50,10,1
186,50,0,3.5459e-05,0,0.00839679,1.97773e-05,0.00845203,0.9,4,912,58,1824,908,912,411,280,50,50,10,1
187,50,0,3.5459e-05,0,0.00839679,1.97773e-05,0.00845203,1,4,877,53,1664,873,877,307,183,50,50,10,1
188,50,0,3.5459e-05,0,0.00839679,1.97773e-05,0.00845203,0.9,4,987,56,1760,983,987,412,283,50,50,10,1
189,50,0,3.5459e-05,0,0.00839679,1.97773e-05,0.00845203,1,4,935,61,1920,931,935,481,327,50,50,10,1
190,50,0,3.5459e-05,0,0.00839679,1.97773e-05,0.00845203,1,4,975,67,2112,971,975,479,342,50,50,10,1
191,50,0,3.5459e-05,0,0.00839679,1.97773e-05,0.00845203,1,4,958,54,1696,954,958,355,226,50,50,10,1
192,50,0,3.5459e-05,0,0.00839679,1.97773e-05,0.00845203,0.8,4,1320,63,1984,1316,1320,411,250,50,50,10,1
193,50,0,3.5459e-05,0,0.00839679,1.97773e-05,0.00845203,1,4,1014,61,1920,1010,1014,456,320,50,50,10,1
194,50,0,3.5459e-05,0,0.00839679,1.97773e-05,0.00845203,1,4,1070,58,1824,1066,1070,400,259,50,50,10,1
195,50,0,3.5459e-05,0,0.00839679,1.97773e-05,0.00845203,1,4,951,54,1696,947,951,369,220,50,50,10,1
196,50,0,3.5459e-05,0,0.00839679,1.97773e-05,0.00845203,0.6,4,1155,64,2016,1151,1155,446,292,50,50,10,1
197,50,0,3.5459e-05,0,0.00839679,1.97773e-05,0.00845203,1,4,1032,56,1760,1028,1032,381,247,50,50,10,1
198,50,0,3.5459e-05,0,0.00839679,1.97773e-05,0.00845203,1,4,670,58,1824,666,670,391,266,50,50,10,1
199,50,0,3.5459e-05,0,0.00839679,1.97773e-05,0.00845203,0.4,4,1255,62,1952,1251,1255,411,254,50,50,10,1
200,50,0,3.5459e-05,0,0.00839679,1.97773e-05,0.00845203,1,4,1028,55,1728,1024,1028,365,230,50,50,10,1
201,50,0,3.5459e-05,0,0.00839679,1.97773e-05,0.00845203,0.8,4,1001,57,1792,997,1001,395,281,50,50,10,1
202,50,0,3.5459e-05,0,0.00839679,1.97773e-05,0.00845203,1,4,1236,62,1952,1232,1236,490,338,50,50,10,1
203,50,0,3.5459e-05,0,0.00839679,1.97773e-05,0.00845203,1,4,854,55,1728,850,854,370,250,50,50,10,1
204,50,0,3.5459e-05,0,0.00839679,1.97773e-05,0.00845203,1,4,892,55,1728,888,892,367,235,50,50,10,1
205,50,0,3.5459e-05,0,0.00839679,1.97773e-05,0.00845203,1,4,982,59,1856,978,982,456,321,50,50,10,1
206,50,0,3.5459e-05,0,0.00839679,1.97773e-05,0.00845203,1,4,899,59,1856,895,899,395,259,50,50,10,1
207,50,0,3.5459e-05,0,0.00839679,1.97773e-05,0.00845203,0.9,4,975,59,1856,971,975,407,274,50,50,10,1
208,50,0,3.5459e-05,0,0.00839679,1.97773e-05,0.00845203,1,4,887,58,1824,883,887,377,252,50,50,10,1
209,50,0,3.5459e-05,0,0.00839679,1.97773e-05,0.00845203,1,4,809,54,1696,805,809,360,226,50,50,10,1
210,50,0,3.5459e-05,0,0.00839679,1.97773e-05,0.00845203,0.6,4,1296,71,2240,1292,1296,456,286,50,50,10,1
211,50,0,3.5459e-05,0,0.00839679,1.97773e-05,0.00845203,1,4,839,57,1792,835,839,405,285,50,50,10,1
212,50,0,3.5459e-05,0,0.00839679,1.97773e-05,0.00845203,1,4,776,56,1760,772,776,354,225,50,50,10,1
213,50,0,3.5459e-05,0,0.00839679,1.97773e-05,0.00845203,0.8,4,1157,62,1952,1153,1157,433,298,50,50,10,1
214,50,0,3.5459e-05,0,0.00839679,1.97773e-05,0.00845203,0.6,4,1186,62,1952,1182,1186,469,344,50,50,10,1
215,50,0,3.5459e-05,0,0.00839679,1.97773e-05,0.00845203,1,4,906,55,1728,902,906,347,222,50,50,10,1
216,50,0,3.5459e-05,0,0.00839679,1.97773e-05,0.00845203,0.6,4,943,57,1792,939,943,359,227,50,50,10,1
217,50,0,3.5459e-05,0,0.00839679,1.97773e-05,0.00845203,0.8,4,1057,56,1760,1053,1057,413,273,50,50,10,1
218,50,0,3.5459e-05,0,0.00839679,1.97773e-05,0.00845203,0.7,4,1020,55,1728,1016,1020,348,218,50,50,10,1
219,50,0,3.5459e-05,0,0.00839679,1.97773e-05,0.00845203,1,4,904,58,1824,900,904,420,290,50,50,10,1
220,50,0,3.5459e-05,0,0.00839679,1.97773e-05,0.00845203,1,4,1400,73,2304,1396,1400,556,393,50,50,10,1
221,50,0,3.5459e-05,0,0.00839679,1.97773e-05,0.00845203,1,4,1121,59,1856,1117,1121,436,284,50,50,10,1
222,50,0,3.5459e-05,0,0.00839679,1.97773e-05,0.00845203,0.3,4,1003,54,1696,999,1003,392,259,50,50,10,1
223,50,0,3.5459e-05,0,0.00839679,1.97773e-05,0.00845203,0.6,4,1375,72,2272,1371,1375,466,301,50,50,10,1
224,50,0,3.5459e-05,0,0.00839679,1.97773e-05,0.00845203,1,4,1096,59,1856,1092,1096,407,292,50,50,10,1
225,50,0,3.5459e-05,0,0.00839679,1.97773e-05,0.00845203,0.3,4,1127,55,1728,1123,1127,366,210,50,50,10,1
226,50,0,3.5459e-05,0,0.00839679,1.97773e-05,0.00845203,0.5,4,1083,62,1952,1079,1083,405,264,50,50,10,1
227,50,0,3.5459e-05,0,0.00839679,1.97773e-05,0.00845203,0.5,4,1012,59,1856,1008,1012,411,264,50,50,10,1
228,50,0,3.5459e-05,0,0.00839679,1.97773e-05,0.00845203,0.9,4,1041,58,1824,1037,1041,418,288,50,50,10,1
229,50,0,3.5459e-05,0,0.00839679,1.97773e-05,0.00845203,0.8,4,1066,62,1952,1062,1066,429,298,50,50,10,1
230,50,0,3.5459e-05,0,0.00839679,1.97773e-05,0.00845203,1,4,783,55,1728,779,783,316,191,50,50,10,1
231,50,0,3.5459e-05,0,0.00839679,1.97773e-05,0.00845203,1,4,887,58,1824,883,887,398,276,50,50,10,1
232,50,0,3.5459e-05,0,0.00839679,1.97773e-05,0.00845203,1,4,780,58,1824,776,780,408,290,50,50,10,1
233,50,0,3.5459e-05,0,0.00839679,1.97773e-05,0.00845203,0.8,4,1043,57,1792,1039,1043,392,259,50,50,10,1
234,50,0,3.5459e-05,0,0.00839679,1.97773e-05,0.00845203,0.9,4,1024,59,1856,1020,1024,435,295,50,50,10,1
235,50,0,3.5459e-05,0,0.00839679,1.97773e-05,0.00845203,0.8,4,813,59,1856,809,813,383,263,50,50,10,1
236,50,0,3.5459e-05,0,0.00839679,1.97773e-05,0.00845203,1,4,802,55,1728,798,802,348,218,50,50,10,1
237,50,0,3.5459e-05,0,0.00839679,1.97773e-05,0.00845203,1,4,1011,64,2016,1007,1011,485,344,50,50,10,1
238,50,0,3.5459e-05,0,0.00839679,1.97773e-05,0.00845203,0.9,4,1074,60,1888,1070,1074,395,272,50,50,10,1
239,50,0,3.5459e-05,0,0.00839679,1.97773e-05,0.00845203,0.9,4,993,56,1760,989,993,399,262,50,50,10,1
240,50,0,3.5459e-05,0,0.00839679,1.97773e-05,0.00845203,1,4,993,58,1824,989,993,458,332,50,50,10,1
241,50,0,3.5459e-05,0,0.00839679,1.97773e-05,0.00845203,0.5,4,1021,60,1888,1017,1021,400,270,50,50,10,1
242,50,0,3.5459e-05,0,0.00839679,1.97773e-05,0.00845203,0.8,4,1143,61,1920,1139,1143,364,229,50,50,10,1
243,50,0,3.5459e-05,0,0.00839679,1.97773e-05,0.00845203,0.7,4,994,57,1792,990,994,398,264,50,50,10,1
244,50,0,3.5459e-05,0,0.00839679,1.97773e-05,0.00845203,0.8,4,941,61,1920,937,941,406,261,50,50,10,1
245,50,0,3.5459e-05,0,0.00839679,1.97773e-05,0.00845203,1,4,1022,59,1856,1018,1022,415,292,50,50,10,1
246,50,0,3.5459e-05,0,0.00839679,1.97773e-05,0.00845203,0.7,4,1192,61,1920,1188,1192,412,242,50,50,10,1
247,50,0,3.5459e-05,0,0.00839679,1.97773e-05,0.00845203,1,4,997,60,1888,993,997,435,320,50,50,10,1
248,50,0,3.5459e-05,0,0.00839679,1.97773e-05,0.00845203,0.7,4,1058,57,1792,1054,1058,411,261,50,50,10,1
249,50,0,3.5459e-05,0,0.00839679,1.97773e-05,0.00845203,0.9,4,1179,61,1920,1175,1179,444,315,50,50,10,1
250,50,0,3.5459e-05,0,0.00839679,1.97773e-05,0.00845203,0,4,979,56,1760,975,979,335,199,50,50,10,1
251,50,0,3.5459e-05,0,0.00839679,1.97773e-05,0.00845203,0.9,4,1460,74,2336,1456,1460,525,333,50,50,10,1
252,50,0,3.5459e-05,0,0.00839679,1.97773e-05,0.00845203,0.4,4,953,53,1664,949,953,353,216,50,50,10,1
253,50,0,3.5459e-05,0,0.00839679,1.97773e-05,0.00845203,1,4,818,57,1792,814,818,388,252,50,50,10,1
254,50,0,3.5459e-05,0,0.00839679,1.97773e-05,0.00845203,0.7,4,1131,62,1952,1127,1131,426,278,50,50,10,1
255,50,0,3.5459e-05,0,0.00839679,1.97773e-05,0.00845203,0.8,4,1081,55,1728,1077,1081,391,248,50,50,10,1
256,50,0,3.5459e-05,0,0.00839679,1.97773e-05,0.00845203,0.8,4,1129,63,1984,1125,1129,449,303,50,50,10,1
257,50,0,3.5459e-05,0,0.00839679,1.97773e-05,0.00845203,0.8,4,1033,58,1824,1029,1033,369,246,50,50,10,1
258,50,0,3.5459e-05,0,0.00839679,1.97773e-05,0.00845203,0.9,4,1043,60,1888,1039,1043,416,274,50,50,10,1
259,50,0,3.5459e-05,0,0.00839679,1.97773e-05,0.00845203,0.5,4,1428,73,2304,1424,1428,447,289,50,50,10,1
260,50,0,3.5459e-05,0,0.00839679,1.97773e-05,0.00845203,0.7,4,1160,62,1952,1156,1160,469,331,50,50,10,1
261,50,0,3.5459e-05,0,0.00839679,1.97773e-05,0.00845203,0.7,4,907,55,1728,903,907,362,229,50,50,10,1
262,50,0,3.5459e-05,0,0.00839679,1.97773e-05,0.00845203,0.7,4,1083,54,1696,1079,1083,354,216,50,50,10,1
263,50,0,3.5459e-05,0,0.00839679,1.97773e-05,0.00845203,1,4,621,55,1728,617,621,317,171,50,50,10,1
264,50,0,3.5459e-05,0,0.00839679,1.97773e-05,0.00845203,1,4,982,59,1856,978,982,408,271,50,50,10,1
265,50,0,3.5459e-05,0,0.00839679,1.97773e-05,0.00845203,1,4,710,58,1824,706,710,391,288,50,50,10,1
266,50,0,3.5459e-05,0,0.00839679,1.97773e-05,0.00845203,1,4,812,56,1760,808,812,382,238,50,50,10,1
267,50,0,3.5459e-05,0,0.00839679,1.97773e-05,0.00845203,0.9,4,920,57,1792,916,920,401,272,50,50,10,1
268,50,0,3.5459e-05,0,0.00839679,1.97773e-05,0.00845203,0.7,4,1025,54,1696,1021,1025,327,200,50,50,10,1
269,50,0,3.5459e-05,0,0.00839679,1.97773e-05,0.00845203,1,4,793,57,1792,789,793,367,261,50,50,10,1
270,50,0,3.5459e-05,0,0.00839679,1.97773e-05,0.00845203,0.8,4,1001,55,1728,997,1001,357,214,50,50,10,1
271,50,0,3.5459e-05,0,0.00839679,1.97773e-05,0.00845203,1,4,903,55,1728,899,903,355,244,50,50,10,1
272,50,0,3.5459e-05,0,0.00839679,1.97773e-05,0.00845203,0.8,4,954,55,1728,950,954,359,208,50,50,10,1
273,50,0,3.5459e-05,0,0.00839679,1.97773e-05,0.00845203,0.9,4,940,59,1856,936,940,366,239,50,50,10,1
274,50,0,3.5459e-05,0,0.00839679,1.97773e-05,0.00845203,0.3,4,1131,60,1888,1127,1131,408,271,50,50,10,1
275,50,0,3.5459e-05,0,0.00839679,1.97773e-05,0.00845203,0.9,4,839,58,1824,835,839,426,295,50,50,10,1
276,50,0,3.5459e-05,0,0.00839679,1.97773e-05,0.00845203,0.5,4,942,59,1856,938,942,396,280,50,50,10,1
277,50,0,3.5459e-05,0,0.00839679,1.97773e-05,0.00845203,0.9,4,1182,68,2144,1178,1182,418,269,50,50,10,1
278,50,0,3.5459e-05,0,0.00839679,1.97773e-05,0.00845203,0.9,4,1021,55,1728,1017,1021,378,240,50,50,10,1
279,50,0,3.5459e-05,0,0.00839679,1.97773e-05,0.00845203,0.9,4,962,56,1760,958,962,413,290,50,50,10,1
280,50,0,3.5459e-05,0,0.00839679,1.97773e-05,0.00845203,0.9,4,941,56,1760,937,941,393,258,50,50,10,1
281,50,0,3.5459e-05,0,0.00839679,1.97773e-05,0.00845203,1,4,992,60,1888,988,992,400,263,50,50,10,1
282,50,0,3.5459e-05,0,0.00839679,1.97773e-05,0.00845203,1,4,1047,57,1792,1043,1047,382,244,50,50,10,1
283,50,0,3.5459e-05,0,0.00839679,1.97773e-05,0.00845203,0.9,4,1103,59,1856,1099,1103,443,314,50,50,10,1
284,50,0,3.5459e-05,0,0.00839679,1.97773e-05,0.00845203,0.8,4,1109,63,1984,1105,1109,451,318,50,50,10,1
285,50,0,3.5459e-05,0,0.00839679,1.97773e-05,0.00845203,0.6,4,1153,59,1856,1149,1153,421,279,50,50,10,1
286,50,0,3.5459e-05,0,0.00839679,1.97773e-05,0.00845203,0.9,4,968,56,1760,964,968,373,239,50,50,10,1
287,50,0,3.5459e-05,0,0.00839679,1.97773e-05,0.00845203,1,4,1064,60,1888,1060,1064,463,327,50,50,10,1
288,50,0,3.5459e-05,0,0.00839679,1.97773e-05,0.00845203,0.9,4,697,58,1824,693,697,404,278,50,50,10,1
289,50,0,3.5459e-05,0,0.00839679,1.97773e-05,0.00845203,0.3,4,1064,58,1824,1060,1064,379,258,50,50,10,1
290,50,0,3.5459e-05,0,0.00839679,1.97773e-05,0.00845203,1,4,920,57,1792,916,920,387,243,50,50,10,1
291,50,0,3.5459e-05,0,0.00839679,1.97773e-05,0.00845203,0.8,4,939,55,1728,935,939,356,231,50,50,10,1
292,50,0,3.5459e-05,0,0.00839679,1.97773e-05,0.00845203,1,4,950,56,1760,946,950,390,249,50,50,10,1
293,50,0,3.5459e-05,0,0.00839679,1.97773e-05,0.00845203,0.8,4,1066,56,1760,1062,1066,371,223,50,50,10,1
294,50,0,3.5459e-05,0,0.00839679,1.97773e-05,0.00845203,1,4,956,55,1728,952,956,344,213,50,50,10,1
295,50,0,3.5459e-05,0,0.00839679,1.97773e-05,0.00845203,0.9,4,1233,60,1888,1229,1233,460,326,50,50,10,1
296,50,0,3.5459e-05,0,0.00839679,1.97773e-05,0.00845203,0.9,4,1102,57,1792,1098,1102,385,246,50,50,10,1
297,50,0,3.5459e-05,0,0.00839679,1.97773e-05,0.00845203,0.9,4,1082,61,1920,1078,1082,402,260,50,50,10,1
298,50,0,3.5459e-05,0,0.00839679,1.97773e-05,0.00845203,0.8,4,1312,70,2208,1308,1312,460,285,50,50,10,1
299,50,0,3.5459e-05,0,0.00839679,1.97773e-05,0.00845203,0.9,4,995,54,1696,991,995,351,230,50,50,10,1
300,50,0,3.5459e-05,0,0.00839679,1.97773e-05,0.00845203,0.6,4,1266,69,2176,1262,1266,420,259,50,50,10,1
301,50,0,3.5459e-05,0,0.00839679,1.97773e-05,0.00845203,0.9,4,825,58,1824,821,825,411,283,50,50,10,1
302,50,0,3.5459e-05,0,0.00839679,1.97773e-05,0.00845203,1,4,1003,58,1824,999,1003,378,230,50,50,10,1
303,50,0,3.5459e-05,0,0.00839679,1.97773e-05,0.00845203,1,4,954,57,1792,950,954,407,288,50,50,10,1
304,50,0,3.5459e-05,0,0.00839679,1.97773e-05,0.00845203,0.7,4,1412,68,2144,1408,1412,468,302,50,50,10,1
305,50,0,3.5459e-05,0,0.00839679,1.97773e-05,0.00845203,0.5,4,888,54,1696,884,888,337,212,50,50,10,1
306,50,0,3.5459e-05,0,0.00839679,1.97773e-05,0.00845203,0.6,4,959,55,1728,955,959,374,221,50,50,10,1
307,50,0,3.5459e-05,0,0.00839679,1.97773e-05,0.00845203,0.5,4,1200,61,1920,1196,1200,424,263,50,50,10,1
308,50,0,3.5459e-05,0,0.00839679,1.97773e-05,0.00845203,0.7,4,988,58,1824,984,988,414,262,50,50,10,1
309,50,0,3.5459e-05,0,0.00839679,1.97773e-05,0.00845203,0.9,4,991,54,1696,987,991,321,202,50,50,10,1
310,50,0,3.5459e-05,0,0.00839679,1.97773e-05,0.00845203,0.1,4,1146,69,2176,1142,1146,424,243,50,50,10,1
311,50,0,3.5459e-05,0,0.00839679,1.97773e-05,0.00845203,0.5,4,1146,62,1952,1142,1146,399,260,50,50,10,1
312,50,0,3.5459e-05,0,0.00839679,1.97773e-05,0.00845203,1,4,1140,59,1856,1136,1140,390,244,50,50,10,1
313,50,0,3.5459e-05,0,0.00839679,1.97773e-05,0.00845203,0.6,4,1039,55,1728,1035,1039,318,197,50,50,10,1
314,50,0,3.5459e-05,0,0.00839679,1.97773e-05,0.00845203,1,4,927,57,1792,923,927,382,244,50,50,10,1
315,50,0,3.5459e-05,0,0.00839679,1.97773e-05,0.00845203,1,4,1106,62,1952,1102,1106,453,290,50,50,10,1
316,50,0,3.5459e-05,0,0.00839679,1.97773e-05,0.00845203,1,4,1129,61,1920,1125,1129,446,291,50,50,10,1
317,50,0,3.5459e-05,0,0.00839679,1.97773e-05,0.00845203,0.9,4,1372,76,2400,1368,1372,505,309,50,50,10,1
318,50,0,3.5459e-05,0,0.00839679,1.97773e-05,0.00845203,0.8,4,985,57,1792,981,985,369,232,50,50,10,1
319,50,0,3.5459e-05,0,0.00839679,1.97773e-05,0.00845203,0.6,4,946,53,1664,942,946,321,197,50,50,10,1
320,50,0,3.5459e-05,0,0.00839679,1.97773e-05,0.00845203,0.5,4,1318,72,2272,1314,1318,466,308,50,50,10,1
321,50,0,3.5459e-05,0,0.00839679,1.97773e-05,0.00845203,0.9,4,1124,57,1792,1120,1124,402,246,50,50,10,1
322,50,0,3.5459e-05,0,0.00839679,1.97773e-05,0.00845203,0.8,4,1088,60,1888,1084,1088,448,301,50,50,10,1
323,50,0,3.5459e-05,0,0.00839679,1.97773e-05,0.00845203,0.9,4,1153,63,1984,1149,1153,397,260,50,50,10,1
324,50,0,3.5459e-05,0,0.00839679,1.97773e-05,0.00845203,0.9,4,1077,55,1728,1073,1077,366,243,50,50,10,1
325,50,0,3.5459e-05,0,0.00839679,1.97773e-05,0.00845203,0.8,4,1353,65,2048,1349,1353,394,241,50,50,10,1
326,50,0,3.5459e-05,0,0.00839679,1.97773e-05,0.00845203,0.7,4,1263,75,2368,1259,1263,490,320,50,50,10,1
327,50,0,3.5459e-05,0,0.00839679,1.97773e-05,0.00845203,1,4,858,57,1792,854,858,366,236,50,50,10,1
328,50,0,3.5459e-05,0,0.00839679,1.97773e-05,0.00845203,1,4,979,58,1824,975,979,411,264,50,50,10,1
329,50,0,3.5459e-05,0,0.00839679,1.97773e-05,0.00845203,0.8,4,993,57,1792,989,993,436,316,50,50,10,1
330,50,0,3.5459e-05,0,0.00839679,1.97773e-05,0.00845203,1,4,933,55,1728,929,933,368,247,50,50,10,1
331,50,0,3.5459e-05,0,0.00839679,1.97773e-05,0.00845203,0.8,4,997,55,1728,993,997,385,244,50,50,10,1
332,50,0,3.5459e-05,0,0.00839679,1.97773e-05,0.00845203,0.9,4,1028,54,1696,1024,1028,340,203,50,50,10,1
333,50,0,3.5459e-05,0,0.00839679,1.97773e-05,0.00845203,0.7,4,971,56,1760,967,971,389,249,50,50,10,1
334,50,0,3.5459e-05,0,0.00839679,1.97773e-05,0.00845203,1,4,1011,55,1728,1007,1011,370,251,50,50,10,1
335,50,0,3.5459e-05,0,0.00839679,1.97773e-05,0.00845203,1,4,1040,56,1760,1036,1040,378,264,50,50,10,1
336,50,0,3.5459e-05,0,0.00839679,1.97773e-05,0.00845203,0.9,4,1033,59,1856,1029,1033,395,260,50,50,10,1
337,50,0,3.5459e-05,0,0.00839679,1.97773e-05,0.00845203,0.9,4,900,56,1760,896,900,342,227,50,50,10,1
338,50,0,3.5459e-05,0,0.00839679,1.97773e-05,0.00845203,0.7,4,1055,55,1728,1051,1055,402,263,50,50,10,1
339,50,0,3.5459e-05,0,0.00839679,1.97773e-05,0.00845203,1,4,960,57,1792,956,960,413,283,50,50,10,1
340,50,0,3.5459e-05,0,0.00839679,1.97773e-05,0.00845203,1,4,1005,57,1792,1001,1005,392,255,50,50,10,1
341,50,0,3.5459e-05,0,0.00839679,1.97773e-05,0.00845203,1,4,1063,58,1824,1059,1063,379,227,50,50,10,1
342,50,0,3.5459e-05,0,0.00839679,1.97773e-05,0.00845203,0.9,4,977,54,1696,973,977,336,195,50,50,10,1
343,50,0,3.5459e-05,0,0.00839679,1.97773e-05,0.00845203,1,4,1044,61,1920,1040,1044,414,247,50,50,10,1
344,50,0,3.5459e-05,0,0.00839679,1.97773e-05,0.00845203,1,4,1166,61,1920,1162,1166,480,319,50,50,10,1
345,50,0,3.5459e-05,0,0.00839679,1.97773e-05,0.00845203,0.6,4,1037,57,1792,1033,1037,367,248,50,50,10,1
346,50,0,3.5459e-05,0,0.00839679,1.97773e-05,0.00845203,1,4,939,60,1888,935,939,461,328,50,50,10,1
347,50,0,3.5459e-05,0,0.00839679,1.97773e-05,0.00845203,1,4,961,58,1824,957,961,406,269,50,50,10,1
348,50,0,3.5459e-05,0,0.00839679,1.97773e-05,0.00845203,0.7,4,1099,55,1728,1095,1099,361,231,50,50,10,1
349,50,0,3.5459e-05,0,0.00839679,1.97773e-05,0.00845203,0.9,4,1002,54,1696,998,1002,389,259,50,50,10,1
350,50,0,3.5459e-05,0,0.00839679,1.97773e-05,0.00845203,0.9,4,1008,57,1792,1004,1008,374,242,50,50,10,1
351,50,0,3.5459e-05,0,0.00839679,1.97773e-05,0.00845203,0.9,4,1050,61,1920,1046,1050,342,189,50,50,10,1
352,50,0,3.5459e-05,0,0.00839679,1.97773e-05,0.00845203,0.7,4,868,54,1696,864,868,335,229,50,50,10,1
353,50,0,3.5459e-05,0,0.00839679,1.97773e-05,0.00845203,0.9,4,972,56,1760,968,972,377,244,50,50,10,1
354,50,0,3.5459e-05,0,0.00839679,1.97773e-05,0.00845203,0.9,4,1053,61,1920,1049,1053,425,309,50,50,10,1
355,50,0,3.5459e-05,0,0.00839679,1.97773e-05,0.00845203,0.9,4,980,56,1760,976,980,393,271,50,50,10,1
356,50,0,3.5459e-05,0,0.00839679,1.97773e-05,0.00845203,1,4,1000,57,1792,996,1000,424,289,50,50,10,1
357,50,0,3.5459e-05,0,0.00839679,1.97773e-05,0.00845203,1,4,883,53,1664,879,883,331,193,50,50,10,1
358,50,0,3.5459e-05,0,0.00839679,1.97773e-05,0.00845203,1,4,976,59,1856,972,976,389,259,50,50,10,1
359,50,0,3.5459e-05,0,0.00839679,1.97773e-05,0.00845203,0.9,4,1091,56,1760,1087,1091,412,286,50,50,10,1
360,50,0,3.5459e-05,0,0.00839679,1.97773e-05,0.00845203,0.9,4,881,56,1760,877,881,392,268,50,50,10,1
361,50,0,3.5459e-05,0,0.00839679,1.97773e-05,0.00845203,0.8,4,1290,63,1984,1286,1290,433,287,50,50,10,1
362,50,0,3.5459e-05,0,0.00839679,1.97773e-05,0.00845203,0.8,4,1019,56,1760,1015,1019,372,256,50,50,10,1
363,50,0,3.5459e-05,0,0.00839679,1.97773e-05,0.00845203,1,4,999,60,1888,995,999,458,321,50,50,10,1
364,50,0,3.5459e-05,0,0.00839679,1.97773e-05,0.00845203,0.8,4,975,57,1792,971,975,375,238,50,50,10,1
365,50,0,3.5459e-05,0,0.00839679,1.97773e-05,0.00845203,1,4,1000,60,1888,996,1000,451,309,50,50,10,1
366,50,0,3.5459e-05,0,0.00839679,1.97773e-05,0.00845203,1,4,1245,64,2016,1241,1245,477,327,50,50,10,1
367,50,0,3.5459e-05,0,0.00839679,1.97773e-05,0.00845203,0.7,4,1091,58,1824,1087,1091,431,294,50,50,10,1
368,50,0,3.5459e-05,0,0.00839679,1.97773e-05,0.00845203,0.8,4,916,56,1760,912,916,346,212,50,50,10,1
369,50,0,3.5459e-05,0,0.00839679,1.97773e-05,0.00845203,1,4,1104,59,1856,1100,1104,419,283,50,50,10,1
370,50,0,3.5459e-05,0,0.00839679,1.97773e-05,0.00845203,1,4,1031,53,1664,1027,1031,336,198,50,50,10,1
371,50,0,3.5459e-05,0,0.00839679,1.97773e-05,0.00845203,1,4,1087,55,1728,1083,1087,353,212,50,50,10,1
372,50,0,3.5459e-05,0,0.00839679,1.97773e-05,0.00845203,1,4,897,59,1856,893,897,353,217,50,50,10,1
373,50,0,3.5459e-05,0,0.00839679,1.97773e-05,0.00845203,0.8,4,1052,56,1760,1048,1052,394,243,50,50,10,1
374,50,0,3.5459e-05,0,0.00839679,1.97773e-05,0.00845203,1,4,915,58,1824,911,915,428,286,50,50,10,1
375,50,0,3.5459e-05,0,0.00839679,1.97773e-05,0.00845203,0.5,4,1071,54,1696,1067,1071,392,245,50,50,10,1
376,50,0,3.5459e-05,0,0.00839679,1.97773e-05,0.00845203,0.7,4,998,55,1728,994,998,394,259,50,50,10,1
377,50,0,3.5459e-05,0,0.00839679,1.97773e-05,0.00845203,1,4,864,55,1728,860,864,334,198,50,50,10,1
378,50,0,3.5459e-05,0,0.00839679,1.97773e-05,0.00845203,1,4,1062,57,1792,1058,1062,427,284,50,50,10,1
379,50,0,3.5459e-05,0,0.00839679,1.97773e-05,0.00845203,0.9,4,1014,60,1888,1010,1014,399,250,50,50,10,1
380,50,0,3.5459e-05,0,0.00839679,1.97773e-05,0.00845203,1,4,951,55,1728,947,951,395,253,50,50,10,1
381,50,0,3.5459e-05,0,0.00839679,1.97773e-05,0.00845203,0.9,4,1460,72,2272,1456,1460,493,322,50,50,10,1
382,50,0,3.5459e-05,0,0.00839679,1.97773e-05,0.00845203,0.8,4,1013,60,1888,1009,1013,447,304,50,50,10,1
383,50,0,3.5459e-05,0,0.00839679,1.97773e-05,0.00845203,0.8,4,1299,67,2112,1295,1299,507,330,50,50,10,1
384,50,0,3.5459e-05,0,0.00839679,1.97773e-05,0.00845203,1,4,976,61,1920,972,976,406,253,50,50,10,1
385,50,0,3.5459e-05,0,0.00839679,1.97773e-05,0.00845203,0.8,4,1188,65,2048,1184,1188,489,337,50,50,10,1
386,50,0,3.5459e-05,0,0.00839679,1.97773e-05,0.00845203,0.6,4,913,53,1664,909,913,318,190,50,50,10,1
387,50,0,3.5459e-05,0,0.00839679,1.97773e-05,0.00845203,1,4,1159,62,1952,1155,1159,392,252,50,50,10,1
388,50,0,3.5459e-05,0,0.00839679,1.97773e-05,0.00845203,0.6,4,991,54,1696,987,991,355,220,50,50,10,1
389,50,0,3.5459e-05,0,0.00839679,1.97773e-05,0.00845203,0.9,4,1227,71,2240,1223,1227,441,280,50,50,10,1
390,50,0,3.5459e-05,0,0.00839679,1.97773e-05,0.00845203,1,4,1142,58,1824,1138,1142,393,230,50,50,10,1
391,50,0,3.5459e-05,0,0.00839679,1.97773e-05,0.00845203,1,4,1013,57,1792,1009,1013,391,261,50,50,10,1
392,50,0,3.5459e-05,0,0.00839679,1.97773e-05,0.00845203,0.5,4,1137,61,1920,1133,1137,438,309,50,50,10,1
393,50,0,3.5459e-05,0,0.00839679,1.97773e-05,0.00845203,0.9,4,826,54,1696,822,826,318,209,50,50,10,1
394,50,0,3.5459e-05,0,0.00839679,1.97773e-05,0.00845203,1,4,769,55,1728,765,769,325,204,50,50,10,1
395,50,0,3.5459e-05,0,0.00839679,1.97773e-05,0.00845203,0.9,4,987,57,1792,983,987,359,225,50,50,10,1
396,50,0,3.5459e-05,0,0.00839679,1.97773e-05,0.00845203,0.6,4,1107,58,1824,1103,1107,429,289,50,50,10,1
397,50,0,3.5459e-05,0,0.00839679,1.97773e-05,0.00845203,0.5,4,952,55,1728,948,952,335,200,50,50,10,1
398,50,0,3.5459e-05,0,0.00839679,1.97773e-05,0.00845203,0.7,4,895,55,1728,891,895,342,219,50,50,10,1
399,50,0,3.5459e-05,0,0.00839679,1.97773e-05,0.00845203,1,4,917,56,1760,913,917,374,227,50,50,10,1
400,50,0,3.5459e-05,0,0.00839679,1.97773e-05,0.00845203,0.9,4,947,54,1696,943,947,369,237,50,50,10,1
401,50,0,3.5459e-05,0,0.00839679,1.97773e-05,0.00845203,0.7,4,1067,54,1696,1063,1067,398,246,50,50,10,1
402,50,0,3.5459e-05,0,0.00839679,1.97773e-05,0.00845203,0.7,4,1097,58,1824,1093,1097,384,238,50,50,10,1
403,50,0,3.5459e-05,0,0.00839679,1.97773e-05,0.00845203,1,4,1008,53,1664,1004,1008,322,190,50,50,10,1
404,50,0,3.5459e-05,0,0.00839679,1.97773e-05,0.00845203,1,4,962,58,1824,958,962,457,304,50,50,10,1
405,50,0,3.5459e-05,0,0.00839679,1.97773e-05,0.00845203,0.7,4,1156,58,1824,1152,1156,375,242,50,50,10,1
406,50,0,3.5459e-05,0,0.00839679,1.97773e-05,0.00845203,0.8,4,1121,59,1856,1117,1121,453,327,50,50,10,1
407,50,0,3.5459e-05,0,0.00839679,1.97773e-05,0.00845203,0.9,4,990,56,1760,986,990,348,216,50,50,10,1
408,50,0,3.5459e-05,0,0.00839679,1.97773e-05,0.00845203,0.9,4,949,54,1696,945,949,349,224,50,50,10,1
409,50,0,3.5459e-05,0,0.00839679,1.97773e-05,0.00845203,0.5,4,846,53,1664,842,846,305,196,50,50,10,1
410,50,0,3.5459e-05,0,0.00839679,1.97773e-05,0.00845203,1,4,882,53,1664,878,882,313,187,50,50,10,1
411,50,0,3.5459e-05,0,0.00839679,1.97773e-05,0.00845203,0.8,4,1040,61,1920,1036,1040,486,345,50,50,10,1
412,50,0,3.5459e-05,0,0.00839679,1.97773e-05,0.00845203,1,4,1024,56,1760,1020,1024,333,188,50,50,10,1
413,50,0,3.5459e-05,0,0.00839679,1.97773e-05,0.00845203,0.6,4,1059,55,1728,1055,1059,376,241,50,50,10,1
414,50,0,3.5459e-05,0,0.00839679,1.97773e-05,0.00845203,1,4,1098,62,1952,1094,1098,456,317,50,50,10,1
415,50,0,3.5459e-05,0,0.00839679,1.97773e-05,0.00845203,0.8,4,1215,59,1856,1211,1215,403,282,50,50,10,1
416,50,0,3.5459e-05,0,0.00839679,1.97773e-05,0.00845203,1,4,904,55,1728,900,904,377,245,50,50,10,1
417,50,0,3.5459e-05,0,0.00839679,1.97773e-05,0.00845203,1,4,936,57,1792,932,936,372,233,50,50,10,1
418,50,0,3.5459e-05,0,0.00839679,1.97773e-05,0.00845203,0.4,4,1143,59,1856,1139,1143,416,288,50,50,10,1
419,50,0,3.5459e-05,0,0.00839679,1.97773e-05,0.00845203,1,4,920,53,1664,916,920,325,194,50,50,10,1
420,50,0,3.5459e-05,0,0.00839679,1.97773e-05,0.00845203,0.9,4,989,57,1792,985,989,398,264,50,50,10,1
421,50,0,3.5459e-05,0,0.00839679,1.97773e-05,0.00845203,1,4,932,58,1824,928,932,427,311,50,50,10,1
422,50,0,3.5459e-05,0,0.00839679,1.97773e-05,0.00845203,1,4,948,55,1728,944,948,390,230,50,50,10,1
423,50,0,3.5459e-05,0,0.00839679,1.97773e-05,0.00845203,0.6,4,951,56,1760,947,951,401,283,50,50,10,1
424,50,0,3.5459e-05,0,0.00839679,1.97773e-05,0.00845203,0.8,4,1480,83,2624,1476,1480,481,268,50,50,10,1
425,50,0,3.5459e-05,0,0.00839679,1.97773e-05,0.00845203,0.9,4,1135,58,1824,1131,1135,385,241,50,50,10,1
426,50,0,3.5459e-05,0,0.00839679,1.97773e-05,0.00845203,0.9,4,945,55,1728,941,945,393,251,50,50,10,1
427,50,0,3.5459e-05,0,0.00839679,1.97773e-05,0.00845203,0.9,4,984,54,1696,980,984,351,219,50,50,10,1
428,50,0,3.5459e-05,0,0.00839679,1.97773e-05,0.00845203,0.9,4,973,59,1856,969,973,382,228,50,50,10,1
429,50,0,3.5459e-05,0,0.00839679,1.97773e-05,0.00845203,0.5,4,991,60,1888,987,991,414,264,50,50,10,1
430,50,0,3.5459e-05,0,0.00839679,1.97773e-05,0.00845203,0.9,4,955,57,1792,951,955,393,235,50,50,10,1
431,50,0,3.5459e-05,0,0.00839679,1.97773e-05,0.00845203,0.8,4,891,53,1664,887,891,347,234,50,50,10,1
432,50,0,3.5459e-05,0,0.00839679,1.97773e-05,0.00845203,1,4,979,56,1760,975,979,371,243,50,50,10,1
433,50,0,3.5459e-05,0,0.00839679,1.97773e-05,0.00845203,0.7,4,1074,57,1792,1070,1074,347,210,50,50,10,1
434,50,0,3.5459e-05,0,0.00839679,1.97773e-05,0.00845203,1,4,1109,58,1824,1105,1109,444,308,50,50,10,1
435,50,0,3.5459e-05,0,0.00839679,1.97773e-05,0.00845203,1,4,1002,57,1792,998,1002,377,243,50,50,10,1
436,50,0,3.5459e-05,0,0.00839679,1.97773e-05,0.00845203,1,4,1035,60,1888,1031,1035,400,267,50,50,10,1
437,50,0,3.5459e-05,0,0.00839679,1.97773e-05,0.00845203,1,4,1041,54,1696,1037,1041,359,226,50,50,10,1
438,50,0,3.5459e-05,0,0.00839679,1.97773e-05,0.00845203,0.9,4,1145,61,1920,1141,1145,416,245,50,50,10,1
439,50,0,3.5459e-05,0,0.00839679,1.97773e-05,0.00845203,1,4,997,55,1728,993,997,390,235,50,50,10,1
440,50,0,3.5459e-05,0,0.00839679,1.97773e-05,0.00845203,1,4,945,59,1856,941,945,426,285,50,50,10,1
441,50,0,3.5459e-05,0,0.00839679,1.97773e-05,0.00845203,0.5,4,1107,65,2048,1103,1107,476,313,50,50,10,1
442,50,0,3.5459e-05,0,0.00839679,1.97773e-05,0.00845203,1,4,939,57,1792,935,939,370,254,50,50,10,1
443,50,0,3.5459e-05,0,0.00839679,1.97773e-05,0.00845203,0.9,4,849,55,1728,845,849,359,232,50,50,10,1
444,50,0,3.5459e-05,0,0.00839679,1.97773e-05,0.00845203,0.8,4,1094,57,1792,1090,1094,351,214,50,50,10,1
445,50,0,3.5459e-05,0,0.00839679,1.97773e-05,0.00845203,0.9,4,991,59,1856,987,991,366,237,50,50,10,1
446,50,0,3.5459e-05,0,0.00839679,1.97773e-05,0.00845203,0.6,4,1138,60,1888,1134,1138,475,319,50,50,10,1
447,50,0,3.5459e-05,0,0.00839679,1.97773e-05,0.00845203,0.6,4,1044,60,1888,1040,1044,397,261,50,50,10,1
448,50,0,3.5459e-05,0,0.00839679,1.97773e-05,0.00845203,0.7,4,1180,62,1952,1176,1180,437,305,50,50,10,1
449,50,0,3.5459e-05,0,0.00839679,1.97773e-05,0.00845203,1,4,1052,69,2176,1048,1052,549,400,50,50,10,1
450,50,0,3.5459e-05,0,0.00839679,1.97773e-05,0.00845203,0.9,4,1050,61,1920,1046,1050,409,268,50,50,10,1
451,50,0,3.5459e-05,0,0.00839679,1.97773e-05,0.00845203,0.9,4,967,53,1664,963,967,362,239,50,50,10,1
452,50,0,3.5459e-05,0,0.00839679,1.97773e-05,0.00845203,0.8,4,1403,65,2048,1399,1403,453,280,50,50,10,1
453,50,0,3.5459e-05,0,0.00839679,1.97773e-05,0.00845203,0.7,4,1307,65,2048,1303,1307,438,277,50,50,10,1
454,50,0,3.5459e-05,0,0.00839679,1.97773e-05,0.00845203,1,4,1072,56,1760,1068,1072,404,268,50,50,10,1
455,50,0,3.5459e-05,0,0.00839679,1.97773e-05,0.00845203,1,4,902,59,1856,898,902,404,270,50,50,10,1
456,50,0,3.5459e-05,0,0.00839679,1.97773e-05,0.00845203,0.9,4,1025,58,1824,1021,1025,421,276,50,50,10,1
457,50,0,3.5459e-05,0,0.00839679,1.97773e-05,0.00845203,1,4,1031,56,1760,1027,1031,402,280,50,50,10,1
458,50,0,3.5459e-05,0,0.00839679,1.97773e-05,0.00845203,1,4,888,59,1856,884,888,429,275,50,50,10,1
459,50,0,3.5459e-05,0,0.00839679,1.97773e-05,0.00845203,0.6,4,1114,59,1856,1110,1114,422,278,50,50,10,1
460,50,0,3.5459e-05,0,0.00839679,1.97773e-05,0.00845203,0.7,4,1015,55,1728,1011,1015,388,238,50,50,10,1
461,50,0,3.5459e-05,0,0.00839679,1.97773e-05,0.00845203,1,4,949,54,1696,945,949,331,222,50,50,10,1
462,50,0,3.5459e-05,0,0.00839679,1.97773e-05,0.00845203,1,4,670,57,1792,666,670,364,260,50,50,10,1
463,50,0,3.5459e-05,0,0.00839679,1.97773e-05,0.00845203,1,4,746,54,1696,742,746,299,185,50,50,10,1
464,50,0,3.5459e-05,0,0.00839679,1.97773e-05,0.00845203,1,4,821,56,1760,817,821,369,253,50,50,10,1
465,50,0,3.5459e-05,0,0.00839679,1.97773e-05,0.00845203,0.9,4,978,54,1696,974,978,345,221,50,50,10,1
466,50,0,3.5459e-05,0,0.00839679,1.97773e-05,0.00845203,1,4,995,55,1728,991,995,371,241,50,50,10,1
467,50,0,3.5459e-05,0,0.00839679,1.97773e-05,0.00845203,1,4,1120,59,1856,1116,1120,447,287,50,50,10,1
468,50,0,3.5459e-05,0,0.00839679,1.97773e-05,0.00845203,0.7,4,936,59,1856,932,936,413,285,50,50,10,1
469,50,0,3.5459e-05,0,0.00839679,1.97773e-05,0.00845203,0.9,4,1042,63,1984,1038,1042,425,290,50,50,10,1
470,50,0,3.5459e-05,0,0.00839679,1.97773e-05,0.00845203,1,4,1038,56,1760,1034,1038,377,235,50,50,10,1
471,50,0,3.5459e-05,0,0.00839679,1.97773e-05,0.00845203,0.7,4,946,55,1728,942,946,352,237,50,50,10,1
472,50,0,3.5459e-05,0,0.00839679,1.97773e-05,0.00845203,0.6,4,993,55,1728,989,993,394,262,50,50,10,1
473,50,0,3.5459e-05,0,0.00839679,1.97773e-05,0.00845203,0.9,4,1008,64,2016,1004,1008,462,304,50,50,10,1
474,50,0,3.5459e-05,0,0.00839679,1.97773e-05,0.00845203,0.8,4,980,57,1792,976,980,368,234,50,50,10,1
475,50,0,3.5459e-05,0,0.00839679,1.97773e-05,0.00845203,1,4,976,60,1888,972,976,451,304,50,50,10,1
476,50,0,3.5459e-05,0,0.00839679,1.97773e-05,0.00845203,1,4,879,57,1792,875,879,365,241,50,50,10,1
477,50,0,3.5459e-05,0,0.00839679,1.97773e-05,0.00845203,1,4,1022,59,1856,1018,1022,447,301,50,50,10,1
478,50,0,3.5459e-05,0,0.00839679,1.97773e-05,0.00845203,1,4,510,58,1824,506,510,342,255,50,50,10,1
479,50,0,3.5459e-05,0,0.00839679,1.97773e-05,0.00845203,0.9,4,983,57,1792,979,983,369,246,50,50,10,1
480,50,0,3.5459e-05,0,0.00839679,1.97773e-05,0.00845203,1,4,566,62,1952,562,566,432,328,50,50,10,1
481,50,0,3.5459e-05,0,0.00839679,1.97773e-05,0.00845203,1,4,856,55,1728,852,856,365,248,50,50,10,1
482,50,0,3.5459e-05,0,0.00839679,1.97773e-05,0.00845203,1,4,932,61,1920,928,932,455,324,50,50,10,1
483,50,0,3.5459e-05,0,0.00839679,1.97773e-05,0.00845203,0.8,4,934,54,1696,930,934,383,255,50,50,10,1
484,50,0,3.5459e-05,0,0.00839679,1.97773e-05,0.00845203,1,4,828,58,1824,824,828,412,284,50,50,10,1
485,50,0,3.5459e-05,0,0.00839679,1.97773e-05,0.00845203,1,4,664,58,1824,660,664,367,248,50,50,10,1
486,50,0,3.5459e-05,0,0.00839679,1.97773e-05,0.00845203,1,4,966,57,1792,962,966,394,261,50,50,10,1
487,50,0,3.5459e-05,0,0.00839679,1.97773e-05,0.00845203,1,4,825,54,1696,821,825,339,207,50,50,10,1
488,50,0,3.5459e-05,0,0.00839679,1.97773e-05,0.00845203,1,4,987,56,1760,983,987,353,216,50,50,10,1
489,50,0,3.5459e-05,0,0.00839679,1.97773e-05,0.00845203,0.3,4,1152,70,2208,1148,1152,395,220,50,50,10,1
490,50,0,3.5459e-05,0,0.00839679,1.97773e-05,0.00845203,1,4,879,57,1792,875,879,371,252,50,50,10,1
491,50,0,3.5459e-05,0,0.00839679,1.97773e-05,0.00845203,1,4,1046,64,2016,1042,1046,497,350,50,50,10,1
492,50,0,3.5459e-05,0,0.00839679,1.97773e-05,0.00845203,1,4,884,55,1728,880,884,399,260,50,50,10,1
493,50,0,3.5459e-05,0,0.00839679,1.97773e-05,0.00845203,1,4,566,56,1760,562,566,366,246,50,50,10,1
494,50,0,3.5459e-05,0,0.00839679,1.97773e-05,0.00845203,1,4,948,58,1824,944,948,414,275,50,50,10,1
495,50,0,3.5459e-05,0,0.00839679,1.97773e-05,0.00845203,1,4,933,56,1760,929,933,362,238,50,50,10,1
496,50,0,3.5459e-05,0,0.00839679,1.97773e-05,0.00845203,1,4,761,57,1792,757,761,413,270,50,50,10,1
497,50,0,3.5459e-05,0,0.00839679,1.97773e-05,0.00845203,0.6,4,1130,56,1760,1126,1130,403,252,50,50,10,1
498,50,0,3.5459e-05,0,0.00839679,1.97773e-05,0.00845203,1,4,899,63,1984,895,899,400,255,50,50,10,1
499,50,0,3.5459e-05,0,0.00839679,1.97773e-05,0.00845203,0.8,4,977,55,1728,973,977,353,239,50,50,10,1
500,50,0,3.5459e-05,0,0.00839679,1.97773e-05,0.00845203,1,4,923,54,1696,919,923,327,197,50,50,10,1
501,50,0,3.5459e-05,0,0.00839679,1.97773e-05,0.00845203,0.6,4,1180,62,1952,1176,1180,474,321,50,50,10,1
502,50,0,3.5459e-05,0,0.00839679,1.97773e-05,0.00845203,1,4,830,60,1888,826,830,428,298,50,50,10,1
503,50,0,3.5459e-05,0,0.00839679,1.97773e-05,0.00845203,1,4,982,56,1760,978,982,371,242,50,50,10,1
504,50,0,3.5459e-05,0,0.00839679,1.97773e-05,0.00845203,1,4,796,59,1856,792,796,399,264,50,50,10,1
505,50,0,3.5459e-05,0,0.00839679,1.97773e-05,0.00845203,0.8,4,906,60,1888,902,906,384,248,50,50,10,1
506,50,0,3.5459e-05,0,0.00839679,1.97773e-05,0.00845203,0.9,4,815,55,1728,811,815,340,207,50,50,10,1
507,50,0,3.5459e-05,0,0.00839679,1.97773e-05,0.00845203,0.6,4,942,60,1888,938,942,376,252,50,50,10,1
508,50,0,3.5459e-05,0,0.00839679,1.97773e-05,0.00845203,0.8,4,1051,59,1856,1047,1051,391,273,50,50,10,1
509,50,0,3.5459e-05,0,0.00839679,1.97773e-05,0.00845203,1,4,738,56,1760,734,738,357,218,50,50,10,1
510,50,0,3.5459e-05,0,0.00839679,1.97773e-05,0.00845203,1,4,975,65,2048,971,975,466,333,50,50,10,1
511,50,0,3.5459e-05,0,0.00839679,1.97773e-05,0.00845203,0.8,4,1202,59,1856,1198,1202,430,302,50,50,10,1
512,50,1,2.78074e-05,0,0.00924617,1.79098e-05,0.00929189,0.7,4,1139,60,1888,1135,1139,429,270,50,50,10,1
513,50,1,2.78074e-05,0,0.00924617,1.79098e-05,0.00929189,0.9,4,975,56,1760,971,975,380,241,50,50,10,1
514,50,1,2.78074e-05,0,0.00924617,1.79098e-05,0.00929189,1,4,513,58,1824,509,513,340,224,50,50,10,1
515,50,1,2.78074e-05,0,0.00924617,1.79098e-05,0.00929189,0.8,4,1094,59,1856,1090,1094,405,257,50,50,10,1
516,50,1,2.78074e-05,0,0.00924617,1.79098e-05,0.00929189,0.9,4,1007,58,1824,1003,1007,452,307,50,50,10,1
517,50,1,2.78074e-05,0,0.00924617,1.79098e-05,0.00929189,1,4,758,58,1824,754,758,396,272,50,50,10,1
518,50,1,2.78074e-05,0,0.00924617,1.79098e-05,0.00929189,1,4,744,56,1760,740,744,362,247,50,50,10,1
519,50,1,2.78074e-05,0,0.00924617,1.79098e-05,0.00929189,1,4,1082,66,2080,1078,1082,468,292,50,50,10,1
520,50,1,2.78074e-05,0,0.00924617,1.79098e-05,0.00929189,1,4,980,60,1888,976,980,443,319,50,50,10,1
521,50,1,2.78074e-05,0,0.00924617,1.79098e-05,0.00929189,1,4,631,59,1856,627,631,398,290,50,50,10,1
522,50,1,2.78074e-05,0,0.00924617,1.79098e-05,0.00929189,1,4,920,58,1824,916,920,406,290,50,50,10,1
523,50,1,2.78074e-05,0,0.00924617,1.79098e-05,0.00929189,0.9,4,1139,67,2112,1135,1139,513,359,50,50,10,1
524,50,1,2.78074e-05,0,0.00924617,1.79098e-05,0.00929189,1,4,795,55,1728,791,795,368,250,50,50,10,1
525,50,1,2.78074e-05,0,0.00924617,1.79098e-05,0.00929189,0.9,4,973,56,1760,969,973,350,239,50,50,10,1
526,50,1,2.78074e-05,0,0.00924617,1.79098e-05,0.00929189,1,4,761,58,1824,757,761,375,239,50,50,10,1
527,50,1,2.78074e-05,0,0.00924617,1.79098e-05,0.00929189,1,4,728,58,1824,724,728,382,267,50,50,10,1
528,50,1,2.78074e-05,0,0.00924617,1.79098e-05,0.00929189,0.7,4,1063,55,1728,1059,1063,380,245,50,50,10,1
529,50,1,2.78074e-05,0,0.00924617,1.79098e-05,0.00929189,1,4,1240,70,2208,1236,1240,485,312,50,50,10,1
530,50,1,2.78074e-05,0,0.00924617,1.79098e-05,0.00929189,1,4,883,58,1824,879,883,402,263,50,50,10,1
531,50,1,2.78074e-05,0,0.00924617,1.79098e-05,0.00929189,0.6,4,1051,60,1888,1047,1051,430,297,50,50,10,1
532,50,1,2.78074e-05,0,0.00924617,1.79098e-05,0.00929189,1,4,548,59,1856,544,548,373,265,50,50,10,1
533,50,1,2.78074e-05,0,0.00924617,1.79098e-05,0.00929189,1,4,934,56,1760,930,934,403,261,50,50,10,1
534,50,1,2.78074e-05,0,0.00924617,1.79098e-05,0.00929189,0.9,4,938,57,1792,934,938,409,277,50,50,10,1
535,50,1,2.78074e-05,0,0.00924617,1.79098e-05,0.00929189,0.6,4,871,55,1728,867,871,357,224,50,50,10,1
536,50,1,2.78074e-05,0,0.00924617,1.79098e-05,0.00929189,0.6,4,933,56,1760,929,933,384,255,50,50,10,1
537,50,1,2.78074e-05,0,0.00924617,1.79098e-05,0.00929189,1,4,1033,56,1760,1029,1033,373,245,50,50,10,1
538,50,1,2.78074e-05,0,0.00924617,1.79098e-05,0.00929189,0.9,4,1000,60,1888,996,1000,431,297,50,50,10,1
539,50,1,2.78074e-05,0,0.00924617,1.79098e-05,0.00929189,1,4,1285,61,1920,1281,1285,486,326,50,50,10,1
540,50,1,2.78074e-05,0,0.00924617,1.79098e-05,0.00929189,1,4,980,55,1728,976,980,362,214,50,50,10,1
541,50,1,2.78074e-05,0,0.00924617,1.79098e-05,0.00929189,0.8,4,1060,57,1792,1056,1060,339,197,50,50,10,1
542,50,1,2.78074e-05,0,0.00924617,1.79098e-05,0.00929189,0.9,4,1149,58,1824,1145,1149,450,299,50,50,10,1
543,50,1,2.78074e-05,0,0.00924617,1.79098e-05,0.00929189,1,4,901,57,1792,897,901,411,287,50,50,10,1
544,50,1,2.78074e-05,0,0.00924617,1.79098e-05,0.00929189,0.9,4,1007,60,1888,1003,1007,423,282,50,50,10,1
545,50,1,2.78074e-05,0,0.00924617,1.79098e-05,0.00929189,1,4,1101,62,1952,1097,1101,423,287,50,50,10,1
546,50,1,2.78074e-05,0,0.00924617,1.79098e-05,0.00929189,1,4,1006,56,1760,1002,1006,348,234,50,50,10,1
547,50,1,2.78074e-05,0,0.00924617,1.79098e-05,0.00929189,0.8,4,1136,56,1760,1132,1136,385,243,50,50,10,1
548,50,1,2.78074e-05,0,0.00924617,1.79098e-05,0.00929189,1,4,995,56,1760,991,995,369,249,50,50,10,1
549,50,1,2.78074e-05,0,0.00924617,1.79098e-05,0.00929189,1,4,1053,58,1824,1049,1053,388,278,50,50,10,1
550,50,1,2.78074e-05,0,0.00924617,1.79098e-05,0.00929189,0.9,4,757,54,1696,753,757,321,204,50,50,10,1
551,50,1,2.78074e-05,0,0.00924617,1.79098e-05,0.00929189,0.8,4,1182,60,1888,1178,1182,426,274,50,50,10,1
552,50,1,2.78074e-05,0,0.00924617,1.79098e-05,0.00929189,0.9,4,895,54,1696,891,895,373,248,50,50,10,1
553,50,1,2.78074e-05,0,0.00924617,1.79098e-05,0.00929189,0.9,4,1185,57,1792,1181,1185,393,245,50,50,10,1
554,50,1,2.78074e-05,0,0.00924617,1.79098e-05,0.00929189,0.9,4,902,55,1728,898,902,366,245,50,50,10,1
555,50,1,2.78074e-05,0,0.00924617,1.79098e-05,0.00929189,0.8,4,979,60,1888,975,979,432,292,50,50,10,1
556,50,1,2.78074e-05,0,0.00924617,1.79098e-05,0.00929189,1,4,988,55,1728,984,988,378,240,50,50,10,1
557,50,1,2.78074e-05,0,0.00924617,1.79098e-05,0.00929189,1,4,808,61,1920,804,808,421,293,50,50,10,1
558,50,1,2.78074e-05,0,0.00924617,1.79098e-05,0.00929189,0.9,4,996,55,1728,992,996,362,235,50,50,10,1
559,50,1,2.78074e-05,0,0.00924617,1.79098e-05,0.00929189,0.8,4,916,57,1792,912,916,383,254,50,50,10,1
560,50,1,2.78074e-05,0,0.00924617,1.79098e-05,0.00929189,0.9,4,995,57,1792,991,995,406,262,50,50,10,1
561,50,1,2.78074e-05,0,0.00924617,1.79098e-05,0.00929189,1,4,930,57,1792,926,930,379,242,50,50,10,1
562,50,1,2.78074e-05,0,0.00924617,1.79098e-05,0.00929189,0.5,4,1260,66,2080,1256,1260,393,251,50,50,10,1
563,50,1,2.78074e-05,0,0.00924617,1.79098e-05,0.00929189,0.9,4,1105,55,1728,1101,1105,380,244,50,50,10,1
564,50,1,2.78074e-05,0,0.00924617,1.79098e-05,0.00929189,1,4,907,60,1888,903,907,456,313,50,50,10,1
565,50,1,2.78074e-05,0,0.00924617,1.79098e-05,0.00929189,0.7,4,1317,63,1984,1313,1317,459,339,50,50,10,1
566,50,1,2.78074e-05,0,0.00924617,1.79098e-05,0.00929189,0.7,4,979,56,1760,975,979,359,245,50,50,10,1
567,50,1,2.78074e-05,0,0.00924617,1.79098e-05,0.00929189,1,4,856,58,1824,852,856,439,296,50,50,10,1
568,50,1,2.78074e-05,0,0.00924617,1.79098e-05,0.00929189,0.6,4,1305,66,2080,1301,1305,451,299,50,50,10,1
569,50,1,2.78074e-05,0,0.00924617,1.79098e-05,0.00929189,1,4,758,65,2048,754,758,467,331,50,50,10,1
570,50,1,2.78074e-05,0,0.00924617,1.79098e-05,0.00929189,1,4,1063,60,1888,1059,1063,443,279,50,50,10,1
571,50,1,2.78074e-05,0,0.00924617,1.79098e-05,0.00929189,0.8,4,1010,59,1856,1006,1010,414,294,50,50,10,1
572,50,1,2.78074e-05,0,0.00924617,1.79098e-05,0.00929189,0.7,4,913,57,1792,909,913,377,252,50,50,10,1
573,50,1,2.78074e-05,0,0.00924617,1.79098e-05,0.00929189,0.9,4,1171,59,1856,1167,1171,444,309,50,50,10,1
574,50,1,2.78074e-05,0,0.00924617,1.79098e-05,0.00929189,0.9,4,799,53,1664,795,799,306,175,50,50,10,1
575,50,1,2.78074e-05,0,0.00924617,1.79098e-05,0.00929189,0.5,4,1161,62,1952,1157,1161,406,258,50,50,10,1
576,50,1,2.78074e-05,0,0.00924617,1.79098e-05,0.00929189,1,4,955,55,1728,951,955,350,225,50,50,10,1
577,50,1,2.78074e-05,0,0.00924617,1.79098e-05,0.00929189,1,4,986,61,1920,982,986,472,327,50,50,10,1
578,50,1,2.78074e-05,0,0.00924617,1.79098e-05,0.00929189,0.6,4,1023,58,1824,1019,1023,400,281,50,50,10,1
579,50,1,2.78074e-05,0,0.00924617,1.79098e-05,0.00929189,0.9,4,914,58,1824,910,914,442,322,50,50,10,1
580,50,1,2.78074e-05,0,0.00924617,1.79098e-05,0.00929189,0.9,4,1009,57,1792,1005,1009,390,255,50,50,10,1
581,50,1,2.78074e-05,0,0.00924617,1.79098e-05,0.00929189,1,4,916,56,1760,912,916,366,244,50,50,10,1
582,50,1,2.78074e-05,0,0.00924617,1.79098e-05,0.00929189,0.9,4,1029,59,1856,1025,1029,448,315,50,50,10,1
583,50,1,2.78074e-05,0,0.00924617,1.79098e-05,0.00929189,0.8,4,967,56,1760,963,967,366,226,50,50,10,1
584,50,1,2.78074e-05,0,0.00924617,1.79098e-05,0.00929189,0.4,4,1159,60,1888,1155,1159,454,312,50,50,10,1
585,50,1,2.78074e-05,0,0.00924617,1.79098e-05,0.00929189,1,4,869,59,1856,865,869,457,305,50,50,10,1
586,50,1,2.78074e-05,0,0.00924617,1.79098e-05,0.00929189,0.7,4,1063,55,1728,1059,1063,350,205,50,50,10,1
587,50,1,2.78074e-05,0,0.00924617,1.79098e-05,0.00929189,1,4,895,53,1664,891,895,333,191,50,50,10,1
588,50,1,2.78074e-05,0,0.00924617,1.79098e-05,0.00929189,0.7,4,1137,57,1792,1133,1137,391,265,50,50,10,1
589,50,1,2.78074e-05,0,0.00924617,1.79098e-05,0.00929189,1,4,876,55,1728,872,876,349,216,50,50,10,1
590,50,1,2.78074e-05,0,0.00924617,1.79098e-05,0.00929189,1,4,951,57,1792,947,951,397,268,50,50,10,1
591,50,1,2.78074e-05,0,0.00924617,1.79098e-05,0.00929189,1,4,793,55,1728,789,793,359,213,50,50,10,1
592,50,1,2.78074e-05,0,0.00924617,1.79098e-05,0.00929189,1,4,814,61,1920,810,814,449,304,50,50,10,1
593,50,1,2.78074e-05,0,0.00924617,1.79098e-05,0.00929189,0.8,4,909,57,1792,905,909,419,293,50,50,10,1
594,50,1,2.78074e-05,0,0.00924617,1.79098e-05,0.00929189,1,4,807,56,1760,803,807,354,248,50,50,10,1
595,50,1,2.78074e-05,0,0.00924617,1.79098e-05,0.00929189,0.9,4,697,56,1760,693,697,366,234,50,50,10,1
596,50,1,2.78074e-05,0,0.00924617,1.79098e-05,0.00929189,0.9,4,1036,56,1760,1032,1036,383,253,50,50,10,1
597,50,1,2.78074e-05,0,0.00924617,1.79098e-05,0.00929189,1,4,741,57,1792,737,741,387,244,50,50,10,1
598,50,1,2.78074e-05,0,0.00924617,1.79098e-05,0.00929189,0.9,4,969,59,1856,965,969,417,268,50,50,10,1
599,50,1,2.78074e-05,0,0.00924617,1.79098e-05,0.00929189,1,4,1089,55,1728,1085,1089,417,286,50,50,10,1
600,50,1,2.78074e-05,0,0.00924617,1.79098e-05,0.00929189,1,4,912,58,1824,908,912,400,275,50,50,10,1
601,50,1,2.78074e-05,0,0.00924617,1.79098e-05,0.00929189,0.8,4,1299,62,1952,1295,1299,492,350,50,50,10,1
602,50,1,2.78074e-05,0,0.00924617,1.79098e-05,0.00929189,0.7,4,956,53,1664,952,956,332,203,50,50,10,1
603,50,1,2.78074e-05,0,0.00924617,1.79098e-05,0.00929189,0.9,4,940,57,1792,936,940,410,276,50,50,10,1
604,50,1,2.78074e-05,0,0.00924617,1.79098e-05,0.00929189,1,4,1077,56,1760,1073,1077,372,251,50,50,10,1
605,50,1,2.78074e-05,0,0.00924617,1.79098e-05,0.00929189,0.8,4,1016,56,1760,1012,1016,398,262,50,50,10,1
606,50,1,2.78074e-05,0,0.00924617,1.79098e-05,0.00929189,0.9,4,956,55,1728,952,956,375,226,50,50,10,1
607,50,1,2.78074e-05,0,0.00924617,1.79098e-05,0.00929189,1,4,1051,65,2048,1047,1051,497,376,50,50,10,1
608,50,1,2.78074e-05,0,0.00924617,1.79098e-05,0.00929189,1,4,948,56,1760,944,948,390,253,50,50,10,1
609,50,1,2.78074e-05,0,0.00924617,1.79098e-05,0.00929189,0.9,4,970,55,1728,966,970,374,227,50,50,10,1
610,50,1,2.78074e-05,0,0.00924617,1.79098e-05,0.00929189,1,4,1219,62,1952,1215,1219,492,334,50,50,10,1
611,50,1,2.78074e-05,0,0.00924617,1.79098e-05,0.00929189,0.8,4,955,56,1760,951,955,366,227,50,50,10,1
612,50,1,2.78074e-05,0,0.00924617,1.79098e-05,0.00929189,0.9,4,1077,62,1952,1073,1077,374,214,50,50,10,1
613,50,1,2.78074e-05,0,0.00924617,1.79098e-05,0.00929189,0.4,4,995,57,1792,991,995,351,230,50,50,10,1
614,50,1,2.78074e-05,0,0.00924617,1.79098e-05,0.00929189,0.9,4,954,57,1792,950,954,355,223,50,50,10,1
615,50,1,2.78074e-05,0,0.00924617,1.79098e-05,0.00929189,0.9,4,1021,58,1824,1017,1021,401,296,50,50,10,1
616,50,1,2.78074e-05,0,0.00924617,1.79098e-05,0.00929189,1,4,1104,57,1792,1100,1104,401,250,50,50,10,1
617,50,1,2.78074e-05,0,0.00924617,1.79098e-05,0.00929189,0.8,4,1231,62,1952,1227,1231,423,295,50,50,10,1
618,50,1,2.78074e-05,0,0.00924617,1.79098e-05,0.00929189,1,4,945,57,1792,941,945,393,270,50,50,10,1
619,50,1,2.78074e-05,0,0.00924617,1.79098e-05,0.00929189,0.9,4,878,54,1696,874,878,363,249,50,50,10,1
620,50,1,2.78074e-05,0,0.00924617,1.79098e-05,0.00929189,0.5,4,947,55,1728,943,947,362,223,50,50,10,1
621,50,1,2.78074e-05,0,0.00924617,1.79098e-05,0.00929189,1,4,907,57,1792,903,907,382,254,50,50,10,1
622,50,1,2.78074e-05,0,0.00924617,1.79098e-05,0.00929189,0.9,4,816,58,1824,812,816,395,290,50,50,10,1
623,50,1,2.78074e-05,0,0.00924617,1.79098e-05,0.00929189,1,4,577,57,1792,573,577,341,238,50,50,10,1
624,50,1,2.78074e-05,0,0.00924617,1.79098e-05,0.00929189,1,4,777,57,1792,773,777,391,258,50,50,10,1
625,50,1,2.78074e-05,0,0.00924617,1.79098e-05,0.00929189,1,4,520,56,1760,516,520,326,224,50,50,10,1
626,50,1,2.78074e-05,0,0.00924617,1.79098e-05,0.00929189,1,4,785,58,1824,781,785,413,282,50,50,10,1
627,50,1,2.78074e-05,0,0.00924617,1.79098e-05,0.00929189,1,4,715,57,1792,711,715,397,251,50,50,10,1
628,50,1,2.78074e-05,0,0.00924617,1.79098e-05,0.00929189,1,4,460,55,1728,456,460,278,174,50,50,10,1
629,50,1,2.78074e-05,0,0.00924617,1.79098e-05,0.00929189,1,4,492,56,1760,488,492,325,213,50,50,10,1
630,50,1,2.78074e-05,0,0.00924617,1.79098e-05,0.00929189,1,4,680,67,2112,676,680,464,359,50,50,10,1
631,50,1,2.78074e-05,0,0.00924617,1.79098e-05,0.00929189,1,4,591,58,1824,587,591,370,263,50,50,10,1
632,50,1,2.78074e-05,0,0.00924617,1.79098e-05,0.00929189,1,4,453,57,1792,449,453,336,237,50,50,10,1
633,50,1,2.78074e-05,0,0.00924617,1.79098e-05,0.00929189,1,4,418,58,1824,414,418,325,237,50,50,10,1
634,50,1,2.78074e-05,0,0.00924617,1.79098e-05,0.00929189,1,4,480,58,1824,476,480,334,237,50,50,10,1
635,50,1,2.78074e-05,0,0.00924617,1.79098e-05,0.00929189,1,4,457,58,1824,453,457,346,245,50,50,10,1
636,50,1,2.78074e-05,0,0.00924617,1.79098e-05,0.00929189,1,4,551,55,1728,547,551,324,205,50,50,10,1
637,50,1,2.78074e-05,0,0.00924617,1.79098e-05,0.00929189,1,4,797,54,1696,793,797,342,226,50,50,10,1
638,50,1,2.78074e-05,0,0.00924617,1.79098e-05,0.00929189,1,4,686,55,1728,682,686,353,221,50,50,10,1
639,50,1,2.78074e-05,0,0.00924617,1.79098e-05,0.00929189,1,4,605,59,1856,601,605,390,262,50,50,10,1
640,50,1,2.78074e-05,0,0.00924617,1.79098e-05,0.00929189,1,4,703,58,1824,699,703,394,264,50,50,10,1
641,50,1,2.78074e-05,0,0.00924617,1.79098e-05,0.00929189,0.9,4,1011,60,1888,1007,1011,481,352,50,50,10,1
642,50,1,2.78074e-05,0,0.00924617,1.79098e-05,0.00929189,1,4,700,64,2016,696,700,471,354,50,50,10,1
643,50,1,2.78074e-05,0,0.00924617,1.79098e-05,0.00929189,1,4,786,54,1696,782,786,328,199,50,50,10,1
644,50,1,2.78074e-05,0,0.00924617,1.79098e-05,0.00929189,1,4,1013,57,1792,1009,1013,364,225,50,50,10,1
645,50,1,2.78074e-05,0,0.00924617,1.79098e-05,0.00929189,1,4,921,56,1760,917,921,393,266,50,50,10,1
646,50,1,2.78074e-05,0,0.00924617,1.79098e-05,0.00929189,0.9,4,996,55,1728,992,996,387,269,50,50,10,1
647,50,1,2.78074e-05,0,0.00924617,1.79098e-05,0.00929189,0.9,4,965,57,1792,961,965,363,224,50,50,10,1
648,50,1,2.78074e-05,0,0.00924617,1.79098e-05,0.00929189,1,4,987,59,1856,983,987,406,257,50,50,10,1
649,50,1,2.78074e-05,0,0.00924617,1.79098e-05,0.00929189,0.8,4,1071,62,1952,1067,1071,495,348,50,50,10,1
650,50,1,2.78074e-05,0,0.00924617,1.79098e-05,0.00929189,0.9,4,864,59,1856,860,864,430,287,50,50,10,1
651,50,1,2.78074e-05,0,0.00924617,1.79098e-05,0.00929189,1,4,788,57,1792,784,788,368,256,50,50,10,1
652,50,1,2.78074e-05,0,0.00924617,1.79098e-05,0.00929189,1,4,789,59,1856,785,789,445,343,50,50,10,1
653,50,1,2.78074e-05,0,0.00924617,1.79098e-05,0.00929189,0.9,4,803,56,1760,799,803,373,253,50,50,10,1
654,50,1,2.78074e-05,0,0.00924617,1.79098e-05,0.00929189,1,4,609,57,1792,605,609,348,247,50,50,10,1
655,50,1,2.78074e-05,0,0.00924617,1.79098e-05,0.00929189,1,4,797,54,1696,793,797,356,205,50,50,10,1
656,50,1,2.78074e-05,0,0.00924617,1.79098e-05,0.00929189,1,4,688,54,1696,684,688,314,199,50,50,10,1
657,50,1,2.78074e-05,0,0.00924617,1.79098e-05,0.00929189,0.9,4,1040,63,1984,1036,1040,467,310,50,50,10,1
658,50,1,2.78074e-05,0,0.00924617,1.79098e-05,0.00929189,1,4,585,59,1856,581,585,418,301,50,50,10,1
659,50,1,2.78074e-05,0,0.00924617,1.79098e-05,0.00929189,1,4,847,58,1824,843,847,405,274,50,50,10,1
660,50,1,2.78074e-05,0,0.00924617,1.79098e-05,0.00929189,1,4,593,57,1792,589,593,379,253,50,50,10,1
661,50,1,2.78074e-05,0,0.00924617,1.79098e-05,0.00929189,0.7,4,1076,61,1920,1072,1076,419,273,50,50,10,1
662,50,1,2.78074e-05,0,0.00924617,1.79098e-05,0.00929189,1,4,725,57,1792,721,725,392,276,50,50,10,1
663,50,1,2.78074e-05,0,0.00924617,1.79098e-05,0.00929189,1,4,692,55,1728,688,692,317,191,50,50,10,1
664,50,1,2.78074e-05,0,0.00924617,1.79098e-05,0.00929189,1,4,1072,61,1920,1068,1072,473,334,50,50,10,1
665,50,1,2.78074e-05,0,0.00924617,1.79098e-05,0.00929189,0.9,4,843,61,1920,839,843,413,293,50,50,10,1
666,50,1,2.78074e-05,0,0.00924617,1.79098e-05,0.00929189,0.8,4,1339,65,2048,1335,1339,455,314,50,50,10,1
667,50,1,2.78074e-05,0,0.00924617,1.79098e-05,0.00929189,1,4,898,59,1856,894,898,455,329,50,50,10,1
668,50,1,2.78074e-05,0,0.00924617,1.79098e-05,0.00929189,1,4,697,55,1728,693,697,313,184,50,50,10,1
669,50,1,2.78074e-05,0,0.00924617,1.79098e-05,0.00929189,1,4,931,55,1728,927,931,393,252,50,50,10,1
670,50,1,2.78074e-05,0,0.00924617,1.79098e-05,0.00929189,0.9,4,871,54,1696,867,871,355,236,50,50,10,1
671,50,1,2.78074e-05,0,0.00924617,1.79098e-05,0.00929189,0.9,4,821,58,1824,817,821,411,289,50,50,10,1
672,50,1,2.78074e-05,0,0.00924617,1.79098e-05,0.00929189,1,4,745,61,1920,741,745,425,303,50,50,10,1
673,50,1,2.78074e-05,0,0.00924617,1.79098e-05,0.00929189,1,4,1359,83,2624,1355,1359,515,284,50,50,10,1
674,50,1,2.78074e-05,0,0.00924617,1.79098e-05,0.00929189,0.9,4,666,58,1824,662,666,380,260,50,50,10,1
675,50,1,2.78074e-05,0,0.00924617,1.79098e-05,0.00929189,0.8,4,815,58,1824,811,815,358,239,50,50,10,1
676,50,1,2.78074e-05,0,0.00924617,1.79098e-05,0.00929189,0.9,4,988,58,1824,984,988,407,274,50,50,10,1
677,50,1,2.78074e-05,0,0.00924617,1.79098e-05,0.00929189,1,4,902,58,1824,898,902,434,307,50,50,10,1
678,50,1,2.78074e-05,0,0.00924617,1.79098e-05,0.00929189,1,4,720,59,1856,716,720,409,280,50,50,10,1
679,50,1,2.78074e-05,0,0.00924617,1.79098e-05,0.00929189,0.9,4,1055,54,1696,1051,1055,369,217,50,50,10,1
680,50,1,2.78074e-05,0,0.00924617,1.79098e-05,0.00929189,1,4,913,56,1760,909,913,370,246,50,50,10,1
681,50,1,2.78074e-05,0,0.00924617,1.79098e-05,0.00929189,1,4,845,53,1664,841,845,348,208,50,50,10,1
682,50,1,2.78074e-05,0,0.00924617,1.79098e-05,0.00929189,1,4,988,60,1888,984,988,436,308,50,50,10,1
683,50,1,2.78074e-05,0,0.00924617,1.79098e-05,0.00929189,1,4,682,53,1664,678,682,299,181,50,50,10,1
684,50,1,2.78074e-05,0,0.00924617,1.79098e-05,0.00929189,1,4,674,58,1824,670,674,392,282,50,50,10,1
685,50,1,2.78074e-05,0,0.00924617,1.79098e-05,0.00929189,0.7,4,825,54,1696,821,825,341,200,50,50,10,1
686,50,1,2.78074e-05,0,0.00924617,1.79098e-05,0.00929189,1,4,575,59,1856,571,575,415,307,50,50,10,1
687,50,1,2.78074e-05,0,0.00924617,1.79098e-05,0.00929189,0.9,4,974,55,1728,970,974,371,241,50,50,10,1
688,50,1,2.78074e-05,0,0.00924617,1.79098e-05,0.00929189,1,4,977,59,1856,973,977,432,303,50,50,10,1
689,50,1,2.78074e-05,0,0.00924617,1.79098e-05,0.00929189,1,4,679,57,1792,675,679,368,246,50,50,10,1
690,50,1,2.78074e-05,0,0.00924617,1.79098e-05,0.00929189,1,4,948,58,1824,944,948,419,284,50,50,10,1
691,50,1,2.78074e-05,0,0.00924617,1.79098e-05,0.00929189,1,4,711,55,1728,707,711,348,226,50,50,10,1
692,50,1,2.78074e-05,0,0.00924617,1.79098e-05,0.00929189,1,4,821,54,1696,817,821,339,213,50,50,10,1
693,50,1,2.78074e-05,0,0.00924617,1.79098e-05,0.00929189,0.9,4,1191,68,2144,1187,1191,489,331,50,50,10,1
694,50,1,2.78074e-05,0,0.00924617,1.79098e-05,0.00929189,1,4,754,57,1792,750,754,401,280,50,50,10,1
695,50,1,2.78074e-05,0,0.00924617,1.79098e-05,0.00929189,1,4,764,58,1824,760,764,398,277,50,50,10,1
696,50,1,2.78074e-05,0,0.00924617,1.79098e-05,0.00929189,1,4,769,53,1664,765,769,340,210,50,50,10,1
697,50,1,2.78074e-05,0,0.00924617,1.79098e-05,0.00929189,1,4,686,66,2080,682,686,479,374,50,50,10,1
698,50,1,2.78074e-05,0,0.00924617,1.79098e-05,0.00929189,1,4,737,58,1824,733,737,394,286,50,50,10,1
699,50,1,2.78074e-05,0,0.00924617,1.79098e-05,0.00929189,1,4,493,59,1856,489,493,332,241,50,50,10,1
700,50,1,2.78074e-05,0,0.00924617,1.79098e-05,0.00929189,1,4,651,56,1760,647,651,331,234,50,50,10,1
701,50,1,2.78074e-05,0,0.00924617,1.79098e-05,0.00929189,0.8,4,1078,55,1728,1074,1078,366,234,50,50,10,1
702,50,1,2.78074e-05,0,0.00924617,1.79098e-05,0.00929189,1,4,821,56,1760,817,821,368,223,50,50,10,1
703,50,1,2.78074e-05,0,0.00924617,1.79098e-05,0.00929189,0.8,4,1104,56,1760,1100,1104,358,210,50,50,10,1
704,50,1,2.78074e-05,0,0.00924617,1.79098e-05,0.00929189,1,4,780,54,1696,776,780,355,213,50,50,10,1
705,50,1,2.78074e-05,0,0.00924617,1.79098e-05,0.00929189,1,4,952,57,1792,948,952,414,288,50,50,10,1
706,50,1,2.78074e-05,0,0.00924617,1.79098e-05,0.00929189,0.9,4,828,53,1664,824,828,329,197,50,50,10,1
707,50,1,2.78074e-05,0,0.00924617,1.79098e-05,0.00929189,1,4,897,57,1792,893,897,358,228,50,50,10,1
708,50,1,2.78074e-05,0,0.00924617,1.79098e-05,0.00929189,0.8,4,852,55,1728,848,852,354,227,50,50,10,1
709,50,1,2.78074e-05,0,0.00924617,1.79098e-05,0.00929189,1,4,695,55,1728,691,695,337,222,50,50,10,1
710,50,1,2.78074e-05,0,0.00924617,1.79098e-05,0.00929189,1,4,964,56,1760,960,964,391,264,50,50,10,1
711,50,1,2.78074e-05,0,0.00924617,1.79098e-05,0.00929189,0.8,4,962,54,1696,958,962,333,209,50,50,10,1
712,50,1,2.78074e-05,0,0.00924617,1.79098e-05,0.00929189,1,4,1050,57,1792,1046,1050,379,231,50,50,10,1
713,50,1,2.78074e-05,0,0.00924617,1.79098e-05,0.00929189,0.8,4,1116,62,1952,1112,1116,414,289,50,50,10,1
714,50,1,2.78074e-05,0,0.00924617,1.79098e-05,0.00929189,0.8,4,1072,55,1728,1068,1072,394,265,50,50,10,1
715,50,1,2.78074e-05,0,0.00924617,1.79098e-05,0.00929189,1,4,1120,55,1728,1116,1120,363,226,50,50,10,1
716,50,1,2.78074e-05,0,0.00924617,1.79098e-05,0.00929189,1,4,864,55,1728,860,864,375,242,50,50,10,1
717,50,1,2.78074e-05,0,0.00924617,1.79098e-05,0.00929189,0.8,4,1175,60,1888,1171,1175,454,321,50,50,10,1
718,50,1,2.78074e-05,0,0.00924617,1.79098e-05,0.00929189,0.7,4,1063,60,1888,1059,1063,382,240,50,50,10,1
719,50,1,2.78074e-05,0,0.00924617,1.79098e-05,0.00929189,0.8,4,1028,60,1888,1024,1028,377,237,50,50,10,1
720,50,1,2.78074e-05,0,0.00924617,1.79098e-05,0.00929189,0.9,4,1029,56,1760,1025,1029,376,232,50,50,10,1
721,50,1,2.78074e-05,0,0.00924617,1.79098e-05,0.00929189,1,4,874,55,1728,870,874,375,249,50,50,10,1
722,50,1,2.78074e-05,0,0.00924617,1.79098e-05,0.00929189,1,4,969,55,1728,965,969,383,241,50,50,10,1
723,50,1,2.78074e-05,0,0.00924617,1.79098e-05,0.00929189,0.4,4,989,57,1792,985,989,411,272,50,50,10,1
724,50,1,2.78074e-05,0,0.00924617,1.79098e-05,0.00929189,0.9,4,922,56,1760,918,922,391,266,50,50,10,1
725,50,1,2.78074e-05,0,0.00924617,1.79098e-05,0.00929189,1,4,872,61,1920,868,872,464,323,50,50,10,1
726,50,1,2.78074e-05,0,0.00924617,1.79098e-05,0.00929189,1,4,907,58,1824,903,907,403,265,50,50,10,1
727,50,1,2.78074e-05,0,0.00924617,1.79098e-05,0.00929189,0.9,4,1015,58,1824,1011,1015,427,308,50,50,10,1
728,50,1,2.78074e-05,0,0.00924617,1.79098e-05,0.00929189,0.7,4,1221,68,2144,1217,1221,459,282,50,50,10,1
729,50,1,2.78074e-05,0,0.00924617,1.79098e-05,0.00929189,1,4,997,57,1792,993,997,380,240,50,50,10,1
730,50,1,2.78074e-05,0,0.00924617,1.79098e-05,0.00929189,1,4,1172,59,1856,1168,1172,420,269,50,50,10,1
731,50,1,2.78074e-05,0,0.00924617,1.79098e-05,0.00929189,0.9,4,944,56,1760,940,944,418,287,50,50,10,1
732,50,1,2.78074e-05,0,0.00924617,1.79098e-05,0.00929189,1,4,632,56,1760,628,632,349,218,50,50,10,1
733,50,1,2.78074e-05,0,0.00924617,1.79098e-05,0.00929189,1,4,705,59,1856,701,705,414,307,50,50,10,1
734,50,1,2.78074e-05,0,0.00924617,1.79098e-05,0.00929189,0.8,4,1060,64,2016,1056,1060,385,247,50,50,10,1
735,50,1,2.78074e-05,0,0.00924617,1.79098e-05,0.00929189,0.7,4,1164,59,1856,1160,1164,442,293,50,50,10,1
736,50,1,2.78074e-05,0,0.00924617,1.79098e-05,0.00929189,0.8,4,1071,54,1696,1067,1071,399,269,50,50,10,1
737,50,1,2.78074e-05,0,0.00924617,1.79098e-05,0.00929189,0.8,4,1071,58,1824,1067,1071,428,285,50,50,10,1
738,50,1,2.78074e-05,0,0.00924617,1.79098e-05,0.00929189,0.8,4,969,55,1728,965,969,401,277,50,50,10,1
739,50,1,2.78074e-05,0,0.00924617,1.79098e-05,0.00929189,0.9,4,952,57,1792,948,952,394,270,50,50,10,1
740,50,1,2.78074e-05,0,0.00924617,1.79098e-05,0.00929189,0.9,4,869,58,1824,865,869,411,284,50,50,10,1
741,50,1,2.78074e-05,0,0.00924617,1.79098e-05,0.00929189,0.9,4,943,56,1760,939,943,357,234,50,50,10,1
742,50,1,2.78074e-05,0,0.00924617,1.79098e-05,0.00929189,1,4,1051,66,2080,1047,1051,474,330,50,50,10,1
743,50,1,2.78074e-05,0,0.00924617,1.79098e-05,0.00929189,1,4,957,57,1792,953,957,402,265,50,50,10,1
744,50,1,2.78074e-05,0,0.00924617,1.79098e-05,0.00929189,0.7,4,903,53,1664,899,903,357,216,50,50,10,1
745,50,1,2.78074e-05,0,0.00924617,1.79098e-05,0.00929189,1,4,808,57,1792,804,808,403,275,50,50,10,1
746,50,1,2.78074e-05,0,0.00924617,1.79098e-05,0.00929189,0.9,4,886,65,2048,882,886,418,278,50,50,10,1
747,50,1,2.78074e-05,0,0.00924617,1.79098e-05,0.00929189,0.8,4,1610,85,2688,1606,1610,559,339,50,50,10,1
748,50,1,2.78074e-05,0,0.00924617,1.79098e-05,0.00929189,0.6,4,1081,57,1792,1077,1081,426,293,50,50,10,1
749,50,1,2.78074e-05,0,0.00924617,1.79098e-05,0.00929189,1,4,837,56,1760,833,837,389,271,50,50,10,1
750,50,1,2.78074e-05,0,0.00924617,1.79098e-05,0.00929189,0.9,4,1086,61,1920,1082,1086,440,308,50,50,10,1
751,50,1,2.78074e-05,0,0.00924617,1.79098e-05,0.00929189,0.9,4,975,59,1856,971,975,400,267,50,50,10,1
752,50,1,2.78074e-05,0,0.00924617,1.79098e-05,0.00929189,0.9,4,937,57,1792,933,937,401,263,50,50,10,1
753,50,1,2.78074e-05,0,0.00924617,1.79098e-05,0.00929189,0.8,4,847,55,1728,843,847,373,235,50,50,10,1
754,50,1,2.78074e-05,0,0.00924617,1.79098e-05,0.00929189,0.9,4,984,57,1792,980,984,396,275,50,50,10,1
755,50,1,2.78074e-05,0,0.00924617,1.79098e-05,0.00929189,0.7,4,812,55,1728,808,812,335,212,50,50,10,1
756,50,1,2.78074e-05,0,0.00924617,1.79098e-05,0.00929189,0.9,4,877,54,1696,873,877,327,209,50,50,10,1
757,50,1,2.78074e-05,0,0.00924617,1.79098e-05,0.00929189,1,4,972,61,1920,968,972,457,307,50,50,10,1
758,50,1,2.78074e-05,0,0.00924617,1.79098e-05,0.00929189,1,4,844,62,1952,840,844,460,344,50,50,10,1
759,50,1,2.78074e-05,0,0.00924617,1.79098e-05,0.00929189,1,4,927,59,1856,923,927,436,319,50,50,10,1
760,50,1,2.78074e-05,0,0.00924617,1.79098e-05,0.00929189,0.9,4,898,57,1792,894,898,359,210,50,50,10,1
761,50,1,2.78074e-05,0,0.00924617,1.79098e-05,0.00929189,1,4,563,54,1696,559,563,291,178,50,50,10,1
762,50,1,2.78074e-05,0,0.00924617,1.79098e-05,0.00929189,1,4,827,58,1824,823,827,383,250,50,50,10,1
763,50,1,2.78074e-05,0,0.00924617,1.79098e-05,0.00929189,1,4,990,56,1760,986,990,394,244,50,50,10,1
764,50,1,2.78074e-05,0,0.00924617,1.79098e-05,0.00929189,1,4,827,58,1824,823,827,439,316,50,50,10,1
765,50,1,2.78074e-05,0,0.00924617,1.79098e-05,0.00929189,1,4,742,59,1856,738,742,397,267,50,50,10,1
766,50,1,2.78074e-05,0,0.00924617,1.79098e-05,0.00929189,1,4,965,64,2016,961,965,496,358,50,50,10,1
767,50,1,2.78074e-05,0,0.00924617,1.79098e-05,0.00929189,1,4,831,56,1760,827,831,364,242,50,50,10,1
768,50,1,2.78074e-05,0,0.00924617,1.79098e-05,0.00929189,1,4,734,56,1760,730,734,407,282,50,50,10,1
769,50,1,2.78074e-05,0,0.00924617,1.79098e-05,0.00929189,0.9,4,870,57,1792,866,870,380,266,50,50,10,1
770,50,1,2.78074e-05,0,0.00924617,1.79098e-05,0.00929189,0.9,4,1011,56,1760,1007,1011,404,264,50,50,10,1
771,50,1,2.78074e-05,0,0.00924617,1.79098e-05,0.00929189,0.4,4,1084,55,1728,1080,1084,379,248,50,50,10,1
772,50,1,2.78074e-05,0,0.00924617,1.79098e-05,0.00929189,0.8,4,998,57,1792,994,998,371,223,50,50,10,1
773,50,1,2.78074e-05,0,0.00924617,1.79098e-05,0.00929189,0.7,4,1162,63,1984,1158,1162,434,292,50,50,10,1
774,50,1,2.78074e-05,0,0.00924617,1.79098e-05,0.00929189,1,4,606,59,1856,602,606,434,343,50,50,10,1
775,50,1,2.78074e-05,0,0.00924617,1.79098e-05,0.00929189,0.5,4,1108,58,1824,1104,1108,415,280,50,50,10,1
776,50,1,2.78074e-05,0,0.00924617,1.79098e-05,0.00929189,1,4,605,55,1728,601,605,310,203,50,50,10,1
777,50,1,2.78074e-05,0,0.00924617,1.79098e-05,0.00929189,1,4,685,57,1792,681,685,379,259,50,50,10,1
778,50,1,2.78074e-05,0,0.00924617,1.79098e-05,0.00929189,1,4,1076,59,1856,1072,1076,426,270,50,50,10,1
779,50,1,2.78074e-05,0,0.00924617,1.79098e-05,0.00929189,1,4,1039,69,2176,1035,1039,466,313,50,50,10,1
780,50,1,2.78074e-05,0,0.00924617,1.79098e-05,0.00929189,0.5,4,1044,54,1696,1040,1044,372,233,50,50,10,1
781,50,1,2.78074e-05,0,0.00924617,1.79098e-05,0.00929189,1,4,877,58,1824,873,877,425,283,50,50,10,1
782,50,1,2.78074e-05,0,0.00924617,1.79098e-05,0.00929189,1,4,953,54,1696,949,953,365,233,50,50,10,1
783,50,1,2.78074e-05,0,0.00924617,1.79098e-05,0.00929189,1,4,868,58,1824,864,868,410,304,50,50,10,1
784,50,1,2.78074e-05,0,0.00924617,1.79098e-05,0.00929189,1,4,825,55,1728,821,825,400,259,50,50,10,1
785,50,1,2.78074e-05,0,0.00924617,1.79098e-05,0.00929189,1,4,716,58,1824,712,716,385,262,50,50,10,1
786,50,1,2.78074e-05,0,0.00924617,1.79098e-05,0.00929189,1,4,916,55,1728,912,916,352,215,50,50,10,1
787,50,1,2.78074e-05,0,0.00924617,1.79098e-05,0.00929189,0.7,4,1140,58,1824,1136,1140,429,300,50,50,10,1
788,50,1,2.78074e-05,0,0.00924617,1.79098e-05,0.00929189,0.9,4,849,55,1728,845,849,323,191,50,50,10,1
789,50,1,2.78074e-05,0,0.00924617,1.79098e-05,0.00929189,0.9,4,1215,69,2176,1211,1215,463,303,50,50,10,1
790,50,1,2.78074e-05,0,0.00924617,1.79098e-05,0.00929189,1,4,768,57,1792,764,768,374,244,50,50,10,1
791,50,1,2.78074e-05,0,0.00924617,1.79098e-05,0.00929189,0.2,4,983,59,1856,979,983,377,224,50,50,10,1
792,50,1,2.78074e-05,0,0.00924617,1.79098e-05,0.00929189,0.7,4,1098,59,1856,1094,1098,380,232,50,50,10,1
793,50,1,2.78074e-05,0,0.00924617,1.79098e-05,0.00929189,0.5,4,1076,62,1952,1072,1076,446,298,50,50,10,1
794,50,1,2.78074e-05,0,0.00924617,1.79098e-05,0.00929189,1,4,757,55,1728,753,757,342,232,50,50,10,1
795,50,1,2.78074e-05,0,0.00924617,1.79098e-05,0.00929189,0.9,4,1063,57,1792,1059,1063,407,291,50,50,10,1
796,50,1,2.78074e-05,0,0.00924617,1.79098e-05,0.00929189,1,4,817,63,1984,813,817,503,378,50,50,10,1
797,50,1,2.78074e-05,0,0.00924617,1.79098e-05,0.00929189,1,4,603,58,1824,599,603,385,264,50,50,10,1
798,50,1,2.78074e-05,0,0.00924617,1.79098e-05,0.00929189,1,4,590,61,1920,586,590,416,294,50,50,10,1
799,50,1,2.78074e-05,0,0.00924617,1.79098e-05,0.00929189,0.9,4,888,59,1856,884,888,400,276,50,50,10,1
800,50,1,2.78074e-05,0,0.00924617,1.79098e-05,0.00929189,1,4,834,58,1824,830,834,400,263,50,50,10,1
801,50,1,2.78074e-05,0,0.00924617,1.79098e-05,0.00929189,0.9,4,928,59,1856,924,928,468,329,50,50,10,1
802,50,1,2.78074e-05,0,0.00924617,1.79098e-05,0.00929189,1,4,903,58,1824,899,903,415,258,50,50,10,1
803,50,1,2.78074e-05,0,0.00924617,1.79098e-05,0.00929189,1,4,1013,66,2080,1009,1013,501,356,50,50,10,1
804,50,1,2.78074e-05,0,0.00924617,1.79098e-05,0.00929189,0.9,4,820,53,1664,816,820,315,177,50,50,10,1
805,50,1,2.78074e-05,0,0.00924617,1.79098e-05,0.00929189,1,4,765,56,1760,761,765,362,240,50,50,10,1
806,50,1,2.78074e-05,0,0.00924617,1.79098e-05,0.00929189,1,4,529,60,1888,525,529,377,281,50,50,10,1
807,50,1,2.78074e-05,0,0.00924617,1.79098e-05,0.00929189,1,4,652,55,1728,648,652,334,201,50,50,10,1
808,50,1,2.78074e-05,0,0.00924617,1.79098e-05,0.00929189,1,4,723,55,1728,719,723,347,218,50,50,10,1
809,50,1,2.78074e-05,0,0.00924617,1.79098e-05,0.00929189,1,4,657,56,1760,653,657,353,216,50,50,10,1
810,50,1,2.78074e-05,0,0.00924617,1.79098e-05,0.00929189,1,4,1151,67,2112,1147,1151,458,287,50,50,10,1
811,50,1,2.78074e-05,0,0.00924617,1.79098e-05,0.00929189,1,4,745,56,1760,741,745,372,228,50,50,10,1
812,50,1,2.78074e-05,0,0.00924617,1.79098e-05,0.00929189,1,4,760,59,1856,756,760,449,331,50,50,10,1
813,50,1,2.78074e-05,0,0.00924617,1.79098e-05,0.00929189,0.5,4,1048,60,1888,1044,1048,413,282,50,50,10,1
814,50,1,2.78074e-05,0,0.00924617,1.79098e-05,0.00929189,1,4,654,57,1792,650,654,376,253,50,50,10,1
815,50,1,2.78074e-05,0,0.00924617,1.79098e-05,0.00929189,1,4,698,55,1728,694,698,332,197,50,50,10,1
816,50,1,2.78074e-05,0,0.00924617,1.79098e-05,0.00929189,1,4,991,56,1760,987,991,379,246,50,50,10,1
817,50,1,2.78074e-05,0,0.00924617,1.79098e-05,0.00929189,0.8,4,845,56,1760,841,845,347,222,50,50,10,1
818,50,1,2.78074e-05,0,0.00924617,1.79098e-05,0.00929189,1,4,871,58,1824,867,871,392,282,50,50,10,1
819,50,1,2.78074e-05,0,0.00924617,1.79098e-05,0.00929189,1,4,893,54,1696,889,893,361,228,50,50,10,1
820,50,1,2.78074e-05,0,0.00924617,1.79098e-05,0.00929189,1,4,710,56,1760,706,710,370,267,50,50,10,1
821,50,1,2.78074e-05,0,0.00924617,1.79098e-05,0.00929189,1,4,754,54,1696,750,754,323,197,50,50,10,1
822,50,1,2.78074e-05,0,0.00924617,1.79098e-05,0.00929189,0.8,4,976,54,1696,972,976,356,232,50,50,10,1
823,50,1,2.78074e-05,0,0.00924617,1.79098e-05,0.00929189,0.9,4,1085,54,1696,1081,1085,361,230,50,50,10,1
824,50,1,2.78074e-05,0,0.00924617,1.79098e-05,0.00929189,1,4,1206,59,1856,1202,1206,447,298,50,50,10,1
825,50,1,2.78074e-05,0,0.00924617,1.79098e-05,0.00929189,0.8,4,884,54,1696,880,884,329,194,50,50,10,1
826,50,1,2.78074e-05,0,0.00924617,1.79098e-05,0.00929189,0.7,4,993,54,1696,989,993,363,228,50,50,10,1
827,50,1,2.78074e-05,0,0.00924617,1.79098e-05,0.00929189,0.9,4,997,56,1760,993,997,393,244,50,50,10,1
828,50,1,2.78074e-05,0,0.00924617,1.79098e-05,0.00929189,0.8,4,966,54,1696,962,966,351,219,50,50,10,1
829,50,1,2.78074e-05,0,0.00924617,1.79098e-05,0.00929189,1,4,1018,56,1760,1014,1018,413,259,50,50,10,1
830,50,1,2.78074e-05,0,0.00924617,1.79098e-05,0.00929189,1,4,1005,56,1760,1001,1005,375,239,50,50,10,1
831,50,1,2.78074e-05,0,0.00924617,1.79098e-05,0.00929189,1,4,900,59,1856,896,900,428,294,50,50,10,1
832,50,1,2.78074e-05,0,0.00924617,1.79098e-05,0.00929189,0.9,4,911,57,1792,907,911,368,232,50,50,10,1
833,50,1,2.78074e-05,0,0.00924617,1.79098e-05,0.00929189,0.8,4,997,53,1664,993,997,317,200,50,50,10,1
834,50,1,2.78074e-05,0,0.00924617,1.79098e-05,0.00929189,0.7,4,1170,65,2048,1166,1170,409,262,50,50,10,1
835,50,1,2.78074e-05,0,0.00924617,1.79098e-05,0.00929189,1,4,932,56,1760,928,932,383,247,50,50,10,1
836,50,1,2.78074e-05,0,0.00924617,1.79098e-05,0.00929189,1,4,1053,55,1728,1049,1053,384,236,50,50,10,1
837,50,1,2.78074e-05,0,0.00924617,1.79098e-05,0.00929189,1,4,1031,57,1792,1027,1031,374,249,50,50,10,1
838,50,1,2.78074e-05,0,0.00924617,1.79098e-05,0.00929189,1,4,1031,55,1728,1027,1031,388,259,50,50,10,1
839,50,1,2.78074e-05,0,0.00924617,1.79098e-05,0.00929189,0.8,4,1004,58,1824,1000,1004,404,236,50,50,10,1
840,50,1,2.78074e-05,0,0.00924617,1.79098e-05,0.00929189,0.8,4,1048,53,1664,1044,1048,346,226,50,50,10,1
841,50,1,2.78074e-05,0,0.00924617,1.79098e-05,0.00929189,0.5,4,1136,55,1728,1132,1136,372,241,50,50,10,1
842,50,1,2.78074e-05,0,0.00924617,1.79098e-05,0.00929189,0.7,4,994,53,1664,990,994,312,199,50,50,10,1
843,50,1,2.78074e-05,0,0.00924617,1.79098e-05,0.00929189,1,4,889,54,1696,885,889,321,206,50,50,10,1
844,50,1,2.78074e-05,0,0.00924617,1.79098e-05,0.00929189,0.9,4,1137,59,1856,1133,1137,437,298,50,50,10,1
845,50,1,2.78074e-05,0,0.00924617,1.79098e-05,0.00929189,0.8,4,1201,65,2048,1197,1201,497,353,50,50,10,1
846,50,1,2.78074e-05,0,0.00924617,1.79098e-05,0.00929189,1,4,1077,57,1792,1073,1077,377,236,50,50,10,1
847,50,1,2.78074e-05,0,0.00924617,1.79098e-05,0.00929189,0.9,4,1001,54,1696,997,1001,370,228,50,50,10,1
848,50,1,2.78074e-05,0,0.00924617,1.79098e-05,0.00929189,1,4,980,55,1728,976,980,369,257,50,50,10,1
849,50,1,2.78074e-05,0,0.00924617,1.79098e-05,0.00929189,1,4,934,55,1728,930,934,375,243,50,50,10,1
850,50,1,2.78074e-05,0,0.00924617,1.79098e-05,0.00929189,1,4,1070,56,1760,1066,1070,416,275,50,50,10,1
851,50,1,2.78074e-05,0,0.00924617,1.79098e-05,0.00929189,0.9,4,918,56,1760,914,918,377,272,50,50,10,1
852,50,1,2.78074e-05,0,0.00924617,1.79098e-05,0.00929189,0.9,4,871,53,1664,867,871,357,212,50,50,10,1
853,50,1,2.78074e-05,0,0.00924617,1.79098e-05,0.00929189,1,4,723,55,1728,719,723,327,182,50,50,10,1
854,50,1,2.78074e-05,0,0.00924617,1.79098e-05,0.00929189,0.9,4,1003,54,1696,999,1003,343,212,50,50,10,1
855,50,1,2.78074e-05,0,0.00924617,1.79098e-05,0.00929189,0.9,4,864,55,1728,860,864,346,219,50,50,10,1
856,50,1,2.78074e-05,0,0.00924617,1.79098e-05,0.00929189,1,4,819,56,1760,815,819,372,254,50,50,10,1
857,50,1,2.78074e-05,0,0.00924617,1.79098e-05,0.00929189,1,4,1067,60,1888,1063,1067,478,324,50,50,10,1
858,50,1,2.78074e-05,0,0.00924617,1.79098e-05,0.00929189,1,4,1245,67,2112,1241,1245,428,271,50,50,10,1
859,50,1,2.78074e-05,0,0.00924617,1.79098e-05,0.00929189,0.9,4,1050,57,1792,1046,1050,408,276,50,50,10,1
860,50,1,2.78074e-05,0,0.00924617,1.79098e-05,0.00929189,1,4,953,55,1728,949,953,361,223,50,50,10,1
861,50,1,2.78074e-05,0,0.00924617,1.79098e-05,0.00929189,0.4,4,1331,69,2176,1327,1331,449,299,50,50,10,1
862,50,1,2.78074e-05,0,0.00924617,1.79098e-05,0.00929189,1,4,968,54,1696,964,968,337,223,50,50,10,1
863,50,1,2.78074e-05,0,0.00924617,1.79098e-05,0.00929189,1,4,944,59,1856,940,944,450,318,50,50,10,1
864,50,1,2.78074e-05,0,0.00924617,1.79098e-05,0.00929189,0.8,4,1188,61,1920,1184,1188,436,287,50,50,10,1
865,50,1,2.78074e-05,0,0.00924617,1.79098e-05,0.00929189,0.9,4,1013,59,1856,1009,1013,441,294,50,50,10,1
866,50,1,2.78074e-05,0,0.00924617,1.79098e-05,0.00929189,1,4,1080,59,1856,1076,1080,416,267,50,50,10,1
867,50,1,2.78074e-05,0,0.00924617,1.79098e-05,0.00929189,1,4,1094,61,1920,1090,1094,397,257,50,50,10,1
868,50,1,2.78074e-05,0,0.00924617,1.79098e-05,0.00929189,0.9,4,1276,68,2144,1272,1276,404,242,50,50,10,1
869,50,1,2.78074e-05,0,0.00924617,1.79098e-05,0.00929189,1,4,880,54,1696,876,880,310,192,50,50,10,1
870,50,1,2.78074e-05,0,0.00924617,1.79098e-05,0.00929189,0.4,4,1109,62,1952,1105,1109,397,276,50,50,10,1
871,50,1,2.78074e-05,0,0.00924617,1.79098e-05,0.00929189,0.7,4,975,58,1824,971,975,364,238,50,50,10,1
872,50,1,2.78074e-05,0,0.00924617,1.79098e-05,0.00929189,1,4,901,55,1728,897,901,394,256,50,50,10,1
873,50,1,2.78074e-05,0,0.00924617,1.79098e-05,0.00929189,0.9,4,1139,59,1856,1135,1139,418,297,50,50,10,1
874,50,1,2.78074e-05,0,0.00924617,1.79098e-05,0.00929189,1,4,751,59,1856,747,751,444,309,50,50,10,1
875,50,1,2.78074e-05,0,0.00924617,1.79098e-05,0.00929189,0.7,4,1013,57,1792,1009,1013,432,292,50,50,10,1
876,50,1,2.78074e-05,0,0.00924617,1.79098e-05,0.00929189,0.9,4,967,54,1696,963,967,365,237,50,50,10,1
877,50,1,2.78074e-05,0,0.00924617,1.79098e-05,0.00929189,0.6,4,1013,55,1728,1009,1013,337,216,50,50,10,1
878,50,1,2.78074e-05,0,0.00924617,1.79098e-05,0.00929189,1,4,966,57,1792,962,966,376,261,50,50,10,1
879,50,1,2.78074e-05,0,0.00924617,1.79098e-05,0.00929189,1,4,946,54,1696,942,946,352,221,50,50,10,1
880,50,1,2.78074e-05,0,0.00924617,1.79098e-05,0.00929189,1,4,911,54,1696,907,911,318,205,50,50,10,1
881,50,1,2.78074e-05,0,0.00924617,1.79098e-05,0.00929189,0.9,4,1014,59,1856,1010,1014,399,254,50,50,10,1
882,50,1,2.78074e-05,0,0.00924617,1.79098e-05,0.00929189,1,4,694,56,1760,690,694,362,240,50,50,10,1
883,50,1,2.78074e-05,0,0.00924617,1.79098e-05,0.00929189,1,4,883,57,1792,879,883,379,258,50,50,10,1
884,50,1,2.78074e-05,0,0.00924617,1.79098e-05,0.00929189,0.9,4,1084,53,1664,1080,1084,366,221,50,50,10,1
885,50,1,2.78074e-05,0,0.00924617,1.79098e-05,0.00929189,1,4,1006,60,1888,1002,1006,405,281,50,50,10,1
886,50,1,2.78074e-05,0,0.00924617,1.79098e-05,0.00929189,0.9,4,1095,56,1760,1091,1095,403,269,50,50,10,1
887,50,1,2.78074e-05,0,0.00924617,1.79098e-05,0.00929189,0.7,4,1073,58,1824,1069,1073,419,274,50,50,10,1
888,50,1,2.78074e-05,0,0.00924617,1.79098e-05,0.00929189,0.4,4,1067,56,1760,1063,1067,382,256,50,50,10,1
889,50,1,2.78074e-05,0,0.00924617,1.79098e-05,0.00929189,0.8,4,1093,57,1792,1089,1093,404,266,50,50,10,1
890,50,1,2.78074e-05,0,0.00924617,1.79098e-05,0.00929189,0.8,4,992,57,1792,988,992,383,270,50,50,10,1
891,50,1,2.78074e-05,0,0.00924617,1.79098e-05,0.00929189,1,4,1020,57,1792,1016,1020,386,257,50,50,10,1
892,50,1,2.78074e-05,0,0.00924617,1.79098e-05,0.00929189,0.9,4,1104,57,1792,1100,1104,412,278,50,50,10,1
893,50,1,2.78074e-05,0,0.00924617,1.79098e-05,0.00929189,0.8,4,1018,56,1760,1014,1018,395,254,50,50,10,1
894,50,1,2.78074e-05,0,0.00924617,1.79098e-05,0.00929189,1,4,1055,55,1728,1051,1055,371,234,50,50,10,1
895,50,1,2.78074e-05,0,0.00924617,1.79098e-05,0.00929189,0.9,4,897,54,1696,893,897,371,256,50,50,10,1
896,50,1,2.78074e-05,0,0.00924617,1.79098e-05,0.00929189,0.7,4,1191,71,2240,1187,1191,449,260,50,50,10,1
897,50,1,2.78074e-05,0,0.00924617,1.79098e-05,0.00929189,0.9,4,951,58,1824,947,951,385,260,50,50,10,1
898,50,1,2.78074e-05,0,0.00924617,1.79098e-05,0.00929189,1,4,1021,58,1824,1017,1021,397,278,50,50,10,1
899,50,1,2.78074e-05,0,0.00924617,1.79098e-05,0.00929189,0.8,4,1080,59,1856,1076,1080,386,248,50,50,10,1
900,50,1,2.78074e-05,0,0.00924617,1.79098e-05,0.00929189,0.8,4,1230,62,1952,1226,1230,380,230,50,50,10,1
901,50,1,2.78074e-05,0,0.00924617,1.79098e-05,0.00929189,0.7,4,960,55,1728,956,960,413,279,50,50,10,1
902,50,1,2.78074e-05,0,0.00924617,1.79098e-05,0.00929189,1,4,829,55,1728,825,829,358,217,50,50,10,1
903,50,1,2.78074e-05,0,0.00924617,1.79098e-05,0.00929189,1,4,922,57,1792,918,922,401,244,50,50,10,1
904,50,1,2.78074e-05,0,0.00924617,1.79098e-05,0.00929189,1,4,956,55,1728,952,956,353,234,50,50,10,1
905,50,1,2.78074e-05,0,0.00924617,1.79098e-05,0.00929189,1,4,981,58,1824,977,981,434,277,50,50,10,1
906,50,1,2.78074e-05,0,0.00924617,1.79098e-05,0.00929189,0.7,4,1076,59,1856,1072,1076,400,270,50,50,10,1
907,50,1,2.78074e-05,0,0.00924617,1.79098e-05,0.00929189,0.9,4,1003,58,1824,999,1003,402,275,50,50,10,1
908,50,1,2.78074e-05,0,0.00924617,1.79098e-05,0.00929189,0.2,4,1190,66,2080,1186,1190,451,289,50,50,10,1
909,50,1,2.78074e-05,0,0.00924617,1.79098e-05,0.00929189,0.8,4,930,55,1728,926,930,421,297,50,50,10,1
910,50,1,2.78074e-05,0,0.00924617,1.79098e-05,0.00929189,1,4,963,56,1760,959,963,337,207,50,50,10,1
911,50,1,2.78074e-05,0,0.00924617,1.79098e-05,0.00929189,0.7,4,1101,60,1888,1097,1101,419,260,50,50,10,1
912,50,1,2.78074e-05,0,0.00924617,1.79098e-05,0.00929189,0.4,4,1159,65,2048,1155,1159,407,249,50,50,10,1
913,50,1,2.78074e-05,0,0.00924617,1.79098e-05,0.00929189,1,4,885,55,1728,881,885,341,210,50,50,10,1
914,50,1,2.78074e-05,0,0.00924617,1.79098e-05,0.00929189,0.7,4,1341,68,2144,1337,1341,492,314,50,50,10,1
915,50,1,2.78074e-05,0,0.00924617,1.79098e-05,0.00929189,0.9,4,1116,65,2048,1112,1116,481,327,50,50,10,1
916,50,1,2.78074e-05,0,0.00924617,1.79098e-05,0.00929189,1,4,1090,63,1984,1086,1090,448,300,50,50,10,1
917,50,1,2.78074e-05,0,0.00924617,1.79098e-05,0.00929189,1,4,825,56,1760,821,825,382,279,50,50,10,1
918,50,1,2.78074e-05,0,0.00924617,1.79098e-05,0.00929189,0.9,4,956,54,1696,952,956,340,209,50,50,10,1
919,50,1,2.78074e-05,0,0.00924617,1.79098e-05,0.00929189,1,4,1032,57,1792,1028,1032,373,227,50,50,10,1
920,50,1,2.78074e-05,0,0.00924617,1.79098e-05,0.00929189,0.9,4,1248,68,2144,1244,1248,482,333,50,50,10,1
921,50,1,2.78074e-05,0,0.00924617,1.79098e-05,0.00929189,0.8,4,1080,59,1856,1076,1080,415,278,50,50,10,1
922,50,1,2.78074e-05,0,0.00924617,1.79098e-05,0.00929189,1,4,1006,63,1984,1002,1006,476,326,50,50,10,1
923,50,1,2.78074e-05,0,0.00924617,1.79098e-05,0.00929189,0.7,4,1200,66,2080,1196,1200,429,276,50,50,10,1
924,50,1,2.78074e-05,0,0.00924617,1.79098e-05,0.00929189,1,4,1011,55,1728,1007,1011,383,224,50,50,10,1
925,50,1,2.78074e-05,0,0.00924617,1.79098e-05,0.00929189,1,4,834,55,1728,830,834,372,227,50,50,10,1
926,50,1,2.78074e-05,0,0.00924617,1.79098e-05,0.00929189,1,4,851,59,1856,847,851,446,315,50,50,10,1
927,50,1,2.78074e-05,0,0.00924617,1.79098e-05,0.00929189,0.9,4,903,55,1728,899,903,388,245,50,50,10,1
928,50,1,2.78074e-05,0,0.00924617,1.79098e-05,0.00929189,1,4,882,55,1728,878,882,337,211,50,50,10,1
929,50,1,2.78074e-05,0,0.00924617,1.79098e-05,0.00929189,1,4,1024,60,1888,1020,1024,425,294,50,50,10,1
930,50,1,2.78074e-05,0,0.00924617,1.79098e-05,0.00929189,0.9,4,1138,61,1920,1134,1138,430,275,50,50,10,1
931,50,1,2.78074e-05,0,0.00924617,1.79098e-05,0.00929189,1,4,996,61,1920,992,996,440,290,50,50,10,1
932,50,1,2.78074e-05,0,0.00924617,1.79098e-05,0.00929189,0.8,4,878,56,1760,874,878,339,208,50,50,10,1
933,50,1,2.78074e-05,0,0.00924617,1.79098e-05,0.00929189,1,4,845,56,1760,841,845,371,235,50,50,10,1
934,50,1,2.78074e-05,0,0.00924617,1.79098e-05,0.00929189,0.8,4,1048,55,1728,1044,1048,374,258,50,50,10,1
935,50,1,2.78074e-05,0,0.00924617,1.79098e-05,0.00929189,1,4,935,61,1920,931,935,458,325,50,50,10,1
936,50,1,2.78074e-05,0,0.00924617,1.79098e-05,0.00929189,0.9,4,1302,83,2624,1298,1302,509,263,50,50,10,1
937,50,1,2.78074e-05,0,0.00924617,1.79098e-05,0.00929189,0.2,4,1270,67,2112,1266,1270,392,225,50,50,10,1
938,50,1,2.78074e-05,0,0.00924617,1.79098e-05,0.00929189,0.6,4,886,55,1728,882,886,358,222,50,50,10,1
939,50,1,2.78074e-05,0,0.00924617,1.79098e-05,0.00929189,0.8,4,963,59,1856,959,963,400,272,50,50,10,1
940,50,1,2.78074e-05,0,0.00924617,1.79098e-05,0.00929189,0.6,4,971,55,1728,967,971,351,237,50,50,10,1
941,50,1,2.78074e-05,0,0.00924617,1.79098e-05,0.00929189,1,4,1022,56,1760,1018,1022,386,248,50,50,10,1
942,50,1,2.78074e-05,0,0.00924617,1.79098e-05,0.00929189,1,4,932,58,1824,928,932,386,258,50,50,10,1
943,50,1,2.78074e-05,0,0.00924617,1.79098e-05,0.00929189,1,4,853,54,1696,849,853,322,189,50,50,10,1
944,50,1,2.78074e-05,0,0.00924617,1.79098e-05,0.00929189,1,4,881,57,1792,877,881,373,249,50,50,10,1
945,50,1,2.78074e-05,0,0.00924617,1.79098e-05,0.00929189,1,4,560,56,1760,556,560,326,207,50,50,10,1
946,50,1,2.78074e-05,0,0.00924617,1.79098e-05,0.00929189,0.9,4,1204,64,2016,1200,1204,484,323,50,50,10,1
947,50,1,2.78074e-05,0,0.00924617,1.79098e-05,0.00929189,1,4,996,59,1856,992,996,433,280,50,50,10,1
948,50,1,2.78074e-05,0,0.00924617,1.79098e-05,0.00929189,0.4,4,1236,69,2176,1232,1236,479,312,50,50,10,1
949,50,1,2.78074e-05,0,0.00924617,1.79098e-05,0.00929189,0.6,4,1114,62,1952,1110,1114,407,249,50,50,10,1
950,50,1,2.78074e-05,0,0.00924617,1.79098e-05,0.00929189,1,4,928,55,1728,924,928,384,253,50,50,10,1
951,50,1,2.78074e-05,0,0.00924617,1.79098e-05,0.00929189,0.4,4,920,58,1824,916,920,419,288,50,50,10,1
952,50,1,2.78074e-05,0,0.00924617,1.79098e-05,0.00929189,0.8,4,975,54,1696,971,975,341,220,50,50,10,1
953,50,1,2.78074e-05,0,0.00924617,1.79098e-05,0.00929189,0.6,4,1026,56,1760,1022,1026,392,246,50,50,10,1
954,50,1,2.78074e-05,0,0.00924617,1.79098e-05,0.00929189,1,4,982,59,1856,978,982,447,330,50,50,10,1
955,50,1,2.78074e-05,0,0.00924617,1.79098e-05,0.00929189,0.9,4,960,56,1760,956,960,388,275,50,50,10,1
956,50,1,2.78074e-05,0,0.00924617,1.79098e-05,0.00929189,1,4,1019,54,1696,1015,1019,350,223,50,50,10,1
957,50,1,2.78074e-05,0,0.00924617,1.79098e-05,0.00929189,1,4,1018,55,1728,1014,1018,347,211,50,50,10,1
958,50,1,2.78074e-05,0,0.00924617,1.79098e-05,0.00929189,0.7,4,1040,59,1856,1036,1040,375,246,50,50,10,1
959,50,1,2.78074e-05,0,0.00924617,1.79098e-05,0.00929189,0.9,4,976,58,1824,972,976,385,242,50,50,10,1
960,50,1,2.78074e-05,0,0.00924617,1.79098e-05,0.00929189,0.9,4,1002,60,1888,998,1002,389,252,50,50,10,1
961,50,1,2.78074e-05,0,0.00924617,1.79098e-05,0.00929189,1,4,956,55,1728,952,956,378,254,50,50,10,1
962,50,1,2.78074e-05,0,0.00924617,1.79098e-05,0.00929189,0.9,4,892,55,1728,888,892,363,249,50,50,10,1
963,50,1,2.78074e-05,0,0.00924617,1.79098e-05,0.00929189,1,4,1041,60,1888,1037,1041,412,262,50,50,10,1
964,50,1,2.78074e-05,0,0.00924617,1.79098e-05,0.00929189,1,4,1069,57,1792,1065,1069,413,294,50,50,10,1
965,50,1,2.78074e-05,0,0.00924617,1.79098e-05,0.00929189,1,4,931,60,1888,927,931,445,307,50,50,10,1
966,50,1,2.78074e-05,0,0.00924617,1.79098e-05,0.00929189,1,4,1052,64,2016,1048,1052,519,359,50,50,10,1
967,50,1,2.78074e-05,0,0.00924617,1.79098e-05,0.00929189,0.5,4,1056,62,1952,1052,1056,412,274,50,50,10,1
968,50,1,2.78074e-05,0,0.00924617,1.79098e-05,0.00929189,0.8,4,974,58,1824,970,974,384,242,50,50,10,1
969,50,1,2.78074e-05,0,0.00924617,1.79098e-05,0.00929189,0.8,4,984,57,1792,980,984,428,284,50,50,10,1
970,50,1,2.78074e-05,0,0.00924617,1.79098e-05,0.00929189,1,4,1004,56,1760,1000,1004,400,259,50,50,10,1
971,50,1,2.78074e-05,0,0.00924617,1.79098e-05,0.00929189,1,4,953,60,1888,949,953,430,287,50,50,10,1
972,50,1,2.78074e-05,0,0.00924617,1.79098e-05,0.00929189,0.9,4,842,57,1792,838,842,419,298,50,50,10,1
973,50,1,2.78074e-05,0,0.00924617,1.79098e-05,0.00929189,1,4,936,58,1824,932,936,380,251,50,50,10,1
974,50,1,2.78074e-05,0,0.00924617,1.79098e-05,0.00929189,1,4,763,57,1792,759,763,388,264,50,50,10,1
975,50,1,2.78074e-05,0,0.00924617,1.79098e-05,0.00929189,1,4,898,56,1760,894,898,387,232,50,50,10,1
976,50,1,2.78074e-05,0,0.00924617,1.79098e-05,0.00929189,1,4,957,59,1856,953,957,424,313,50,50,10,1
977,50,1,2.78074e-05,0,0.00924617,1.79098e-05,0.00929189,0.9,4,1159,63,1984,1155,1159,398,255,50,50,10,1
978,50,1,2.78074e-05,0,0.00924617,1.79098e-05,0.00929189,1,4,864,59,1856,860,864,409,293,50,50,10,1
979,50,1,2.78074e-05,0,0.00924617,1.79098e-05,0.00929189,1,4,911,64,2016,907,911,476,336,50,50,10,1
980,50,1,2.78074e-05,0,0.00924617,1.79098e-05,0.00929189,0.9,4,952,58,1824,948,952,393,261,50,50,10,1
981,50,1,2.78074e-05,0,0.00924617,1.79098e-05,0.00929189,1,4,1194,64,2016,1190,1194,430,258,50,50,10,1
982,50,1,2.78074e-05,0,0.00924617,1.79098e-05,0.00929189,0.9,4,1099,60,1888,1095,1099,433,277,50,50,10,1
983,50,1,2.78074e-05,0,0.00924617,1.79098e-05,0.00929189,0.8,4,981,63,1984,977,981,412,257,50,50,10,1
984,50,1,2.78074e-05,0,0.00924617,1.79098e-05,0.00929189,0.8,4,1075,58,1824,1071,1075,397,278,50,50,10,1
985,50,1,2.78074e-05,0,0.00924617,1.79098e-05,0.00929189,1,4,1111,59,1856,1107,1111,441,315,50,50,10,1
986,50,1,2.78074e-05,0,0.00924617,1.79098e-05,0.00929189,0.8,4,926,57,1792,922,926,387,265,50,50,10,1
987,50,1,2.78074e-05,0,0.00924617,1.79098e-05,0.00929189,1,4,975,60,1888,971,975,404,278,50,50,10,1
988,50,1,2.78074e-05,0,0.00924617,1.79098e-05,0.00929189,1,4,870,55,1728,866,870,348,213,50,50,10,1
989,50,1,2.78074e-05,0,0.00924617,1.79098e-05,0.00929189,0.8,4,941,54,1696,937,941,362,239,50,50,10,1
990,50,1,2.78074e-05,0,0.00924617,1.79098e-05,0.00929189,1,4,952,60,1888,948,952,448,299,50,50,10,1
991,50,1,2.78074e-05,0,0.00924617,1.79098e-05,0.00929189,0,4,939,53,1664,935,939,344,213,50,50,10,1
992,50,1,2.78074e-05,0,0.00924617,1.79098e-05,0.00929189,1,4,1020,64,2016,1016,1020,454,301,50,50,10,1
993,50,1,2.78074e-05,0,0.00924617,1.79098e-05,0.00929189,0.6,4,1014,57,1792,1010,1014,405,245,50,50,10,1
994,50,1,2.78074e-05,0,0.00924617,1.79098e-05,0.00929189,1,4,822,56,1760,818,822,361,231,50,50,10,1
995,50,1,2.78074e-05,0,0.00924617,1.79098e-05,0.00929189,0.9,4,947,55,1728,943,947,377,240,50,50,10,1
996,50,1,2.78074e-05,0,0.00924617,1.79098e-05,0.00929189,0.8,4,1002,57,1792,998,1002,412,289,50,50,10,1
997,50,1,2.78074e-05,0,0.00924617,1.79098e-05,0.00929189,1,4,790,57,1792,786,790,393,240,50,50,10,1
998,50,1,2.78074e-05,0,0.00924617,1.79098e-05,0.00929189,0.9,4,895,55,1728,891,895,374,237,50,50,10,1
999,50,1,2.78074e-05,0,0.00924617,1.79098e-05,0.00929189,0.5,4,1022,54,1696,1018,1022,322,217,50,50,10,1
