query_id,pq,batch_index,approx_h2d_ms,approx_memset_ms,approx_kernel_ms,approx_d2h_ms,approx_total_ms,recall,seed_count,visited_nodes,expanded_nodes,neighbor_slots_scanned,candidate_nodes,distance_evals,frontier_pushes,result_updates,peak_frontier,peak_results,result_count,early_stopped
0,50,0,2.37441e-05,0,0.0112092,2.70801e-05,0.01126,0.2,4,1137,61,1920,1133,1137,362,227,50,50,10,1
1,50,0,2.37441e-05,0,0.0112092,2.70801e-05,0.01126,0,4,1083,57,1792,1079,1083,383,249,50,50,10,1
2,50,0,2.37441e-05,0,0.0112092,2.70801e-05,0.01126,0,4,1216,62,1952,1212,1216,393,253,50,50,10,1
3,50,0,2.37441e-05,0,0.0112092,2.70801e-05,0.01126,0.2,4,1022,72,2272,1018,1022,373,225,50,50,10,1
4,50,0,2.37441e-05,0,0.0112092,2.70801e-05,0.01126,0,4,1130,61,1920,1126,1130,365,237,50,50,10,1
5,50,0,2.37441e-05,0,0.0112092,2.70801e-05,0.01126,0.1,4,1530,76,2400,1526,1530,464,296,50,50,10,1
6,50,0,2.37441e-05,0,0.0112092,2.70801e-05,0.01126,0,4,1318,71,2240,1314,1318,386,233,50,50,10,1
7,50,0,2.37441e-05,0,0.0112092,2.70801e-05,0.01126,0.2,4,1066,83,2624,1062,1066,456,275,50,50,10,1
8,50,0,2.37441e-05,0,0.0112092,2.70801e-05,0.01126,0,4,1516,78,2464,1512,1516,408,208,50,50,10,1
9,50,0,2.37441e-05,0,0.0112092,2.70801e-05,0.01126,0.2,4,1186,58,1824,1182,1186,363,260,50,50,10,1
10,50,0,2.37441e-05,0,0.0112092,2.70801e-05,0.01126,0.2,4,1233,60,1888,1229,1233,373,242,50,50,10,1
11,50,0,2.37441e-05,0,0.0112092,2.70801e-05,0.01126,0,4,1501,75,2368,1497,1501,409,239,50,50,10,1
12,50,0,2.37441e-05,0,0.0112092,2.70801e-05,0.01126,0,4,1103,57,1792,1099,1103,370,241,50,50,10,1
13,50,0,2.37441e-05,0,0.0112092,2.70801e-05,0.01126,0.2,4,1274,64,2016,1270,1274,390,228,50,50,10,1
14,50,0,2.37441e-05,0,0.0112092,2.70801e-05,0.01126,0.2,4,1349,75,2368,1345,1349,442,263,50,50,10,1
15,50,0,2.37441e-05,0,0.0112092,2.70801e-05,0.01126,0.1,4,1060,56,1760,1056,1060,322,196,50,50,10,1
16,50,0,2.37441e-05,0,0.0112092,2.70801e-05,0.01126,0.3,4,1313,69,2176,1309,1313,420,272,50,50,10,1
17,50,0,2.37441e-05,0,0.0112092,2.70801e-05,0.01126,0.2,4,1232,70,2208,1228,1232,347,183,50,50,10,1
18,50,0,2.37441e-05,0,0.0112092,2.70801e-05,0.01126,0.1,4,1811,92,2912,1807,1811,531,283,50,50,10,1
19,50,0,2.37441e-05,0,0.0112092,2.70801e-05,0.01126,0.2,4,1230,83,2624,1226,1230,360,179,50,50,10,1
20,50,0,2.37441e-05,0,0.0112092,2.70801e-05,0.01126,0.4,4,1194,81,2560,1190,1194,434,257,50,50,10,1
21,50,0,2.37441e-05,0,0.0112092,2.70801e-05,0.01126,0.5,4,1228,79,2496,1224,1228,401,220,50,50,10,1
22,50,0,2.37441e-05,0,0.0112092,2.70801e-05,0.01126,0.1,4,1559,93,2944,1555,1559,491,284,50,50,10,1
23,50,0,2.37441e-05,0,0.0112092,2.70801e-05,0.01126,0.3,4,1033,60,1888,1029,1033,389,256,50,50,10,1
24,50,0,2.37441e-05,0,0.0112092,2.70801e-05,0.01126,0.2,4,969,56,1760,965,969,329,210,50,50,10,1
25,50,0,2.37441e-05,0,0.0112092,2.70801e-05,0.01126,0.3,4,1344,68,2144,1340,1344,430,270,50,50,10,1
26,50,0,2.37441e-05,0,0.0112092,2.70801e-05,0.01126,0.6,4,1404,75,2368,1400,1404,419,238,50,50,10,1
27,50,0,2.37441e-05,0,0.0112092,2.70801e-05,0.01126,0.1,4,1221,62,1952,1217,1221,370,242,50,50,10,1
28,50,0,2.37441e-05,0,0.0112092,2.70801e-05,0.01126,0.1,4,1189,72,2272,1185,1189,413,233,50,50,10,1
29,50,0,2.37441e-05,0,0.0112092,2.70801e-05,0.01126,0.1,4,1185,93,2944,1181,1185,569,375,50,50,10,1
30,50,0,2.37441e-05,0,0.0112092,2.70801e-05,0.01126,0.3,4,1278,78,2464,1274,1278,436,255,50,50,10,1
31,50,0,2.37441e-05,0,0.0112092,2.70801e-05,0.01126,0.5,4,1450,82,2592,1446,1450,490,278,50,50,10,1
32,50,0,2.37441e-05,0,0.0112092,2.70801e-05,0.01126,0.1,4,1267,66,2080,1263,1267,470,328,50,50,10,1
33,50,0,2.37441e-05,0,0.0112092,2.70801e-05,0.01126,0.5,4,934,65,2048,930,934,374,228,50,50,10,1
34,50,0,2.37441e-05,0,0.0112092,2.70801e-05,0.01126,0.2,4,1695,84,2656,1691,1695,490,264,50,50,10,1
35,50,0,2.37441e-05,0,0.0112092,2.70801e-05,0.01126,0.2,4,1243,66,2080,1239,1243,362,198,50,50,10,1
36,50,0,2.37441e-05,0,0.0112092,2.70801e-05,0.01126,0,4,1207,60,1888,1203,1207,378,247,50,50,10,1
37,50,0,2.37441e-05,0,0.0112092,2.70801e-05,0.01126,0.4,4,991,65,2048,987,991,422,275,50,50,10,1
38,50,0,2.37441e-05,0,0.0112092,2.70801e-05,0.01126,0.4,4,916,54,1696,912,916,320,187,50,50,10,1
39,50,0,2.37441e-05,0,0.0112092,2.70801e-05,0.01126,0.1,4,1144,69,2176,1140,1144,417,247,50,50,10,1
40,50,0,2.37441e-05,0,0.0112092,2.70801e-05,0.01126,0.4,4,1112,67,2112,1108,1112,415,254,50,50,10,1
41,50,0,2.37441e-05,0,0.0112092,2.70801e-05,0.01126,0,4,944,68,2144,940,944,461,328,50,50,10,1
42,50,0,2.37441e-05,0,0.0112092,2.70801e-05,0.01126,0.2,4,1195,68,2144,1191,1195,398,249,50,50,10,1
43,50,0,2.37441e-05,0,0.0112092,2.70801e-05,0.01126,0.1,4,1201,63,1984,1197,1201,495,350,50,50,10,1
44,50,0,2.37441e-05,0,0.0112092,2.70801e-05,0.01126,0.1,4,1080,72,2272,1076,1080,407,251,50,50,10,1
45,50,0,2.37441e-05,0,0.0112092,2.70801e-05,0.01126,0,4,1038,73,2304,1034,1038,385,217,50,50,10,1
46,50,0,2.37441e-05,0,0.0112092,2.70801e-05,0.01126,0.2,4,1059,62,1952,1055,1059,435,291,50,50,10,1
47,50,0,2.37441e-05,0,0.0112092,2.70801e-05,0.01126,0,4,1119,57,1792,1115,1119,358,234,50,50,10,1
48,50,0,2.37441e-05,0,0.0112092,2.70801e-05,0.01126,0.2,4,1014,65,2048,1010,1014,415,255,50,50,10,1
49,50,0,2.37441e-05,0,0.0112092,2.70801e-05,0.01126,0.3,4,830,64,2016,826,830,363,229,50,50,10,1
50,50,0,2.37441e-05,0,0.0112092,2.70801e-05,0.01126,0.6,4,1347,79,2496,1343,1347,549,357,50,50,10,1
51,50,0,2.37441e-05,0,0.0112092,2.70801e-05,0.01126,0.2,4,971,59,1856,967,971,350,215,50,50,10,1
52,50,0,2.37441e-05,0,0.0112092,2.70801e-05,0.01126,0.2,4,1460,76,2400,1456,1460,464,269,50,50,10,1
53,50,0,2.37441e-05,0,0.0112092,2.70801e-05,0.01126,0.2,4,1150,69,2176,1146,1150,450,300,50,50,10,1
54,50,0,2.37441e-05,0,0.0112092,2.70801e-05,0.01126,0.1,4,882,78,2464,878,882,399,255,50,50,10,1
55,50,0,2.37441e-05,0,0.0112092,2.70801e-05,0.01126,0.7,4,800,73,2304,796,800,404,267,50,50,10,1
56,50,0,2.37441e-05,0,0.0112092,2.70801e-05,0.01126,0,4,1493,91,2880,1489,1493,455,249,50,50,10,1
57,50,0,2.37441e-05,0,0.0112092,2.70801e-05,0.01126,0.4,4,1233,62,1952,1229,1233,358,231,50,50,10,1
58,50,0,2.37441e-05,0,0.0112092,2.70801e-05,0.01126,0.2,4,1265,73,2304,1261,1265,397,226,50,50,10,1
59,50,0,2.37441e-05,0,0.0112092,2.70801e-05,0.01126,0.1,4,651,64,2016,647,651,374,276,50,50,10,1
60,50,0,2.37441e-05,0,0.0112092,2.70801e-05,0.01126,0.1,4,1245,71,2240,1241,1245,344,178,50,50,10,1
61,50,0,2.37441e-05,0,0.0112092,2.70801e-05,0.01126,0.4,4,785,58,1824,781,785,348,205,50,50,10,1
62,50,0,2.37441e-05,0,0.0112092,2.70801e-05,0.01126,0.4,4,698,58,1824,694,698,298,179,50,50,10,1
63,50,0,2.37441e-05,0,0.0112092,2.70801e-05,0.01126,0.3,4,1006,58,1824,1002,1006,318,190,50,50,10,1
64,50,0,2.37441e-05,0,0.0112092,2.70801e-05,0.01126,0.3,4,823,73,2304,819,823,397,246,50,50,10,1
65,50,0,2.37441e-05,0,0.0112092,2.70801e-05,0.01126,0.4,4,1522,89,2816,1518,1522,532,312,50,50,10,1
66,50,0,2.37441e-05,0,0.0112092,2.70801e-05,0.01126,0.2,4,828,63,1984,824,828,395,241,50,50,10,1
67,50,0,2.37441e-05,0,0.0112092,2.70801e-05,0.01126,0.3,4,937,71,2240,933,937,390,252,50,50,10,1
68,50,0,2.37441e-05,0,0.0112092,2.70801e-05,0.01126,0,4,1517,85,2688,1513,1517,484,275,50,50,10,1
69,50,0,2.37441e-05,0,0.0112092,2.70801e-05,0.01126,0,4,1375,70,2208,1371,1375,455,265,50,50,10,1
70,50,0,2.37441e-05,0,0.0112092,2.70801e-05,0.01126,0.3,4,866,61,1920,862,866,414,285,50,50,10,1
71,50,0,2.37441e-05,0,0.0112092,2.70801e-05,0.01126,0.2,4,1192,81,2560,1188,1192,420,234,50,50,10,1
72,50,0,2.37441e-05,0,0.0112092,2.70801e-05,0.01126,0.3,4,1382,79,2496,1378,1382,464,285,50,50,10,1
73,50,0,2.37441e-05,0,0.0112092,2.70801e-05,0.01126,0.3,4,1121,62,1952,1117,1121,425,276,50,50,10,1
74,50,0,2.37441e-05,0,0.0112092,2.70801e-05,0.01126,0,4,1135,56,1760,1131,1135,375,253,50,50,10,1
75,50,0,2.37441e-05,0,0.0112092,2.70801e-05,0.01126,0.1,4,1030,59,1856,1026,1030,390,256,50,50,10,1
76,50,0,2.37441e-05,0,0.0112092,2.70801e-05,0.01126,0.4,4,1100,67,2112,1096,1100,421,282,50,50,10,1
77,50,0,2.37441e-05,0,0.0112092,2.70801e-05,0.01126,0.3,4,1133,62,1952,1129,1133,379,241,50,50,10,1
78,50,0,2.37441e-05,0,0.0112092,2.70801e-05,0.01126,0.4,4,941,54,1696,937,941,301,188,50,50,10,1
79,50,0,2.37441e-05,0,0.0112092,2.70801e-05,0.01126,0.2,4,1098,77,2432,1094,1098,513,355,50,50,10,1
80,50,0,2.37441e-05,0,0.0112092,2.70801e-05,0.01126,0.4,4,1093,65,2048,1089,1093,392,249,50,50,10,1
81,50,0,2.37441e-05,0,0.0112092,2.70801e-05,0.01126,0.2,4,1308,63,1984,1304,1308,423,274,50,50,10,1
82,50,0,2.37441e-05,0,0.0112092,2.70801e-05,0.01126,0,4,1323,73,2304,1319,1323,465,281,50,50,10,1
83,50,0,2.37441e-05,0,0.0112092,2.70801e-05,0.01126,0.1,4,1330,79,2496,1326,1330,453,262,50,50,10,1
84,50,0,2.37441e-05,0,0.0112092,2.70801e-05,0.01126,0,4,1120,63,1984,1116,1120,342,201,50,50,10,1
85,50,0,2.37441e-05,0,0.0112092,2.70801e-05,0.01126,0.6,4,716,62,1952,712,716,415,263,50,50,10,1
86,50,0,2.37441e-05,0,0.0112092,2.70801e-05,0.01126,0.3,4,939,65,2048,935,939,437,302,50,50,10,1
87,50,0,2.37441e-05,0,0.0112092,2.70801e-05,0.01126,0.3,4,872,71,2240,868,872,451,295,50,50,10,1
88,50,0,2.37441e-05,0,0.0112092,2.70801e-05,0.01126,0.6,4,763,57,1792,759,763,328,205,50,50,10,1
89,50,0,2.37441e-05,0,0.0112092,2.70801e-05,0.01126,0.3,4,1026,76,2400,1022,1026,440,290,50,50,10,1
90,50,0,2.37441e-05,0,0.0112092,2.70801e-05,0.01126,0.3,4,831,64,2016,827,831,384,267,50,50,10,1
91,50,0,2.37441e-05,0,0.0112092,2.70801e-05,0.01126,0.3,4,1043,75,2368,1039,1043,405,223,50,50,10,1
92,50,0,2.37441e-05,0,0.0112092,2.70801e-05,0.01126,0.2,4,1120,63,1984,1116,1120,400,251,50,50,10,1
93,50,0,2.37441e-05,0,0.0112092,2.70801e-05,0.01126,0.2,4,853,56,1760,849,853,312,192,50,50,10,1
94,50,0,2.37441e-05,0,0.0112092,2.70801e-05,0.01126,0.3,4,799,68,2144,795,799,402,253,50,50,10,1
95,50,0,2.37441e-05,0,0.0112092,2.70801e-05,0.01126,0.4,4,1186,70,2208,1182,1186,482,331,50,50,10,1
96,50,0,2.37441e-05,0,0.0112092,2.70801e-05,0.01126,0,4,1336,70,2208,1332,1336,417,255,50,50,10,1
97,50,0,2.37441e-05,0,0.0112092,2.70801e-05,0.01126,0.1,4,1286,74,2336,1282,1286,487,308,50,50,10,1
98,50,0,2.37441e-05,0,0.0112092,2.70801e-05,0.01126,0.1,4,879,62,1952,875,879,397,264,50,50,10,1
99,50,0,2.37441e-05,0,0.0112092,2.70801e-05,0.01126,0.1,4,1112,62,1952,1108,1112,389,245,50,50,10,1
100,50,0,2.37441e-05,0,0.0112092,2.70801e-05,0.01126,0.2,4,1307,71,2240,1303,1307,470,298,50,50,10,1
101,50,0,2.37441e-05,0,0.0112092,2.70801e-05,0.01126,0.4,4,1121,69,2176,1117,1121,434,269,50,50,10,1
102,50,0,2.37441e-05,0,0.0112092,2.70801e-05,0.01126,0.3,4,1356,76,2400,1352,1356,438,270,50,50,10,1
103,50,0,2.37441e-05,0,0.0112092,2.70801e-05,0.01126,0.2,4,1015,66,2080,1011,1015,418,274,50,50,10,1
104,50,0,2.37441e-05,0,0.0112092,2.70801e-05,0.01126,0.2,4,1118,75,2368,1114,1118,450,286,50,50,10,1
105,50,0,2.37441e-05,0,0.0112092,2.70801e-05,0.01126,0.2,4,1094,71,2240,1090,1094,435,258,50,50,10,1
106,50,0,2.37441e-05,0,0.0112092,2.70801e-05,0.01126,0.2,4,1133,62,1952,1129,1133,354,216,50,50,10,1
107,50,0,2.37441e-05,0,0.0112092,2.70801e-05,0.01126,0.4,4,871,59,1856,867,871,431,311,50,50,10,1
108,50,0,2.37441e-05,0,0.0112092,2.70801e-05,0.01126,0.3,4,752,80,2528,748,752,426,284,50,50,10,1
109,50,0,2.37441e-05,0,0.0112092,2.70801e-05,0.01126,0.3,4,1144,64,2016,1140,1144,411,269,50,50,10,1
110,50,0,2.37441e-05,0,0.0112092,2.70801e-05,0.01126,0.2,4,1183,75,2368,1179,1183,443,280,50,50,10,1
111,50,0,2.37441e-05,0,0.0112092,2.70801e-05,0.01126,0,4,1698,87,2752,1694,1698,472,279,50,50,10,1
112,50,0,2.37441e-05,0,0.0112092,2.70801e-05,0.01126,0.6,4,673,65,2048,669,673,344,226,50,50,10,1
113,50,0,2.37441e-05,0,0.0112092,2.70801e-05,0.01126,0.1,4,1101,69,2176,1097,1101,433,281,50,50,10,1
114,50,0,2.37441e-05,0,0.0112092,2.70801e-05,0.01126,0.3,4,1062,77,2432,1058,1062,437,255,50,50,10,1
115,50,0,2.37441e-05,0,0.0112092,2.70801e-05,0.01126,0,4,1162,65,2048,1158,1162,354,190,50,50,10,1
116,50,0,2.37441e-05,0,0.0112092,2.70801e-05,0.01126,0.4,4,729,67,2112,725,729,403,283,50,50,10,1
117,50,0,2.37441e-05,0,0.0112092,2.70801e-05,0.01126,0,4,1228,64,2016,1224,1228,376,226,50,50,10,1
118,50,0,2.37441e-05,0,0.0112092,2.70801e-05,0.01126,0.3,4,1214,66,2080,1210,1214,358,218,50,50,10,1
119,50,0,2.37441e-05,0,0.0112092,2.70801e-05,0.01126,0.2,4,708,57,1792,704,708,332,224,50,50,10,1
120,50,0,2.37441e-05,0,0.0112092,2.70801e-05,0.01126,0.1,4,1108,64,2016,1104,1108,417,267,50,50,10,1
121,50,0,2.37441e-05,0,0.0112092,2.70801e-05,0.01126,0.1,4,1194,65,2048,1190,1194,423,284,50,50,10,1
122,50,0,2.37441e-05,0,0.0112092,2.70801e-05,0.01126,0.4,4,1269,70,2208,1265,1269,469,302,50,50,10,1
123,50,0,2.37441e-05,0,0.0112092,2.70801e-05,0.01126,0.1,4,1126,75,2368,1122,1126,395,227,50,50,10,1
124,50,0,2.37441e-05,0,0.0112092,2.70801e-05,0.01126,0.3,4,1286,80,2528,1282,1286,421,229,50,50,10,1
125,50,0,2.37441e-05,0,0.0112092,2.70801e-05,0.01126,0,4,948,59,1856,944,948,329,195,50,50,10,1
126,50,0,2.37441e-05,0,0.0112092,2.70801e-05,0.01126,0.2,4,1265,62,1952,1261,1265,378,250,50,50,10,1
127,50,0,2.37441e-05,0,0.0112092,2.70801e-05,0.01126,0.4,4,1336,87,2752,1332,1336,403,202,50,50,10,1
128,50,0,2.37441e-05,0,0.0112092,2.70801e-05,0.01126,0.3,4,1073,69,2176,1069,1073,375,226,50,50,10,1
129,50,0,2.37441e-05,0,0.0112092,2.70801e-05,0.01126,0.4,4,933,60,1888,929,933,390,273,50,50,10,1
130,50,0,2.37441e-05,0,0.0112092,2.70801e-05,0.01126,0.1,4,1523,83,2624,1519,1523,514,335,50,50,10,1
131,50,0,2.37441e-05,0,0.0112092,2.70801e-05,0.01126,0.2,4,1065,64,2016,1061,1065,442,315,50,50,10,1
132,50,0,2.37441e-05,0,0.0112092,2.70801e-05,0.01126,0.2,4,1574,81,2560,1570,1574,431,239,50,50,10,1
133,50,0,2.37441e-05,0,0.0112092,2.70801e-05,0.01126,0,4,1306,74,2336,1302,1306,410,233,50,50,10,1
134,50,0,2.37441e-05,0,0.0112092,2.70801e-05,0.01126,0.1,4,1208,67,2112,1204,1208,472,325,50,50,10,1
135,50,0,2.37441e-05,0,0.0112092,2.70801e-05,0.01126,0,4,1113,61,1920,1109,1113,399,261,50,50,10,1
136,50,0,2.37441e-05,0,0.0112092,2.70801e-05,0.01126,0.5,4,1316,73,2304,1312,1316,413,237,50,50,10,1
137,50,0,2.37441e-05,0,0.0112092,2.70801e-05,0.01126,0.4,4,1256,70,2208,1252,1256,474,299,50,50,10,1
138,50,0,2.37441e-05,0,0.0112092,2.70801e-05,0.01126,0.4,4,1604,88,2784,1600,1604,538,340,50,50,10,1
139,50,0,2.37441e-05,0,0.0112092,2.70801e-05,0.01126,0.1,4,1134,64,2016,1130,1134,329,172,50,50,10,1
140,50,0,2.37441e-05,0,0.0112092,2.70801e-05,0.01126,0,4,1548,78,2464,1544,1548,442,252,50,50,10,1
141,50,0,2.37441e-05,0,0.0112092,2.70801e-05,0.01126,0.3,4,774,67,2112,770,774,415,293,50,50,10,1
142,50,0,2.37441e-05,0,0.0112092,2.70801e-05,0.01126,0.1,4,1056,58,1824,1052,1056,364,242,50,50,10,1
143,50,0,2.37441e-05,0,0.0112092,2.70801e-05,0.01126,0.2,4,1174,69,2176,1170,1174,501,370,50,50,10,1
144,50,0,2.37441e-05,0,0.0112092,2.70801e-05,0.01126,0.4,4,1027,64,2016,1023,1027,360,202,50,50,10,1
145,50,0,2.37441e-05,0,0.0112092,2.70801e-05,0.01126,0.3,4,1216,75,2368,1212,1216,458,278,50,50,10,1
146,50,0,2.37441e-05,0,0.0112092,2.70801e-05,0.01126,0.3,4,1094,58,1824,1090,1094,386,256,50,50,10,1
147,50,0,2.37441e-05,0,0.0112092,2.70801e-05,0.01126,0.2,4,1232,71,2240,1228,1232,390,220,50,50,10,1
148,50,0,2.37441e-05,0,0.0112092,2.70801e-05,0.01126,0.1,4,1072,58,1824,1068,1072,315,196,50,50,10,1
149,50,0,2.37441e-05,0,0.0112092,2.70801e-05,0.01126,0.3,4,1290,75,2368,1286,1290,509,330,50,50,10,1
150,50,0,2.37441e-05,0,0.0112092,2.70801e-05,0.01126,0.1,4,1213,65,2048,1209,1213,406,231,50,50,10,1
151,50,0,2.37441e-05,0,0.0112092,2.70801e-05,0.01126,0.2,4,757,55,1728,753,757,321,227,50,50,10,1
152,50,0,2.37441e-05,0,0.0112092,2.70801e-05,0.01126,0.2,4,692,59,1856,688,692,326,208,50,50,10,1
153,50,0,2.37441e-05,0,0.0112092,2.70801e-05,0.01126,0.5,4,1282,77,2432,1278,1282,421,238,50,50,10,1
154,50,0,2.37441e-05,0,0.0112092,2.70801e-05,0.01126,0.1,4,1096,72,2272,1092,1096,432,260,50,50,10,1
155,50,0,2.37441e-05,0,0.0112092,2.70801e-05,0.01126,0.3,4,1284,63,1984,1280,1284,378,226,50,50,10,1
156,50,0,2.37441e-05,0,0.0112092,2.70801e-05,0.01126,0.3,4,1397,81,2560,1393,1397,427,220,50,50,10,1
157,50,0,2.37441e-05,0,0.0112092,2.70801e-05,0.01126,0,4,1171,57,1792,1167,1171,327,199,50,50,10,1
158,50,0,2.37441e-05,0,0.0112092,2.70801e-05,0.01126,0,4,1458,69,2176,1454,1458,394,222,50,50,10,1
159,50,0,2.37441e-05,0,0.0112092,2.70801e-05,0.01126,0,4,1189,57,1792,1185,1189,323,194,50,50,10,1
160,50,0,2.37441e-05,0,0.0112092,2.70801e-05,0.01126,0.1,4,1131,56,1760,1127,1131,340,217,50,50,10,1
161,50,0,2.37441e-05,0,0.0112092,2.70801e-05,0.01126,0.1,4,1486,78,2464,1482,1486,416,205,50,50,10,1
162,50,0,2.37441e-05,0,0.0112092,2.70801e-05,0.01126,0.1,4,1446,78,2464,1442,1446,384,199,50,50,10,1
163,50,0,2.37441e-05,0,0.0112092,2.70801e-05,0.01126,0.2,4,1411,67,2112,1407,1411,462,300,50,50,10,1
164,50,0,2.37441e-05,0,0.0112092,2.70801e-05,0.01126,0.2,4,1648,93,2944,1644,1648,480,237,50,50,10,1
165,50,0,2.37441e-05,0,0.0112092,2.70801e-05,0.01126,0.3,4,886,58,1824,882,886,319,197,50,50,10,1
166,50,0,2.37441e-05,0,0.0112092,2.70801e-05,0.01126,0.2,4,1366,76,2400,1362,1366,479,295,50,50,10,1
167,50,0,2.37441e-05,0,0.0112092,2.70801e-05,0.01126,0.2,4,1308,74,2336,1304,1308,403,212,50,50,10,1
168,50,0,2.37441e-05,0,0.0112092,2.70801e-05,0.01126,0.2,4,1012,59,1856,1008,1012,329,198,50,50,10,1
169,50,0,2.37441e-05,0,0.0112092,2.70801e-05,0.01126,0.2,4,1000,54,1696,996,1000,277,140,50,50,10,1
170,50,0,2.37441e-05,0,0.0112092,2.70801e-05,0.01126,0.1,4,1329,81,2560,1325,1329,390,208,50,50,10,1
171,50,0,2.37441e-05,0,0.0112092,2.70801e-05,0.01126,0.1,4,1129,66,2080,1125,1129,409,258,50,50,10,1
172,50,0,2.37441e-05,0,0.0112092,2.70801e-05,0.01126,0.2,4,1515,82,2592,1511,1515,457,253,50,50,10,1
173,50,0,2.37441e-05,0,0.0112092,2.70801e-05,0.01126,0.1,4,902,56,1760,898,902,370,258,50,50,10,1
174,50,0,2.37441e-05,0,0.0112092,2.70801e-05,0.01126,0,4,1121,63,1984,1117,1121,384,242,50,50,10,1
175,50,0,2.37441e-05,0,0.0112092,2.70801e-05,0.01126,0.2,4,1246,71,2240,1242,1246,409,234,50,50,10,1
176,50,0,2.37441e-05,0,0.0112092,2.70801e-05,0.01126,0.1,4,1301,68,2144,1297,1301,415,249,50,50,10,1
177,50,0,2.37441e-05,0,0.0112092,2.70801e-05,0.01126,0.1,4,1234,68,2144,1230,1234,346,189,50,50,10,1
178,50,0,2.37441e-05,0,0.0112092,2.70801e-05,0.01126,0.1,4,1170,69,2176,1166,1170,369,193,50,50,10,1
179,50,0,2.37441e-05,0,0.0112092,2.70801e-05,0.01126,0.2,4,1685,79,2496,1681,1685,443,235,50,50,10,1
180,50,0,2.37441e-05,0,0.0112092,2.70801e-05,0.01126,0.3,4,1188,67,2112,1184,1188,488,339,50,50,10,1
181,50,0,2.37441e-05,0,0.0112092,2.70801e-05,0.01126,0,4,1491,83,2624,1487,1491,429,218,50,50,10,1
182,50,0,2.37441e-05,0,0.0112092,2.70801e-05,0.01126,0.2,4,1301,78,2464,1297,1301,443,245,50,50,10,1
183,50,0,2.37441e-05,0,0.0112092,2.70801e-05,0.01126,0.3,4,1452,83,2624,1448,1452,462,266,50,50,10,1
184,50,0,2.37441e-05,0,0.0112092,2.70801e-05,0.01126,0.1,4,1328,68,2144,1324,1328,444,291,50,50,10,1
185,50,0,2.37441e-05,0,0.0112092,2.70801e-05,0.01126,0.4,4,818,73,2304,814,818,374,202,50,50,10,1
186,50,0,2.37441e-05,0,0.0112092,2.70801e-05,0.01126,0.1,4,1041,71,2240,1037,1041,401,251,50,50,10,1
187,50,0,2.37441e-05,0,0.0112092,2.70801e-05,0.01126,0.2,4,1541,85,2688,1537,1541,456,258,50,50,10,1
188,50,0,2.37441e-05,0,0.0112092,2.70801e-05,0.01126,0.1,4,1278,76,2400,1274,1278,472,284,50,50,10,1
189,50,0,2.37441e-05,0,0.0112092,2.70801e-05,0.01126,0.2,4,1002,62,1952,998,1002,374,233,50,50,10,1
190,50,0,2.37441e-05,0,0.0112092,2.70801e-05,0.01126,0.3,4,849,74,2336,845,849,384,235,50,50,10,1
191,50,0,2.37441e-05,0,0.0112092,2.70801e-05,0.01126,0,4,1334,65,2048,1330,1334,405,261,50,50,10,1
192,50,0,2.37441e-05,0,0.0112092,2.70801e-05,0.01126,0,4,1337,66,2080,1333,1337,421,251,50,50,10,1
193,50,0,2.37441e-05,0,0.0112092,2.70801e-05,0.01126,0.4,4,1240,64,2016,1236,1240,404,249,50,50,10,1
194,50,0,2.37441e-05,0,0.0112092,2.70801e-05,0.01126,0.2,4,1510,78,2464,1506,1510,506,312,50,50,10,1
195,50,0,2.37441e-05,0,0.0112092,2.70801e-05,0.01126,0.1,4,1473,78,2464,1469,1473,426,238,50,50,10,1
196,50,0,2.37441e-05,0,0.0112092,2.70801e-05,0.01126,0,4,1378,75,2368,1374,1378,410,215,50,50,10,1
197,50,0,2.37441e-05,0,0.0112092,2.70801e-05,0.01126,0.2,4,1239,68,2144,1235,1239,429,255,50,50,10,1
198,50,0,2.37441e-05,0,0.0112092,2.70801e-05,0.01126,0.2,4,1256,82,2592,1252,1256,517,327,50,50,10,1
199,50,0,2.37441e-05,0,0.0112092,2.70801e-05,0.01126,0.1,4,1307,64,2016,1303,1307,373,209,50,50,10,1
200,50,0,2.37441e-05,0,0.0112092,2.70801e-05,0.01126,0.3,4,1110,65,2048,1106,1110,361,199,50,50,10,1
201,50,0,2.37441e-05,0,0.0112092,2.70801e-05,0.01126,0.3,4,1084,59,1856,1080,1084,397,275,50,50,10,1
202,50,0,2.37441e-05,0,0.0112092,2.70801e-05,0.01126,0.2,4,1035,56,1760,1031,1035,361,241,50,50,10,1
203,50,0,2.37441e-05,0,0.0112092,2.70801e-05,0.01126,0.3,4,864,60,1888,860,864,356,229,50,50,10,1
204,50,0,2.37441e-05,0,0.0112092,2.70801e-05,0.01126,0.4,4,957,61,1920,953,957,363,222,50,50,10,1
205,50,0,2.37441e-05,0,0.0112092,2.70801e-05,0.01126,0.2,4,1059,61,1920,1055,1059,368,240,50,50,10,1
206,50,0,2.37441e-05,0,0.0112092,2.70801e-05,0.01126,0.2,4,1099,68,2144,1095,1099,412,257,50,50,10,1
207,50,0,2.37441e-05,0,0.0112092,2.70801e-05,0.01126,0.3,4,1062,64,2016,1058,1062,419,285,50,50,10,1
208,50,0,2.37441e-05,0,0.0112092,2.70801e-05,0.01126,0,4,1309,74,2336,1305,1309,408,254,50,50,10,1
209,50,0,2.37441e-05,0,0.0112092,2.70801e-05,0.01126,0.1,4,775,56,1760,771,775,314,188,50,50,10,1
210,50,0,2.37441e-05,0,0.0112092,2.70801e-05,0.01126,0,4,1636,80,2528,1632,1636,428,232,50,50,10,1
211,50,0,2.37441e-05,0,0.0112092,2.70801e-05,0.01126,0,4,1257,83,2624,1253,1257,450,242,50,50,10,1
212,50,0,2.37441e-05,0,0.0112092,2.70801e-05,0.01126,0.1,4,1014,65,2048,1010,1014,414,280,50,50,10,1
213,50,0,2.37441e-05,0,0.0112092,2.70801e-05,0.01126,0,4,1204,60,1888,1200,1204,397,233,50,50,10,1
214,50,0,2.37441e-05,0,0.0112092,2.70801e-05,0.01126,0.1,4,1493,81,2560,1489,1493,481,296,50,50,10,1
215,50,0,2.37441e-05,0,0.0112092,2.70801e-05,0.01126,0.2,4,1094,69,2176,1090,1094,405,265,50,50,10,1
216,50,0,2.37441e-05,0,0.0112092,2.70801e-05,0.01126,0,4,1181,68,2144,1177,1181,342,183,50,50,10,1
217,50,0,2.37441e-05,0,0.0112092,2.70801e-05,0.01126,0.1,4,1196,66,2080,1192,1196,409,259,50,50,10,1
218,50,0,2.37441e-05,0,0.0112092,2.70801e-05,0.01126,0.2,4,1147,61,1920,1143,1147,363,233,50,50,10,1
219,50,0,2.37441e-05,0,0.0112092,2.70801e-05,0.01126,0.2,4,1385,78,2464,1381,1385,394,230,50,50,10,1
220,50,0,2.37441e-05,0,0.0112092,2.70801e-05,0.01126,0,4,1268,59,1856,1264,1268,423,301,50,50,10,1
221,50,0,2.37441e-05,0,0.0112092,2.70801e-05,0.01126,0.4,4,1174,60,1888,1170,1174,376,231,50,50,10,1
222,50,0,2.37441e-05,0,0.0112092,2.70801e-05,0.01126,0.2,4,1184,68,2144,1180,1184,387,223,50,50,10,1
223,50,0,2.37441e-05,0,0.0112092,2.70801e-05,0.01126,0.2,4,1322,75,2368,1318,1322,428,225,50,50,10,1
224,50,0,2.37441e-05,0,0.0112092,2.70801e-05,0.01126,0.4,4,1344,76,2400,1340,1344,452,277,50,50,10,1
225,50,0,2.37441e-05,0,0.0112092,2.70801e-05,0.01126,0,4,2137,108,3424,2133,2137,581,304,50,50,10,1
226,50,0,2.37441e-05,0,0.0112092,2.70801e-05,0.01126,0,4,1195,63,1984,1191,1195,419,273,50,50,10,1
227,50,0,2.37441e-05,0,0.0112092,2.70801e-05,0.01126,0.1,4,997,57,1792,993,997,350,202,50,50,10,1
228,50,0,2.37441e-05,0,0.0112092,2.70801e-05,0.01126,0.1,4,1069,57,1792,1065,1069,352,230,50,50,10,1
229,50,0,2.37441e-05,0,0.0112092,2.70801e-05,0.01126,0.2,4,1258,69,2176,1254,1258,389,229,50,50,10,1
230,50,0,2.37441e-05,0,0.0112092,2.70801e-05,0.01126,0.5,4,941,63,1984,937,941,349,209,50,50,10,1
231,50,0,2.37441e-05,0,0.0112092,2.70801e-05,0.01126,0.1,4,1282,78,2464,1278,1282,475,275,50,50,10,1
232,50,0,2.37441e-05,0,0.0112092,2.70801e-05,0.01126,0.2,4,862,61,1920,858,862,403,271,50,50,10,1
233,50,0,2.37441e-05,0,0.0112092,2.70801e-05,0.01126,0.3,4,1379,74,2336,1375,1379,420,259,50,50,10,1
234,50,0,2.37441e-05,0,0.0112092,2.70801e-05,0.01126,0.1,4,1079,65,2048,1075,1079,421,292,50,50,10,1
235,50,0,2.37441e-05,0,0.0112092,2.70801e-05,0.01126,0.2,4,920,59,1856,916,920,378,254,50,50,10,1
236,50,0,2.37441e-05,0,0.0112092,2.70801e-05,0.01126,0.3,4,1136,71,2240,1132,1136,387,240,50,50,10,1
237,50,0,2.37441e-05,0,0.0112092,2.70801e-05,0.01126,0.5,4,957,61,1920,953,957,373,242,50,50,10,1
238,50,0,2.37441e-05,0,0.0112092,2.70801e-05,0.01126,0.1,4,1284,74,2336,1280,1284,402,217,50,50,10,1
239,50,0,2.37441e-05,0,0.0112092,2.70801e-05,0.01126,0.1,4,1375,73,2304,1371,1375,394,211,50,50,10,1
240,50,0,2.37441e-05,0,0.0112092,2.70801e-05,0.01126,0.1,4,1445,91,2880,1441,1445,415,194,50,50,10,1
241,50,0,2.37441e-05,0,0.0112092,2.70801e-05,0.01126,0.2,4,1343,79,2496,1339,1343,459,266,50,50,10,1
242,50,0,2.37441e-05,0,0.0112092,2.70801e-05,0.01126,0.1,4,1044,54,1696,1040,1044,316,195,50,50,10,1
243,50,0,2.37441e-05,0,0.0112092,2.70801e-05,0.01126,0.2,4,1248,68,2144,1244,1248,428,251,50,50,10,1
244,50,0,2.37441e-05,0,0.0112092,2.70801e-05,0.01126,0,4,1295,65,2048,1291,1295,384,221,50,50,10,1
245,50,0,2.37441e-05,0,0.0112092,2.70801e-05,0.01126,0.3,4,1285,71,2240,1281,1285,403,252,50,50,10,1
246,50,0,2.37441e-05,0,0.0112092,2.70801e-05,0.01126,0,4,1572,77,2432,1568,1572,452,279,50,50,10,1
247,50,0,2.37441e-05,0,0.0112092,2.70801e-05,0.01126,0.3,4,1093,68,2144,1089,1093,418,273,50,50,10,1
248,50,0,2.37441e-05,0,0.0112092,2.70801e-05,0.01126,0,4,1110,58,1824,1106,1110,355,236,50,50,10,1
249,50,0,2.37441e-05,0,0.0112092,2.70801e-05,0.01126,0,4,1507,70,2208,1503,1507,461,275,50,50,10,1
250,50,0,2.37441e-05,0,0.0112092,2.70801e-05,0.01126,0.3,4,1334,70,2208,1330,1334,442,256,50,50,10,1
251,50,0,2.37441e-05,0,0.0112092,2.70801e-05,0.01126,0.2,4,1452,71,2240,1448,1452,429,254,50,50,10,1
252,50,0,2.37441e-05,0,0.0112092,2.70801e-05,0.01126,0.2,4,1185,68,2144,1181,1185,393,233,50,50,10,1
253,50,0,2.37441e-05,0,0.0112092,2.70801e-05,0.01126,0.3,4,1103,61,1920,1099,1103,394,257,50,50,10,1
254,50,0,2.37441e-05,0,0.0112092,2.70801e-05,0.01126,0,4,1405,72,2272,1401,1405,443,274,50,50,10,1
255,50,0,2.37441e-05,0,0.0112092,2.70801e-05,0.01126,0.2,4,1440,76,2400,1436,1440,431,241,50,50,10,1
256,50,0,2.37441e-05,0,0.0112092,2.70801e-05,0.01126,0.3,4,1412,78,2464,1408,1412,469,272,50,50,10,1
257,50,0,2.37441e-05,0,0.0112092,2.70801e-05,0.01126,0,4,1540,79,2496,1536,1540,461,282,50,50,10,1
258,50,0,2.37441e-05,0,0.0112092,2.70801e-05,0.01126,0.2,4,1378,78,2464,1374,1378,457,262,50,50,10,1
259,50,0,2.37441e-05,0,0.0112092,2.70801e-05,0.01126,0,4,1200,58,1824,1196,1200,343,208,50,50,10,1
260,50,0,2.37441e-05,0,0.0112092,2.70801e-05,0.01126,0.2,4,1309,69,2176,1305,1309,452,278,50,50,10,1
261,50,0,2.37441e-05,0,0.0112092,2.70801e-05,0.01126,0.2,4,1197,66,2080,1193,1197,438,296,50,50,10,1
262,50,0,2.37441e-05,0,0.0112092,2.70801e-05,0.01126,0.3,4,1351,71,2240,1347,1351,411,255,50,50,10,1
263,50,0,2.37441e-05,0,0.0112092,2.70801e-05,0.01126,0.5,4,684,58,1824,680,684,359,236,50,50,10,1
264,50,0,2.37441e-05,0,0.0112092,2.70801e-05,0.01126,0.1,4,1652,88,2784,1648,1652,508,307,50,50,10,1
265,50,0,2.37441e-05,0,0.0112092,2.70801e-05,0.01126,0.3,4,988,75,2368,984,988,461,311,50,50,10,1
266,50,0,2.37441e-05,0,0.0112092,2.70801e-05,0.01126,0.2,4,1260,79,2496,1256,1260,465,268,50,50,10,1
267,50,0,2.37441e-05,0,0.0112092,2.70801e-05,0.01126,0.2,4,1170,71,2240,1166,1170,456,287,50,50,10,1
268,50,0,2.37441e-05,0,0.0112092,2.70801e-05,0.01126,0.2,4,1224,63,1984,1220,1224,359,212,50,50,10,1
269,50,0,2.37441e-05,0,0.0112092,2.70801e-05,0.01126,0.3,4,1116,70,2208,1112,1116,488,334,50,50,10,1
270,50,0,2.37441e-05,0,0.0112092,2.70801e-05,0.01126,0,4,1599,82,2592,1595,1599,436,211,50,50,10,1
271,50,0,2.37441e-05,0,0.0112092,2.70801e-05,0.01126,0.3,4,1400,77,2432,1396,1400,460,280,50,50,10,1
272,50,0,2.37441e-05,0,0.0112092,2.70801e-05,0.01126,0.3,4,1065,61,1920,1061,1065,377,241,50,50,10,1
273,50,0,2.37441e-05,0,0.0112092,2.70801e-05,0.01126,0.3,4,1097,62,1952,1093,1097,402,264,50,50,10,1
274,50,0,2.37441e-05,0,0.0112092,2.70801e-05,0.01126,0.1,4,1383,70,2208,1379,1383,423,254,50,50,10,1
275,50,0,2.37441e-05,0,0.0112092,2.70801e-05,0.01126,0.1,4,1089,62,1952,1085,1089,452,301,50,50,10,1
276,50,0,2.37441e-05,0,0.0112092,2.70801e-05,0.01126,0.1,4,1313,78,2464,1309,1313,441,257,50,50,10,1
277,50,0,2.37441e-05,0,0.0112092,2.70801e-05,0.01126,0.1,4,1023,57,1792,1019,1023,325,186,50,50,10,1
278,50,0,2.37441e-05,0,0.0112092,2.70801e-05,0.01126,0.1,4,1291,64,2016,1287,1291,428,275,50,50,10,1
279,50,0,2.37441e-05,0,0.0112092,2.70801e-05,0.01126,0,4,1105,63,1984,1101,1105,391,254,50,50,10,1
280,50,0,2.37441e-05,0,0.0112092,2.70801e-05,0.01126,0.2,4,1541,88,2784,1537,1541,516,295,50,50,10,1
281,50,0,2.37441e-05,0,0.0112092,2.70801e-05,0.01126,0.2,4,1067,59,1856,1063,1067,411,274,50,50,10,1
282,50,0,2.37441e-05,0,0.0112092,2.70801e-05,0.01126,0.1,4,1138,64,2016,1134,1138,387,233,50,50,10,1
283,50,0,2.37441e-05,0,0.0112092,2.70801e-05,0.01126,0,4,1500,79,2496,1496,1500,470,283,50,50,10,1
284,50,0,2.37441e-05,0,0.0112092,2.70801e-05,0.01126,0.1,4,1022,74,2336,1018,1022,439,286,50,50,10,1
285,50,0,2.37441e-05,0,0.0112092,2.70801e-05,0.01126,0,4,1354,80,2528,1350,1354,392,211,50,50,10,1
286,50,0,2.37441e-05,0,0.0112092,2.70801e-05,0.01126,0.1,4,1317,67,2112,1313,1317,428,304,50,50,10,1
287,50,0,2.37441e-05,0,0.0112092,2.70801e-05,0.01126,0,4,1518,80,2528,1514,1518,459,253,50,50,10,1
288,50,0,2.37441e-05,0,0.0112092,2.70801e-05,0.01126,0,4,1202,79,2496,1198,1202,537,351,50,50,10,1
289,50,0,2.37441e-05,0,0.0112092,2.70801e-05,0.01126,0.3,4,1592,82,2592,1588,1592,467,260,50,50,10,1
290,50,0,2.37441e-05,0,0.0112092,2.70801e-05,0.01126,0.1,4,1224,64,2016,1220,1224,392,254,50,50,10,1
291,50,0,2.37441e-05,0,0.0112092,2.70801e-05,0.01126,0.3,4,1468,79,2496,1464,1468,420,203,50,50,10,1
292,50,0,2.37441e-05,0,0.0112092,2.70801e-05,0.01126,0.2,4,1124,70,2208,1120,1124,409,255,50,50,10,1
293,50,0,2.37441e-05,0,0.0112092,2.70801e-05,0.01126,0.3,4,1624,83,2624,1620,1624,481,298,50,50,10,1
294,50,0,2.37441e-05,0,0.0112092,2.70801e-05,0.01126,0.1,4,1172,65,2048,1168,1172,429,275,50,50,10,1
295,50,0,2.37441e-05,0,0.0112092,2.70801e-05,0.01126,0,4,1613,86,2720,1609,1613,487,279,50,50,10,1
296,50,0,2.37441e-05,0,0.0112092,2.70801e-05,0.01126,0.2,4,1234,63,1984,1230,1234,373,221,50,50,10,1
297,50,0,2.37441e-05,0,0.0112092,2.70801e-05,0.01126,0.2,4,1026,56,1760,1022,1026,365,249,50,50,10,1
298,50,0,2.37441e-05,0,0.0112092,2.70801e-05,0.01126,0.2,4,1514,71,2240,1510,1514,443,259,50,50,10,1
299,50,0,2.37441e-05,0,0.0112092,2.70801e-05,0.01126,0,4,1324,77,2432,1320,1324,451,276,50,50,10,1
300,50,0,2.37441e-05,0,0.0112092,2.70801e-05,0.01126,0.1,4,1622,77,2432,1618,1622,421,239,50,50,10,1
301,50,0,2.37441e-05,0,0.0112092,2.70801e-05,0.01126,0,4,1279,80,2528,1275,1279,479,287,50,50,10,1
302,50,0,2.37441e-05,0,0.0112092,2.70801e-05,0.01126,0.1,4,1390,73,2304,1386,1390,447,282,50,50,10,1
303,50,0,2.37441e-05,0,0.0112092,2.70801e-05,0.01126,0.1,4,1432,79,2496,1428,1432,459,277,50,50,10,1
304,50,0,2.37441e-05,0,0.0112092,2.70801e-05,0.01126,0,4,1441,74,2336,1437,1441,451,272,50,50,10,1
305,50,0,2.37441e-05,0,0.0112092,2.70801e-05,0.01126,0.1,4,1304,64,2016,1300,1304,382,259,50,50,10,1
306,50,0,2.37441e-05,0,0.0112092,2.70801e-05,0.01126,0.4,4,1298,67,2112,1294,1298,400,255,50,50,10,1
307,50,0,2.37441e-05,0,0.0112092,2.70801e-05,0.01126,0,4,1241,62,1952,1237,1241,385,232,50,50,10,1
308,50,0,2.37441e-05,0,0.0112092,2.70801e-05,0.01126,0.2,4,1203,65,2048,1199,1203,400,241,50,50,10,1
309,50,0,2.37441e-05,0,0.0112092,2.70801e-05,0.01126,0.2,4,1481,72,2272,1477,1481,439,246,50,50,10,1
310,50,0,2.37441e-05,0,0.0112092,2.70801e-05,0.01126,0.1,4,1420,78,2464,1416,1420,419,225,50,50,10,1
311,50,0,2.37441e-05,0,0.0112092,2.70801e-05,0.01126,0,4,1288,70,2208,1284,1288,411,252,50,50,10,1
312,50,0,2.37441e-05,0,0.0112092,2.70801e-05,0.01126,0.1,4,1314,64,2016,1310,1314,396,239,50,50,10,1
313,50,0,2.37441e-05,0,0.0112092,2.70801e-05,0.01126,0.2,4,1784,96,3040,1780,1784,474,224,50,50,10,1
314,50,0,2.37441e-05,0,0.0112092,2.70801e-05,0.01126,0.5,4,1254,71,2240,1250,1254,415,245,50,50,10,1
315,50,0,2.37441e-05,0,0.0112092,2.70801e-05,0.01126,0.2,4,1729,92,2912,1725,1729,452,221,50,50,10,1
316,50,0,2.37441e-05,0,0.0112092,2.70801e-05,0.01126,0.1,4,1284,65,2048,1280,1284,418,265,50,50,10,1
317,50,0,2.37441e-05,0,0.0112092,2.70801e-05,0.01126,0.1,4,1673,86,2720,1669,1673,491,275,50,50,10,1
318,50,0,2.37441e-05,0,0.0112092,2.70801e-05,0.01126,0,4,1205,66,2080,1201,1205,460,268,50,50,10,1
319,50,0,2.37441e-05,0,0.0112092,2.70801e-05,0.01126,0,4,1150,55,1728,1146,1150,366,239,50,50,10,1
320,50,0,2.37441e-05,0,0.0112092,2.70801e-05,0.01126,0,4,1719,83,2624,1715,1719,472,265,50,50,10,1
321,50,0,2.37441e-05,0,0.0112092,2.70801e-05,0.01126,0,4,1283,63,1984,1279,1283,398,239,50,50,10,1
322,50,0,2.37441e-05,0,0.0112092,2.70801e-05,0.01126,0,4,1303,67,2112,1299,1303,403,251,50,50,10,1
323,50,0,2.37441e-05,0,0.0112092,2.70801e-05,0.01126,0.1,4,1195,62,1952,1191,1195,408,252,50,50,10,1
324,50,0,2.37441e-05,0,0.0112092,2.70801e-05,0.01126,0,4,1086,54,1696,1082,1086,313,205,50,50,10,1
325,50,0,2.37441e-05,0,0.0112092,2.70801e-05,0.01126,0.2,4,1029,58,1824,1025,1029,365,235,50,50,10,1
326,50,0,2.37441e-05,0,0.0112092,2.70801e-05,0.01126,0,4,1528,78,2464,1524,1528,433,264,50,50,10,1
327,50,0,2.37441e-05,0,0.0112092,2.70801e-05,0.01126,0.4,4,1303,67,2112,1299,1303,384,219,50,50,10,1
328,50,0,2.37441e-05,0,0.0112092,2.70801e-05,0.01126,0.1,4,1305,80,2528,1301,1305,416,242,50,50,10,1
329,50,0,2.37441e-05,0,0.0112092,2.70801e-05,0.01126,0.2,4,893,60,1888,889,893,374,252,50,50,10,1
330,50,0,2.37441e-05,0,0.0112092,2.70801e-05,0.01126,0,4,1309,82,2592,1305,1309,437,258,50,50,10,1
331,50,0,2.37441e-05,0,0.0112092,2.70801e-05,0.01126,0.1,4,1207,62,1952,1203,1207,404,260,50,50,10,1
332,50,0,2.37441e-05,0,0.0112092,2.70801e-05,0.01126,0,4,1422,78,2464,1418,1422,370,173,50,50,10,1
333,50,0,2.37441e-05,0,0.0112092,2.70801e-05,0.01126,0.2,4,1246,66,2080,1242,1246,356,217,50,50,10,1
334,50,0,2.37441e-05,0,0.0112092,2.70801e-05,0.01126,0,4,1539,72,2272,1535,1539,464,287,50,50,10,1
335,50,0,2.37441e-05,0,0.0112092,2.70801e-05,0.01126,0.4,4,1465,79,2496,1461,1465,483,267,50,50,10,1
336,50,0,2.37441e-05,0,0.0112092,2.70801e-05,0.01126,0,4,1285,70,2208,1281,1285,415,254,50,50,10,1
337,50,0,2.37441e-05,0,0.0112092,2.70801e-05,0.01126,0.1,4,1596,85,2688,1592,1596,461,260,50,50,10,1
338,50,0,2.37441e-05,0,0.0112092,2.70801e-05,0.01126,0.2,4,1417,70,2208,1413,1417,429,255,50,50,10,1
339,50,0,2.37441e-05,0,0.0112092,2.70801e-05,0.01126,0.3,4,1140,58,1824,1136,1140,383,260,50,50,10,1
340,50,0,2.37441e-05,0,0.0112092,2.70801e-05,0.01126,0,4,1549,89,2816,1545,1549,474,263,50,50,10,1
341,50,0,2.37441e-05,0,0.0112092,2.70801e-05,0.01126,0.3,4,1184,61,1920,1180,1184,341,205,50,50,10,1
342,50,0,2.37441e-05,0,0.0112092,2.70801e-05,0.01126,0.3,4,1406,74,2336,1402,1406,407,224,50,50,10,1
343,50,0,2.37441e-05,0,0.0112092,2.70801e-05,0.01126,0.3,4,1164,61,1920,1160,1164,382,243,50,50,10,1
344,50,0,2.37441e-05,0,0.0112092,2.70801e-05,0.01126,0,4,1328,72,2272,1324,1328,448,265,50,50,10,1
345,50,0,2.37441e-05,0,0.0112092,2.70801e-05,0.01126,0.2,4,1115,64,2016,1111,1115,389,251,50,50,10,1
346,50,0,2.37441e-05,0,0.0112092,2.70801e-05,0.01126,0.2,4,1131,67,2112,1127,1131,394,251,50,50,10,1
347,50,0,2.37441e-05,0,0.0112092,2.70801e-05,0.01126,0.3,4,1279,67,2112,1275,1279,411,263,50,50,10,1
348,50,0,2.37441e-05,0,0.0112092,2.70801e-05,0.01126,0.1,4,1165,57,1792,1161,1165,358,229,50,50,10,1
349,50,0,2.37441e-05,0,0.0112092,2.70801e-05,0.01126,0.1,4,1312,74,2336,1308,1312,411,239,50,50,10,1
350,50,0,2.37441e-05,0,0.0112092,2.70801e-05,0.01126,0.1,4,1432,86,2720,1428,1432,486,289,50,50,10,1
351,50,0,2.37441e-05,0,0.0112092,2.70801e-05,0.01126,0.3,4,1291,69,2176,1287,1291,355,192,50,50,10,1
352,50,0,2.37441e-05,0,0.0112092,2.70801e-05,0.01126,0.1,4,1332,76,2400,1328,1332,412,240,50,50,10,1
353,50,0,2.37441e-05,0,0.0112092,2.70801e-05,0.01126,0.2,4,1446,80,2528,1442,1446,474,281,50,50,10,1
354,50,0,2.37441e-05,0,0.0112092,2.70801e-05,0.01126,0.4,4,1342,69,2176,1338,1342,449,295,50,50,10,1
355,50,0,2.37441e-05,0,0.0112092,2.70801e-05,0.01126,0,4,1626,91,2880,1622,1626,434,191,50,50,10,1
356,50,0,2.37441e-05,0,0.0112092,2.70801e-05,0.01126,0.3,4,1171,64,2016,1167,1171,438,272,50,50,10,1
357,50,0,2.37441e-05,0,0.0112092,2.70801e-05,0.01126,0.1,4,1181,73,2304,1177,1181,363,194,50,50,10,1
358,50,0,2.37441e-05,0,0.0112092,2.70801e-05,0.01126,0.3,4,1359,65,2048,1355,1359,399,262,50,50,10,1
359,50,0,2.37441e-05,0,0.0112092,2.70801e-05,0.01126,0.2,4,1421,78,2464,1417,1421,489,296,50,50,10,1
360,50,0,2.37441e-05,0,0.0112092,2.70801e-05,0.01126,0,4,884,62,1952,880,884,396,275,50,50,10,1
361,50,0,2.37441e-05,0,0.0112092,2.70801e-05,0.01126,0,4,1457,70,2208,1453,1457,389,249,50,50,10,1
362,50,0,2.37441e-05,0,0.0112092,2.70801e-05,0.01126,0.2,4,1401,76,2400,1397,1401,416,231,50,50,10,1
363,50,0,2.37441e-05,0,0.0112092,2.70801e-05,0.01126,0,4,1146,86,2720,1142,1146,478,284,50,50,10,1
364,50,0,2.37441e-05,0,0.0112092,2.70801e-05,0.01126,0.3,4,1323,69,2176,1319,1323,416,241,50,50,10,1
365,50,0,2.37441e-05,0,0.0112092,2.70801e-05,0.01126,0.4,4,1193,69,2176,1189,1193,419,238,50,50,10,1
366,50,0,2.37441e-05,0,0.0112092,2.70801e-05,0.01126,0.1,4,1394,81,2560,1390,1394,468,291,50,50,10,1
367,50,0,2.37441e-05,0,0.0112092,2.70801e-05,0.01126,0.2,4,1443,82,2592,1439,1443,476,304,50,50,10,1
368,50,0,2.37441e-05,0,0.0112092,2.70801e-05,0.01126,0.2,4,1337,71,2240,1333,1337,400,245,50,50,10,1
369,50,0,2.37441e-05,0,0.0112092,2.70801e-05,0.01126,0.3,4,1663,88,2784,1659,1663,479,266,50,50,10,1
370,50,0,2.37441e-05,0,0.0112092,2.70801e-05,0.01126,0.4,4,1211,66,2080,1207,1211,392,238,50,50,10,1
371,50,0,2.37441e-05,0,0.0112092,2.70801e-05,0.01126,0.1,4,1299,71,2240,1295,1299,349,181,50,50,10,1
372,50,0,2.37441e-05,0,0.0112092,2.70801e-05,0.01126,0.2,4,1089,61,1920,1085,1089,385,250,50,50,10,1
373,50,0,2.37441e-05,0,0.0112092,2.70801e-05,0.01126,0.1,4,1203,81,2560,1199,1203,391,203,50,50,10,1
374,50,0,2.37441e-05,0,0.0112092,2.70801e-05,0.01126,0.1,4,1156,80,2528,1152,1156,470,281,50,50,10,1
375,50,0,2.37441e-05,0,0.0112092,2.70801e-05,0.01126,0.2,4,1262,61,1920,1258,1262,353,200,50,50,10,1
376,50,0,2.37441e-05,0,0.0112092,2.70801e-05,0.01126,0,4,1224,66,2080,1220,1224,420,269,50,50,10,1
377,50,0,2.37441e-05,0,0.0112092,2.70801e-05,0.01126,0,4,1110,64,2016,1106,1110,407,258,50,50,10,1
378,50,0,2.37441e-05,0,0.0112092,2.70801e-05,0.01126,0.2,4,1140,62,1952,1136,1140,370,218,50,50,10,1
379,50,0,2.37441e-05,0,0.0112092,2.70801e-05,0.01126,0,4,1420,69,2176,1416,1420,438,266,50,50,10,1
380,50,0,2.37441e-05,0,0.0112092,2.70801e-05,0.01126,0.2,4,1079,66,2080,1075,1079,418,258,50,50,10,1
381,50,0,2.37441e-05,0,0.0112092,2.70801e-05,0.01126,0.1,4,1366,73,2304,1362,1366,349,160,50,50,10,1
382,50,0,2.37441e-05,0,0.0112092,2.70801e-05,0.01126,0.2,4,1237,67,2112,1233,1237,405,224,50,50,10,1
383,50,0,2.37441e-05,0,0.0112092,2.70801e-05,0.01126,0.1,4,1126,59,1856,1122,1126,356,203,50,50,10,1
384,50,0,2.37441e-05,0,0.0112092,2.70801e-05,0.01126,0.1,4,1216,61,1920,1212,1216,358,236,50,50,10,1
385,50,0,2.37441e-05,0,0.0112092,2.70801e-05,0.01126,0,4,1529,78,2464,1525,1529,465,299,50,50,10,1
386,50,0,2.37441e-05,0,0.0112092,2.70801e-05,0.01126,0.3,4,1137,61,1920,1133,1137,311,189,50,50,10,1
387,50,0,2.37441e-05,0,0.0112092,2.70801e-05,0.01126,0.3,4,1272,66,2080,1268,1272,366,201,50,50,10,1
388,50,0,2.37441e-05,0,0.0112092,2.70801e-05,0.01126,0,4,1466,80,2528,1462,1466,477,295,50,50,10,1
389,50,0,2.37441e-05,0,0.0112092,2.70801e-05,0.01126,0,4,1462,80,2528,1458,1462,403,218,50,50,10,1
390,50,0,2.37441e-05,0,0.0112092,2.70801e-05,0.01126,0,4,1483,76,2400,1479,1483,468,269,50,50,10,1
391,50,0,2.37441e-05,0,0.0112092,2.70801e-05,0.01126,0.3,4,1428,78,2464,1424,1428,374,195,50,50,10,1
392,50,0,2.37441e-05,0,0.0112092,2.70801e-05,0.01126,0.3,4,1164,64,2016,1160,1164,450,315,50,50,10,1
393,50,0,2.37441e-05,0,0.0112092,2.70801e-05,0.01126,0,4,1598,100,3168,1594,1598,484,259,50,50,10,1
394,50,0,2.37441e-05,0,0.0112092,2.70801e-05,0.01126,0.3,4,1100,69,2176,1096,1100,335,173,50,50,10,1
395,50,0,2.37441e-05,0,0.0112092,2.70801e-05,0.01126,0.2,4,1265,67,2112,1261,1265,415,268,50,50,10,1
396,50,0,2.37441e-05,0,0.0112092,2.70801e-05,0.01126,0.1,4,1498,83,2624,1494,1498,417,202,50,50,10,1
397,50,0,2.37441e-05,0,0.0112092,2.70801e-05,0.01126,0.2,4,1412,76,2400,1408,1412,394,202,50,50,10,1
398,50,0,2.37441e-05,0,0.0112092,2.70801e-05,0.01126,0.2,4,1255,66,2080,1251,1255,380,227,50,50,10,1
399,50,0,2.37441e-05,0,0.0112092,2.70801e-05,0.01126,0.6,4,1085,75,2368,1081,1085,392,199,50,50,10,1
400,50,0,2.37441e-05,0,0.0112092,2.70801e-05,0.01126,0.3,4,992,60,1888,988,992,366,245,50,50,10,1
401,50,0,2.37441e-05,0,0.0112092,2.70801e-05,0.01126,0,4,1312,63,1984,1308,1312,361,218,50,50,10,1
402,50,0,2.37441e-05,0,0.0112092,2.70801e-05,0.01126,0,4,1950,102,3232,1946,1950,504,251,50,50,10,1
403,50,0,2.37441e-05,0,0.0112092,2.70801e-05,0.01126,0.1,4,1156,62,1952,1152,1156,375,248,50,50,10,1
404,50,0,2.37441e-05,0,0.0112092,2.70801e-05,0.01126,0.2,4,1275,72,2272,1271,1275,447,298,50,50,10,1
405,50,0,2.37441e-05,0,0.0112092,2.70801e-05,0.01126,0.1,4,1397,72,2272,1393,1397,417,234,50,50,10,1
406,50,0,2.37441e-05,0,0.0112092,2.70801e-05,0.01126,0.2,4,1232,62,1952,1228,1232,417,302,50,50,10,1
407,50,0,2.37441e-05,0,0.0112092,2.70801e-05,0.01126,0,4,1109,65,2048,1105,1109,348,195,50,50,10,1
408,50,0,2.37441e-05,0,0.0112092,2.70801e-05,0.01126,0.4,4,1234,71,2240,1230,1234,413,266,50,50,10,1
409,50,0,2.37441e-05,0,0.0112092,2.70801e-05,0.01126,0.2,4,1114,59,1856,1110,1114,381,248,50,50,10,1
410,50,0,2.37441e-05,0,0.0112092,2.70801e-05,0.01126,0.2,4,1441,76,2400,1437,1441,382,191,50,50,10,1
411,50,0,2.37441e-05,0,0.0112092,2.70801e-05,0.01126,0.2,4,1349,69,2176,1345,1349,427,275,50,50,10,1
412,50,0,2.37441e-05,0,0.0112092,2.70801e-05,0.01126,0.3,4,1019,59,1856,1015,1019,347,215,50,50,10,1
413,50,0,2.37441e-05,0,0.0112092,2.70801e-05,0.01126,0.2,4,1513,75,2368,1509,1513,421,235,50,50,10,1
414,50,0,2.37441e-05,0,0.0112092,2.70801e-05,0.01126,0.2,4,1455,69,2176,1451,1455,439,262,50,50,10,1
415,50,0,2.37441e-05,0,0.0112092,2.70801e-05,0.01126,0.1,4,1750,91,2880,1746,1750,460,247,50,50,10,1
416,50,0,2.37441e-05,0,0.0112092,2.70801e-05,0.01126,0.1,4,1158,74,2336,1154,1158,412,226,50,50,10,1
417,50,0,2.37441e-05,0,0.0112092,2.70801e-05,0.01126,0.1,4,1511,82,2592,1507,1511,468,263,50,50,10,1
418,50,0,2.37441e-05,0,0.0112092,2.70801e-05,0.01126,0,4,1302,70,2208,1298,1302,400,221,50,50,10,1
419,50,0,2.37441e-05,0,0.0112092,2.70801e-05,0.01126,0,4,1404,73,2304,1400,1404,411,211,50,50,10,1
420,50,0,2.37441e-05,0,0.0112092,2.70801e-05,0.01126,0.4,4,1270,70,2208,1266,1270,419,268,50,50,10,1
421,50,0,2.37441e-05,0,0.0112092,2.70801e-05,0.01126,0.1,4,1110,63,1984,1106,1110,385,243,50,50,10,1
422,50,0,2.37441e-05,0,0.0112092,2.70801e-05,0.01126,0.3,4,1079,62,1952,1075,1079,401,265,50,50,10,1
423,50,0,2.37441e-05,0,0.0112092,2.70801e-05,0.01126,0.1,4,1280,68,2144,1276,1280,428,276,50,50,10,1
424,50,0,2.37441e-05,0,0.0112092,2.70801e-05,0.01126,0,4,1175,59,1856,1171,1175,377,249,50,50,10,1
425,50,0,2.37441e-05,0,0.0112092,2.70801e-05,0.01126,0.2,4,1262,64,2016,1258,1262,399,264,50,50,10,1
426,50,0,2.37441e-05,0,0.0112092,2.70801e-05,0.01126,0,4,1441,72,2272,1437,1441,429,256,50,50,10,1
427,50,0,2.37441e-05,0,0.0112092,2.70801e-05,0.01126,0.1,4,1512,82,2592,1508,1512,411,207,50,50,10,1
428,50,0,2.37441e-05,0,0.0112092,2.70801e-05,0.01126,0,4,1589,96,3040,1585,1589,484,223,50,50,10,1
429,50,0,2.37441e-05,0,0.0112092,2.70801e-05,0.01126,0.2,4,1220,61,1920,1216,1220,418,253,50,50,10,1
430,50,0,2.37441e-05,0,0.0112092,2.70801e-05,0.01126,0,4,1297,67,2112,1293,1297,501,342,50,50,10,1
431,50,0,2.37441e-05,0,0.0112092,2.70801e-05,0.01126,0,4,1560,80,2528,1556,1560,440,252,50,50,10,1
432,50,0,2.37441e-05,0,0.0112092,2.70801e-05,0.01126,0.3,4,1240,67,2112,1236,1240,428,262,50,50,10,1
433,50,0,2.37441e-05,0,0.0112092,2.70801e-05,0.01126,0.3,4,1275,66,2080,1271,1275,361,203,50,50,10,1
434,50,0,2.37441e-05,0,0.0112092,2.70801e-05,0.01126,0.3,4,1358,69,2176,1354,1358,428,275,50,50,10,1
435,50,0,2.37441e-05,0,0.0112092,2.70801e-05,0.01126,0,4,1303,76,2400,1299,1303,399,218,50,50,10,1
436,50,0,2.37441e-05,0,0.0112092,2.70801e-05,0.01126,0.5,4,1520,85,2688,1516,1520,440,260,50,50,10,1
437,50,0,2.37441e-05,0,0.0112092,2.70801e-05,0.01126,0.5,4,1261,62,1952,1257,1261,358,216,50,50,10,1
438,50,0,2.37441e-05,0,0.0112092,2.70801e-05,0.01126,0,4,1236,65,2048,1232,1236,384,230,50,50,10,1
439,50,0,2.37441e-05,0,0.0112092,2.70801e-05,0.01126,0.1,4,1469,80,2528,1465,1469,413,220,50,50,10,1
440,50,0,2.37441e-05,0,0.0112092,2.70801e-05,0.01126,0.5,4,1250,62,1952,1246,1250,421,261,50,50,10,1
441,50,0,2.37441e-05,0,0.0112092,2.70801e-05,0.01126,0.1,4,1109,64,2016,1105,1109,401,261,50,50,10,1
442,50,0,2.37441e-05,0,0.0112092,2.70801e-05,0.01126,0.1,4,1184,79,2496,1180,1184,440,262,50,50,10,1
443,50,0,2.37441e-05,0,0.0112092,2.70801e-05,0.01126,0.1,4,1152,65,2048,1148,1152,394,224,50,50,10,1
444,50,0,2.37441e-05,0,0.0112092,2.70801e-05,0.01126,0,4,1313,63,1984,1309,1313,390,251,50,50,10,1
445,50,0,2.37441e-05,0,0.0112092,2.70801e-05,0.01126,0.1,4,1527,75,2368,1523,1527,418,255,50,50,10,1
446,50,0,2.37441e-05,0,0.0112092,2.70801e-05,0.01126,0,4,1570,86,2720,1566,1570,468,286,50,50,10,1
447,50,0,2.37441e-05,0,0.0112092,2.70801e-05,0.01126,0.1,4,1268,63,1984,1264,1268,383,221,50,50,10,1
448,50,0,2.37441e-05,0,0.0112092,2.70801e-05,0.01126,0.1,4,1464,85,2688,1460,1464,448,232,50,50,10,1
449,50,0,2.37441e-05,0,0.0112092,2.70801e-05,0.01126,0.4,4,931,66,2080,927,931,392,248,50,50,10,1
450,50,0,2.37441e-05,0,0.0112092,2.70801e-05,0.01126,0.3,4,1167,67,2112,1163,1167,399,231,50,50,10,1
451,50,0,2.37441e-05,0,0.0112092,2.70801e-05,0.01126,0.1,4,1292,65,2048,1288,1292,401,242,50,50,10,1
452,50,0,2.37441e-05,0,0.0112092,2.70801e-05,0.01126,0.1,4,1677,86,2720,1673,1677,474,276,50,50,10,1
453,50,0,2.37441e-05,0,0.0112092,2.70801e-05,0.01126,0.2,4,1480,69,2176,1476,1480,356,207,50,50,10,1
454,50,0,2.37441e-05,0,0.0112092,2.70801e-05,0.01126,0.1,4,1233,64,2016,1229,1233,395,240,50,50,10,1
455,50,0,2.37441e-05,0,0.0112092,2.70801e-05,0.01126,0,4,1310,67,2112,1306,1310,440,282,50,50,10,1
456,50,0,2.37441e-05,0,0.0112092,2.70801e-05,0.01126,0,4,1399,79,2496,1395,1399,421,216,50,50,10,1
457,50,0,2.37441e-05,0,0.0112092,2.70801e-05,0.01126,0.4,4,1382,76,2400,1378,1382,418,233,50,50,10,1
458,50,0,2.37441e-05,0,0.0112092,2.70801e-05,0.01126,0.3,4,1085,62,1952,1081,1085,394,241,50,50,10,1
459,50,0,2.37441e-05,0,0.0112092,2.70801e-05,0.01126,0.1,4,1428,77,2432,1424,1428,456,270,50,50,10,1
460,50,0,2.37441e-05,0,0.0112092,2.70801e-05,0.01126,0,4,1186,63,1984,1182,1186,358,218,50,50,10,1
461,50,0,2.37441e-05,0,0.0112092,2.70801e-05,0.01126,0.3,4,1701,87,2752,1697,1701,460,267,50,50,10,1
462,50,0,2.37441e-05,0,0.0112092,2.70801e-05,0.01126,0.1,4,906,60,1888,902,906,372,258,50,50,10,1
463,50,0,2.37441e-05,0,0.0112092,2.70801e-05,0.01126,0.1,4,875,57,1792,871,875,381,249,50,50,10,1
464,50,0,2.37441e-05,0,0.0112092,2.70801e-05,0.01126,0.3,4,996,64,2016,992,996,404,264,50,50,10,1
465,50,0,2.37441e-05,0,0.0112092,2.70801e-05,0.01126,0,4,1145,77,2432,1141,1145,401,232,50,50,10,1
466,50,0,2.37441e-05,0,0.0112092,2.70801e-05,0.01126,0,4,1263,67,2112,1259,1263,392,246,50,50,10,1
467,50,0,2.37441e-05,0,0.0112092,2.70801e-05,0.01126,0.3,4,1492,77,2432,1488,1492,497,324,50,50,10,1
468,50,0,2.37441e-05,0,0.0112092,2.70801e-05,0.01126,0,4,1362,69,2176,1358,1362,378,208,50,50,10,1
469,50,0,2.37441e-05,0,0.0112092,2.70801e-05,0.01126,0.2,4,1255,77,2432,1251,1255,414,265,50,50,10,1
470,50,0,2.37441e-05,0,0.0112092,2.70801e-05,0.01126,0,4,1040,62,1952,1036,1040,387,255,50,50,10,1
471,50,0,2.37441e-05,0,0.0112092,2.70801e-05,0.01126,0.4,4,1509,89,2816,1505,1509,459,227,50,50,10,1
472,50,0,2.37441e-05,0,0.0112092,2.70801e-05,0.01126,0,4,934,54,1696,930,934,328,224,50,50,10,1
473,50,0,2.37441e-05,0,0.0112092,2.70801e-05,0.01126,0.4,4,940,59,1856,936,940,377,259,50,50,10,1
474,50,0,2.37441e-05,0,0.0112092,2.70801e-05,0.01126,0.4,4,1053,58,1824,1049,1053,335,208,50,50,10,1
475,50,0,2.37441e-05,0,0.0112092,2.70801e-05,0.01126,0.3,4,956,59,1856,952,956,390,257,50,50,10,1
476,50,0,2.37441e-05,0,0.0112092,2.70801e-05,0.01126,0,4,934,60,1888,930,934,356,229,50,50,10,1
477,50,0,2.37441e-05,0,0.0112092,2.70801e-05,0.01126,0.3,4,1090,69,2176,1086,1090,405,246,50,50,10,1
478,50,0,2.37441e-05,0,0.0112092,2.70801e-05,0.01126,0.4,4,579,61,1920,575,579,324,197,50,50,10,1
479,50,0,2.37441e-05,0,0.0112092,2.70801e-05,0.01126,0.2,4,946,58,1824,942,946,384,240,50,50,10,1
480,50,0,2.37441e-05,0,0.0112092,2.70801e-05,0.01126,0.6,4,529,64,2016,525,529,376,269,50,50,10,1
481,50,0,2.37441e-05,0,0.0112092,2.70801e-05,0.01126,0.1,4,1048,69,2176,1044,1048,452,308,50,50,10,1
482,50,0,2.37441e-05,0,0.0112092,2.70801e-05,0.01126,0.3,4,931,61,1920,927,931,407,285,50,50,10,1
483,50,0,2.37441e-05,0,0.0112092,2.70801e-05,0.01126,0.3,4,1633,81,2560,1629,1633,476,284,50,50,10,1
484,50,0,2.37441e-05,0,0.0112092,2.70801e-05,0.01126,0.3,4,1048,66,2080,1044,1048,403,239,50,50,10,1
485,50,0,2.37441e-05,0,0.0112092,2.70801e-05,0.01126,0.5,4,785,56,1760,781,785,365,253,50,50,10,1
486,50,0,2.37441e-05,0,0.0112092,2.70801e-05,0.01126,0.5,4,1221,67,2112,1217,1221,406,249,50,50,10,1
487,50,0,2.37441e-05,0,0.0112092,2.70801e-05,0.01126,0.2,4,969,56,1760,965,969,364,247,50,50,10,1
488,50,0,2.37441e-05,0,0.0112092,2.70801e-05,0.01126,0.3,4,1333,74,2336,1329,1333,495,328,50,50,10,1
489,50,0,2.37441e-05,0,0.0112092,2.70801e-05,0.01126,0.1,4,1477,81,2560,1473,1477,484,298,50,50,10,1
490,50,0,2.37441e-05,0,0.0112092,2.70801e-05,0.01126,0.1,4,962,55,1728,958,962,350,227,50,50,10,1
491,50,0,2.37441e-05,0,0.0112092,2.70801e-05,0.01126,0.3,4,1366,81,2560,1362,1366,476,278,50,50,10,1
492,50,0,2.37441e-05,0,0.0112092,2.70801e-05,0.01126,0.2,4,1143,66,2080,1139,1143,441,299,50,50,10,1
493,50,0,2.37441e-05,0,0.0112092,2.70801e-05,0.01126,0.5,4,766,61,1920,762,766,339,208,50,50,10,1
494,50,0,2.37441e-05,0,0.0112092,2.70801e-05,0.01126,0.3,4,989,57,1792,985,989,361,232,50,50,10,1
495,50,0,2.37441e-05,0,0.0112092,2.70801e-05,0.01126,0.3,4,900,65,2048,896,900,358,215,50,50,10,1
496,50,0,2.37441e-05,0,0.0112092,2.70801e-05,0.01126,0.4,4,880,68,2144,876,880,416,275,50,50,10,1
497,50,0,2.37441e-05,0,0.0112092,2.70801e-05,0.01126,0.2,4,1269,63,1984,1265,1269,388,225,50,50,10,1
498,50,0,2.37441e-05,0,0.0112092,2.70801e-05,0.01126,0.1,4,1115,69,2176,1111,1115,365,221,50,50,10,1
499,50,0,2.37441e-05,0,0.0112092,2.70801e-05,0.01126,0.1,4,1112,63,1984,1108,1112,352,227,50,50,10,1
500,50,0,2.37441e-05,0,0.0112092,2.70801e-05,0.01126,0,4,1261,66,2080,1257,1261,369,202,50,50,10,1
501,50,0,2.37441e-05,0,0.0112092,2.70801e-05,0.01126,0.1,4,1586,84,2656,1582,1586,451,252,50,50,10,1
502,50,0,2.37441e-05,0,0.0112092,2.70801e-05,0.01126,0.5,4,878,65,2048,874,878,403,260,50,50,10,1
503,50,0,2.37441e-05,0,0.0112092,2.70801e-05,0.01126,0.3,4,1282,70,2208,1278,1282,428,263,50,50,10,1
504,50,0,2.37441e-05,0,0.0112092,2.70801e-05,0.01126,0.2,4,961,63,1984,957,961,374,228,50,50,10,1
505,50,0,2.37441e-05,0,0.0112092,2.70801e-05,0.01126,0.1,4,1197,74,2336,1193,1197,410,242,50,50,10,1
506,50,0,2.37441e-05,0,0.0112092,2.70801e-05,0.01126,0.6,4,1107,61,1920,1103,1107,346,201,50,50,10,1
507,50,0,2.37441e-05,0,0.0112092,2.70801e-05,0.01126,0.1,4,961,65,2048,957,961,388,233,50,50,10,1
508,50,0,2.37441e-05,0,0.0112092,2.70801e-05,0.01126,0,4,1402,74,2336,1398,1402,411,232,50,50,10,1
509,50,0,2.37441e-05,0,0.0112092,2.70801e-05,0.01126,0.1,4,1144,79,2496,1140,1144,405,224,50,50,10,1
510,50,0,2.37441e-05,0,0.0112092,2.70801e-05,0.01126,0.2,4,1241,83,2624,1237,1241,568,361,50,50,10,1
511,50,0,2.37441e-05,0,0.0112092,2.70801e-05,0.01126,0,4,1184,60,1888,1180,1184,379,248,50,50,10,1
512,50,1,1.04385e-05,0,0.0110482,1.65635e-05,0.0110752,0,4,1304,72,2272,1300,1304,418,248,50,50,10,1
513,50,1,1.04385e-05,0,0.0110482,1.65635e-05,0.0110752,0,4,1102,61,1920,1098,1102,376,251,50,50,10,1
514,50,1,1.04385e-05,0,0.0110482,1.65635e-05,0.0110752,0.1,4,779,84,2656,775,779,401,227,50,50,10,1
515,50,1,1.04385e-05,0,0.0110482,1.65635e-05,0.0110752,0.1,4,1351,71,2240,1347,1351,392,217,50,50,10,1
516,50,1,1.04385e-05,0,0.0110482,1.65635e-05,0.0110752,0.2,4,1249,72,2272,1245,1249,472,309,50,50,10,1
517,50,1,1.04385e-05,0,0.0110482,1.65635e-05,0.0110752,0.1,4,632,73,2304,628,632,348,221,50,50,10,1
518,50,1,1.04385e-05,0,0.0110482,1.65635e-05,0.0110752,0.3,4,905,65,2048,901,905,337,192,50,50,10,1
519,50,1,1.04385e-05,0,0.0110482,1.65635e-05,0.0110752,0,4,1578,83,2624,1574,1578,479,276,50,50,10,1
520,50,1,1.04385e-05,0,0.0110482,1.65635e-05,0.0110752,0.2,4,1169,75,2368,1165,1169,388,230,50,50,10,1
521,50,1,1.04385e-05,0,0.0110482,1.65635e-05,0.0110752,0.4,4,813,72,2272,809,813,461,337,50,50,10,1
522,50,1,1.04385e-05,0,0.0110482,1.65635e-05,0.0110752,0.1,4,1126,67,2112,1122,1126,443,294,50,50,10,1
523,50,1,1.04385e-05,0,0.0110482,1.65635e-05,0.0110752,0.4,4,1167,66,2080,1163,1167,382,232,50,50,10,1
524,50,1,1.04385e-05,0,0.0110482,1.65635e-05,0.0110752,0.1,4,1309,79,2496,1305,1309,440,253,50,50,10,1
525,50,1,1.04385e-05,0,0.0110482,1.65635e-05,0.0110752,0.5,4,1803,97,3072,1799,1803,500,243,50,50,10,1
526,50,1,1.04385e-05,0,0.0110482,1.65635e-05,0.0110752,0.3,4,975,65,2048,971,975,370,200,50,50,10,1
527,50,1,1.04385e-05,0,0.0110482,1.65635e-05,0.0110752,0.4,4,1017,83,2624,1013,1017,441,266,50,50,10,1
528,50,1,1.04385e-05,0,0.0110482,1.65635e-05,0.0110752,0.1,4,1630,80,2528,1626,1630,496,301,50,50,10,1
529,50,1,1.04385e-05,0,0.0110482,1.65635e-05,0.0110752,0,4,1373,81,2560,1369,1373,498,317,50,50,10,1
530,50,1,1.04385e-05,0,0.0110482,1.65635e-05,0.0110752,0.1,4,1315,80,2528,1311,1315,468,270,50,50,10,1
531,50,1,1.04385e-05,0,0.0110482,1.65635e-05,0.0110752,0,4,1268,70,2208,1264,1268,444,296,50,50,10,1
532,50,1,1.04385e-05,0,0.0110482,1.65635e-05,0.0110752,0.4,4,583,62,1952,579,583,338,225,50,50,10,1
533,50,1,1.04385e-05,0,0.0110482,1.65635e-05,0.0110752,0.1,4,1008,59,1856,1004,1008,370,246,50,50,10,1
534,50,1,1.04385e-05,0,0.0110482,1.65635e-05,0.0110752,0.1,4,1255,68,2144,1251,1255,439,308,50,50,10,1
535,50,1,1.04385e-05,0,0.0110482,1.65635e-05,0.0110752,0,4,1259,64,2016,1255,1259,392,246,50,50,10,1
536,50,1,1.04385e-05,0,0.0110482,1.65635e-05,0.0110752,0.4,4,1063,62,1952,1059,1063,397,258,50,50,10,1
537,50,1,1.04385e-05,0,0.0110482,1.65635e-05,0.0110752,0.1,4,1508,74,2336,1504,1508,437,282,50,50,10,1
538,50,1,1.04385e-05,0,0.0110482,1.65635e-05,0.0110752,0.1,4,1190,65,2048,1186,1190,379,236,50,50,10,1
539,50,1,1.04385e-05,0,0.0110482,1.65635e-05,0.0110752,0.1,4,1549,79,2496,1545,1549,486,294,50,50,10,1
540,50,1,1.04385e-05,0,0.0110482,1.65635e-05,0.0110752,0.7,4,1271,73,2304,1267,1271,440,242,50,50,10,1
541,50,1,1.04385e-05,0,0.0110482,1.65635e-05,0.0110752,0.2,4,1218,58,1824,1214,1218,368,229,50,50,10,1
542,50,1,1.04385e-05,0,0.0110482,1.65635e-05,0.0110752,0.2,4,1828,97,3072,1824,1828,542,301,50,50,10,1
543,50,1,1.04385e-05,0,0.0110482,1.65635e-05,0.0110752,0,4,1103,66,2080,1099,1103,390,237,50,50,10,1
544,50,1,1.04385e-05,0,0.0110482,1.65635e-05,0.0110752,0.2,4,1222,66,2080,1218,1222,387,231,50,50,10,1
545,50,1,1.04385e-05,0,0.0110482,1.65635e-05,0.0110752,0.2,4,1370,75,2368,1366,1370,471,299,50,50,10,1
546,50,1,1.04385e-05,0,0.0110482,1.65635e-05,0.0110752,0,4,1537,79,2496,1533,1537,444,256,50,50,10,1
547,50,1,1.04385e-05,0,0.0110482,1.65635e-05,0.0110752,0.2,4,1638,78,2464,1634,1638,480,285,50,50,10,1
548,50,1,1.04385e-05,0,0.0110482,1.65635e-05,0.0110752,0,4,1159,63,1984,1155,1159,421,275,50,50,10,1
549,50,1,1.04385e-05,0,0.0110482,1.65635e-05,0.0110752,0.4,4,1211,69,2176,1207,1211,385,235,50,50,10,1
550,50,1,1.04385e-05,0,0.0110482,1.65635e-05,0.0110752,0.1,4,959,64,2016,955,959,305,162,50,50,10,1
551,50,1,1.04385e-05,0,0.0110482,1.65635e-05,0.0110752,0.2,4,1236,61,1920,1232,1236,380,228,50,50,10,1
552,50,1,1.04385e-05,0,0.0110482,1.65635e-05,0.0110752,0.2,4,1150,66,2080,1146,1150,382,229,50,50,10,1
553,50,1,1.04385e-05,0,0.0110482,1.65635e-05,0.0110752,0.2,4,1578,88,2784,1574,1578,476,270,50,50,10,1
554,50,1,1.04385e-05,0,0.0110482,1.65635e-05,0.0110752,0,4,905,60,1888,901,905,386,250,50,50,10,1
555,50,1,1.04385e-05,0,0.0110482,1.65635e-05,0.0110752,0.2,4,1180,63,1984,1176,1180,442,301,50,50,10,1
556,50,1,1.04385e-05,0,0.0110482,1.65635e-05,0.0110752,0.2,4,1412,74,2336,1408,1412,425,232,50,50,10,1
557,50,1,1.04385e-05,0,0.0110482,1.65635e-05,0.0110752,0.4,4,1079,65,2048,1075,1079,398,246,50,50,10,1
558,50,1,1.04385e-05,0,0.0110482,1.65635e-05,0.0110752,0.2,4,1254,67,2112,1250,1254,324,174,50,50,10,1
559,50,1,1.04385e-05,0,0.0110482,1.65635e-05,0.0110752,0.2,4,1385,73,2304,1381,1385,462,295,50,50,10,1
560,50,1,1.04385e-05,0,0.0110482,1.65635e-05,0.0110752,0,4,1413,80,2528,1409,1413,497,326,50,50,10,1
561,50,1,1.04385e-05,0,0.0110482,1.65635e-05,0.0110752,0.3,4,1159,67,2112,1155,1159,409,257,50,50,10,1
562,50,1,1.04385e-05,0,0.0110482,1.65635e-05,0.0110752,0.1,4,968,58,1824,964,968,315,183,50,50,10,1
563,50,1,1.04385e-05,0,0.0110482,1.65635e-05,0.0110752,0.1,4,1489,76,2400,1485,1489,391,210,50,50,10,1
564,50,1,1.04385e-05,0,0.0110482,1.65635e-05,0.0110752,0.2,4,1289,76,2400,1285,1289,463,273,50,50,10,1
565,50,1,1.04385e-05,0,0.0110482,1.65635e-05,0.0110752,0.1,4,1482,74,2336,1478,1482,456,278,50,50,10,1
566,50,1,1.04385e-05,0,0.0110482,1.65635e-05,0.0110752,0.1,4,1031,60,1888,1027,1031,403,281,50,50,10,1
567,50,1,1.04385e-05,0,0.0110482,1.65635e-05,0.0110752,0.1,4,1035,66,2080,1031,1035,389,243,50,50,10,1
568,50,1,1.04385e-05,0,0.0110482,1.65635e-05,0.0110752,0.3,4,1324,65,2048,1320,1324,439,287,50,50,10,1
569,50,1,1.04385e-05,0,0.0110482,1.65635e-05,0.0110752,0.6,4,914,68,2144,910,914,485,345,50,50,10,1
570,50,1,1.04385e-05,0,0.0110482,1.65635e-05,0.0110752,0.3,4,1294,74,2336,1290,1294,457,278,50,50,10,1
571,50,1,1.04385e-05,0,0.0110482,1.65635e-05,0.0110752,0.1,4,1433,73,2304,1429,1433,420,241,50,50,10,1
572,50,1,1.04385e-05,0,0.0110482,1.65635e-05,0.0110752,0.4,4,1377,71,2240,1373,1377,448,277,50,50,10,1
573,50,1,1.04385e-05,0,0.0110482,1.65635e-05,0.0110752,0.1,4,1431,70,2208,1427,1431,421,237,50,50,10,1
574,50,1,1.04385e-05,0,0.0110482,1.65635e-05,0.0110752,0.2,4,1347,76,2400,1343,1347,397,209,50,50,10,1
575,50,1,1.04385e-05,0,0.0110482,1.65635e-05,0.0110752,0.1,4,1384,69,2176,1380,1384,392,212,50,50,10,1
576,50,1,1.04385e-05,0,0.0110482,1.65635e-05,0.0110752,0.1,4,1289,69,2176,1285,1289,374,212,50,50,10,1
577,50,1,1.04385e-05,0,0.0110482,1.65635e-05,0.0110752,0.3,4,1429,83,2624,1425,1429,519,329,50,50,10,1
578,50,1,1.04385e-05,0,0.0110482,1.65635e-05,0.0110752,0.2,4,1264,74,2336,1260,1264,425,253,50,50,10,1
579,50,1,1.04385e-05,0,0.0110482,1.65635e-05,0.0110752,0.2,4,1458,95,3008,1454,1458,617,396,50,50,10,1
580,50,1,1.04385e-05,0,0.0110482,1.65635e-05,0.0110752,0.3,4,1435,78,2464,1431,1435,413,222,50,50,10,1
581,50,1,1.04385e-05,0,0.0110482,1.65635e-05,0.0110752,0.1,4,1253,76,2400,1249,1253,436,266,50,50,10,1
582,50,1,1.04385e-05,0,0.0110482,1.65635e-05,0.0110752,0.1,4,1119,66,2080,1115,1119,398,250,50,50,10,1
583,50,1,1.04385e-05,0,0.0110482,1.65635e-05,0.0110752,0,4,1237,65,2048,1233,1237,351,208,50,50,10,1
584,50,1,1.04385e-05,0,0.0110482,1.65635e-05,0.0110752,0.1,4,1248,60,1888,1244,1248,360,243,50,50,10,1
585,50,1,1.04385e-05,0,0.0110482,1.65635e-05,0.0110752,0.4,4,988,67,2112,984,988,366,232,50,50,10,1
586,50,1,1.04385e-05,0,0.0110482,1.65635e-05,0.0110752,0.3,4,1108,55,1728,1104,1108,326,185,50,50,10,1
587,50,1,1.04385e-05,0,0.0110482,1.65635e-05,0.0110752,0.1,4,1500,77,2432,1496,1500,402,204,50,50,10,1
588,50,1,1.04385e-05,0,0.0110482,1.65635e-05,0.0110752,0,4,1423,68,2144,1419,1423,422,256,50,50,10,1
589,50,1,1.04385e-05,0,0.0110482,1.65635e-05,0.0110752,0,4,1335,78,2464,1331,1335,418,227,50,50,10,1
590,50,1,1.04385e-05,0,0.0110482,1.65635e-05,0.0110752,0.1,4,1253,74,2336,1249,1253,443,288,50,50,10,1
591,50,1,1.04385e-05,0,0.0110482,1.65635e-05,0.0110752,0.2,4,996,56,1760,992,996,320,198,50,50,10,1
592,50,1,1.04385e-05,0,0.0110482,1.65635e-05,0.0110752,0.1,4,1136,63,1984,1132,1136,380,246,50,50,10,1
593,50,1,1.04385e-05,0,0.0110482,1.65635e-05,0.0110752,0.2,4,1168,81,2560,1164,1168,447,246,50,50,10,1
594,50,1,1.04385e-05,0,0.0110482,1.65635e-05,0.0110752,0.2,4,877,70,2208,873,877,405,252,50,50,10,1
595,50,1,1.04385e-05,0,0.0110482,1.65635e-05,0.0110752,0.4,4,1180,77,2432,1176,1180,443,261,50,50,10,1
596,50,1,1.04385e-05,0,0.0110482,1.65635e-05,0.0110752,0.3,4,1084,65,2048,1080,1084,394,233,50,50,10,1
597,50,1,1.04385e-05,0,0.0110482,1.65635e-05,0.0110752,0.5,4,1180,74,2336,1176,1180,443,265,50,50,10,1
598,50,1,1.04385e-05,0,0.0110482,1.65635e-05,0.0110752,0.4,4,1005,57,1792,1001,1005,324,199,50,50,10,1
599,50,1,1.04385e-05,0,0.0110482,1.65635e-05,0.0110752,0.3,4,1509,79,2496,1505,1509,484,284,50,50,10,1
600,50,1,1.04385e-05,0,0.0110482,1.65635e-05,0.0110752,0.1,4,913,56,1760,909,913,366,254,50,50,10,1
601,50,1,1.04385e-05,0,0.0110482,1.65635e-05,0.0110752,0.6,4,1261,62,1952,1257,1261,363,220,50,50,10,1
602,50,1,1.04385e-05,0,0.0110482,1.65635e-05,0.0110752,0.1,4,1178,63,1984,1174,1178,398,273,50,50,10,1
603,50,1,1.04385e-05,0,0.0110482,1.65635e-05,0.0110752,0,4,1154,68,2144,1150,1154,435,285,50,50,10,1
604,50,1,1.04385e-05,0,0.0110482,1.65635e-05,0.0110752,0,4,1496,74,2336,1492,1496,403,241,50,50,10,1
605,50,1,1.04385e-05,0,0.0110482,1.65635e-05,0.0110752,0.2,4,1371,72,2272,1367,1371,438,269,50,50,10,1
606,50,1,1.04385e-05,0,0.0110482,1.65635e-05,0.0110752,0.1,4,1306,64,2016,1302,1306,401,240,50,50,10,1
607,50,1,1.04385e-05,0,0.0110482,1.65635e-05,0.0110752,0.2,4,1230,73,2304,1226,1230,519,342,50,50,10,1
608,50,1,1.04385e-05,0,0.0110482,1.65635e-05,0.0110752,0.2,4,1259,68,2144,1255,1259,402,257,50,50,10,1
609,50,1,1.04385e-05,0,0.0110482,1.65635e-05,0.0110752,0.2,4,1156,64,2016,1152,1156,404,244,50,50,10,1
610,50,1,1.04385e-05,0,0.0110482,1.65635e-05,0.0110752,0.2,4,1385,68,2144,1381,1385,415,251,50,50,10,1
611,50,1,1.04385e-05,0,0.0110482,1.65635e-05,0.0110752,0.2,4,1400,74,2336,1396,1400,431,252,50,50,10,1
612,50,1,1.04385e-05,0,0.0110482,1.65635e-05,0.0110752,0.1,4,1212,62,1952,1208,1212,396,262,50,50,10,1
613,50,1,1.04385e-05,0,0.0110482,1.65635e-05,0.0110752,0.2,4,1086,60,1888,1082,1086,379,238,50,50,10,1
614,50,1,1.04385e-05,0,0.0110482,1.65635e-05,0.0110752,0.1,4,1796,96,3040,1792,1796,445,217,50,50,10,1
615,50,1,1.04385e-05,0,0.0110482,1.65635e-05,0.0110752,0.2,4,1314,72,2272,1310,1314,442,284,50,50,10,1
616,50,1,1.04385e-05,0,0.0110482,1.65635e-05,0.0110752,0.4,4,1593,90,2848,1589,1593,494,287,50,50,10,1
617,50,1,1.04385e-05,0,0.0110482,1.65635e-05,0.0110752,0.1,4,1584,83,2624,1580,1584,457,247,50,50,10,1
618,50,1,1.04385e-05,0,0.0110482,1.65635e-05,0.0110752,0.3,4,1599,86,2720,1595,1599,600,389,50,50,10,1
619,50,1,1.04385e-05,0,0.0110482,1.65635e-05,0.0110752,0.1,4,1286,77,2432,1282,1286,341,158,50,50,10,1
620,50,1,1.04385e-05,0,0.0110482,1.65635e-05,0.0110752,0,4,1164,64,2016,1160,1164,379,228,50,50,10,1
621,50,1,1.04385e-05,0,0.0110482,1.65635e-05,0.0110752,0.4,4,1154,68,2144,1150,1154,448,290,50,50,10,1
622,50,1,1.04385e-05,0,0.0110482,1.65635e-05,0.0110752,0.1,4,714,55,1728,710,714,329,225,50,50,10,1
623,50,1,1.04385e-05,0,0.0110482,1.65635e-05,0.0110752,0.4,4,675,76,2400,671,675,373,208,50,50,10,1
624,50,1,1.04385e-05,0,0.0110482,1.65635e-05,0.0110752,0.6,4,1165,66,2080,1161,1165,377,258,50,50,10,1
625,50,1,1.04385e-05,0,0.0110482,1.65635e-05,0.0110752,0.3,4,464,59,1856,460,464,287,181,50,50,10,1
626,50,1,1.04385e-05,0,0.0110482,1.65635e-05,0.0110752,0.2,4,1047,90,2848,1043,1047,476,286,50,50,10,1
627,50,1,1.04385e-05,0,0.0110482,1.65635e-05,0.0110752,0.2,4,788,64,2016,784,788,376,242,50,50,10,1
628,50,1,1.04385e-05,0,0.0110482,1.65635e-05,0.0110752,0.5,4,417,54,1696,413,417,247,154,50,50,10,1
629,50,1,1.04385e-05,0,0.0110482,1.65635e-05,0.0110752,0.4,4,665,78,2464,661,665,402,249,50,50,10,1
630,50,1,1.04385e-05,0,0.0110482,1.65635e-05,0.0110752,0.6,4,839,80,2528,835,839,532,391,50,50,10,1
631,50,1,1.04385e-05,0,0.0110482,1.65635e-05,0.0110752,0.1,4,630,72,2272,626,630,364,227,50,50,10,1
632,50,1,1.04385e-05,0,0.0110482,1.65635e-05,0.0110752,0.6,4,793,78,2464,789,793,415,267,50,50,10,1
633,50,1,1.04385e-05,0,0.0110482,1.65635e-05,0.0110752,0.4,4,541,74,2336,537,541,407,282,50,50,10,1
634,50,1,1.04385e-05,0,0.0110482,1.65635e-05,0.0110752,0.5,4,695,63,1984,691,695,363,252,50,50,10,1
635,50,1,1.04385e-05,0,0.0110482,1.65635e-05,0.0110752,0.4,4,904,80,2528,900,904,449,309,50,50,10,1
636,50,1,1.04385e-05,0,0.0110482,1.65635e-05,0.0110752,0.2,4,837,68,2144,833,837,350,213,50,50,10,1
637,50,1,1.04385e-05,0,0.0110482,1.65635e-05,0.0110752,0,4,886,57,1792,882,886,329,208,50,50,10,1
638,50,1,1.04385e-05,0,0.0110482,1.65635e-05,0.0110752,0.5,4,949,61,1920,945,949,442,305,50,50,10,1
639,50,1,1.04385e-05,0,0.0110482,1.65635e-05,0.0110752,0.7,4,598,60,1888,594,598,343,230,50,50,10,1
640,50,1,1.04385e-05,0,0.0110482,1.65635e-05,0.0110752,0.3,4,1188,85,2688,1184,1188,480,300,50,50,10,1
641,50,1,1.04385e-05,0,0.0110482,1.65635e-05,0.0110752,0.1,4,1240,78,2464,1236,1240,449,286,50,50,10,1
642,50,1,1.04385e-05,0,0.0110482,1.65635e-05,0.0110752,0.6,4,798,76,2400,794,798,434,266,50,50,10,1
643,50,1,1.04385e-05,0,0.0110482,1.65635e-05,0.0110752,0.4,4,1050,72,2272,1046,1050,376,205,50,50,10,1
644,50,1,1.04385e-05,0,0.0110482,1.65635e-05,0.0110752,0.2,4,1178,71,2240,1174,1178,362,190,50,50,10,1
645,50,1,1.04385e-05,0,0.0110482,1.65635e-05,0.0110752,0,4,1138,60,1888,1134,1138,403,257,50,50,10,1
646,50,1,1.04385e-05,0,0.0110482,1.65635e-05,0.0110752,0.2,4,1368,90,2848,1364,1368,431,224,50,50,10,1
647,50,1,1.04385e-05,0,0.0110482,1.65635e-05,0.0110752,0,4,1088,56,1760,1084,1088,351,218,50,50,10,1
648,50,1,1.04385e-05,0,0.0110482,1.65635e-05,0.0110752,0.3,4,925,59,1856,921,925,325,190,50,50,10,1
649,50,1,1.04385e-05,0,0.0110482,1.65635e-05,0.0110752,0.2,4,1540,83,2624,1536,1540,526,324,50,50,10,1
650,50,1,1.04385e-05,0,0.0110482,1.65635e-05,0.0110752,0.3,4,1336,71,2240,1332,1336,426,272,50,50,10,1
651,50,1,1.04385e-05,0,0.0110482,1.65635e-05,0.0110752,0.2,4,1119,88,2784,1115,1119,501,314,50,50,10,1
652,50,1,1.04385e-05,0,0.0110482,1.65635e-05,0.0110752,0.3,4,1037,89,2816,1033,1037,441,253,50,50,10,1
653,50,1,1.04385e-05,0,0.0110482,1.65635e-05,0.0110752,0.3,4,1116,70,2208,1112,1116,367,211,50,50,10,1
654,50,1,1.04385e-05,0,0.0110482,1.65635e-05,0.0110752,0,4,776,70,2208,772,776,349,203,50,50,10,1
655,50,1,1.04385e-05,0,0.0110482,1.65635e-05,0.0110752,0.3,4,1296,77,2432,1292,1296,455,283,50,50,10,1
656,50,1,1.04385e-05,0,0.0110482,1.65635e-05,0.0110752,0.2,4,943,61,1920,939,943,355,217,50,50,10,1
657,50,1,1.04385e-05,0,0.0110482,1.65635e-05,0.0110752,0.2,4,1394,79,2496,1390,1394,433,228,50,50,10,1
658,50,1,1.04385e-05,0,0.0110482,1.65635e-05,0.0110752,0.4,4,584,68,2144,580,584,342,218,50,50,10,1
659,50,1,1.04385e-05,0,0.0110482,1.65635e-05,0.0110752,0.3,4,1014,71,2240,1010,1014,407,253,50,50,10,1
660,50,1,1.04385e-05,0,0.0110482,1.65635e-05,0.0110752,0.2,4,1016,82,2592,1012,1016,426,274,50,50,10,1
661,50,1,1.04385e-05,0,0.0110482,1.65635e-05,0.0110752,0.3,4,1463,77,2432,1459,1463,419,246,50,50,10,1
662,50,1,1.04385e-05,0,0.0110482,1.65635e-05,0.0110752,0.1,4,870,66,2080,866,870,326,200,50,50,10,1
663,50,1,1.04385e-05,0,0.0110482,1.65635e-05,0.0110752,0.2,4,968,63,1984,964,968,398,253,50,50,10,1
664,50,1,1.04385e-05,0,0.0110482,1.65635e-05,0.0110752,0.1,4,1133,66,2080,1129,1133,414,271,50,50,10,1
665,50,1,1.04385e-05,0,0.0110482,1.65635e-05,0.0110752,0.3,4,1008,61,1920,1004,1008,432,314,50,50,10,1
666,50,1,1.04385e-05,0,0.0110482,1.65635e-05,0.0110752,0.1,4,1613,79,2496,1609,1613,467,276,50,50,10,1
667,50,1,1.04385e-05,0,0.0110482,1.65635e-05,0.0110752,0.2,4,963,62,1952,959,963,405,276,50,50,10,1
668,50,1,1.04385e-05,0,0.0110482,1.65635e-05,0.0110752,0.4,4,980,68,2144,976,980,363,213,50,50,10,1
669,50,1,1.04385e-05,0,0.0110482,1.65635e-05,0.0110752,0,4,1594,89,2816,1590,1594,501,278,50,50,10,1
670,50,1,1.04385e-05,0,0.0110482,1.65635e-05,0.0110752,0,4,876,58,1824,872,876,339,188,50,50,10,1
671,50,1,1.04385e-05,0,0.0110482,1.65635e-05,0.0110752,0.2,4,1060,80,2528,1056,1060,441,266,50,50,10,1
672,50,1,1.04385e-05,0,0.0110482,1.65635e-05,0.0110752,0.6,4,822,59,1856,818,822,394,278,50,50,10,1
673,50,1,1.04385e-05,0,0.0110482,1.65635e-05,0.0110752,0.4,4,849,58,1824,845,849,360,226,50,50,10,1
674,50,1,1.04385e-05,0,0.0110482,1.65635e-05,0.0110752,0.2,4,897,63,1984,893,897,411,256,50,50,10,1
675,50,1,1.04385e-05,0,0.0110482,1.65635e-05,0.0110752,0.3,4,1238,82,2592,1234,1238,409,224,50,50,10,1
676,50,1,1.04385e-05,0,0.0110482,1.65635e-05,0.0110752,0.2,4,1151,69,2176,1147,1151,406,254,50,50,10,1
677,50,1,1.04385e-05,0,0.0110482,1.65635e-05,0.0110752,0.5,4,1299,90,2848,1295,1299,492,264,50,50,10,1
678,50,1,1.04385e-05,0,0.0110482,1.65635e-05,0.0110752,0.1,4,710,57,1792,706,710,357,261,50,50,10,1
679,50,1,1.04385e-05,0,0.0110482,1.65635e-05,0.0110752,0,4,1251,72,2272,1247,1251,394,211,50,50,10,1
680,50,1,1.04385e-05,0,0.0110482,1.65635e-05,0.0110752,0.3,4,1534,87,2752,1530,1534,460,226,50,50,10,1
681,50,1,1.04385e-05,0,0.0110482,1.65635e-05,0.0110752,0.5,4,1161,73,2304,1157,1161,329,165,50,50,10,1
682,50,1,1.04385e-05,0,0.0110482,1.65635e-05,0.0110752,0.4,4,1156,72,2272,1152,1156,415,241,50,50,10,1
683,50,1,1.04385e-05,0,0.0110482,1.65635e-05,0.0110752,0.1,4,913,58,1824,909,913,352,239,50,50,10,1
684,50,1,1.04385e-05,0,0.0110482,1.65635e-05,0.0110752,0.4,4,981,74,2336,977,981,401,258,50,50,10,1
685,50,1,1.04385e-05,0,0.0110482,1.65635e-05,0.0110752,0.2,4,2026,104,3296,2022,2026,554,301,50,50,10,1
686,50,1,1.04385e-05,0,0.0110482,1.65635e-05,0.0110752,0.5,4,753,61,1920,749,753,367,250,50,50,10,1
687,50,1,1.04385e-05,0,0.0110482,1.65635e-05,0.0110752,0.3,4,1107,71,2240,1103,1107,416,250,50,50,10,1
688,50,1,1.04385e-05,0,0.0110482,1.65635e-05,0.0110752,0.5,4,1048,69,2176,1044,1048,364,224,50,50,10,1
689,50,1,1.04385e-05,0,0.0110482,1.65635e-05,0.0110752,0.7,4,996,68,2144,992,996,428,284,50,50,10,1
690,50,1,1.04385e-05,0,0.0110482,1.65635e-05,0.0110752,0.2,4,1580,90,2848,1576,1580,455,222,50,50,10,1
691,50,1,1.04385e-05,0,0.0110482,1.65635e-05,0.0110752,0.1,4,1100,76,2400,1096,1100,428,246,50,50,10,1
692,50,1,1.04385e-05,0,0.0110482,1.65635e-05,0.0110752,0.5,4,1175,83,2624,1171,1175,464,276,50,50,10,1
693,50,1,1.04385e-05,0,0.0110482,1.65635e-05,0.0110752,0.1,4,1153,61,1920,1149,1153,373,234,50,50,10,1
694,50,1,1.04385e-05,0,0.0110482,1.65635e-05,0.0110752,0.3,4,1202,75,2368,1198,1202,470,297,50,50,10,1
695,50,1,1.04385e-05,0,0.0110482,1.65635e-05,0.0110752,0.1,4,965,56,1760,961,965,391,279,50,50,10,1
696,50,1,1.04385e-05,0,0.0110482,1.65635e-05,0.0110752,0.3,4,774,57,1792,770,774,318,194,50,50,10,1
697,50,1,1.04385e-05,0,0.0110482,1.65635e-05,0.0110752,0.4,4,622,63,1984,618,622,393,275,50,50,10,1
698,50,1,1.04385e-05,0,0.0110482,1.65635e-05,0.0110752,0.3,4,847,70,2208,843,847,421,291,50,50,10,1
699,50,1,1.04385e-05,0,0.0110482,1.65635e-05,0.0110752,0.5,4,667,67,2112,663,667,422,299,50,50,10,1
700,50,1,1.04385e-05,0,0.0110482,1.65635e-05,0.0110752,0.7,4,773,72,2272,769,773,344,201,50,50,10,1
701,50,1,1.04385e-05,0,0.0110482,1.65635e-05,0.0110752,0,4,1251,65,2048,1247,1251,351,207,50,50,10,1
702,50,1,1.04385e-05,0,0.0110482,1.65635e-05,0.0110752,0.3,4,1252,79,2496,1248,1252,435,249,50,50,10,1
703,50,1,1.04385e-05,0,0.0110482,1.65635e-05,0.0110752,0.1,4,1301,64,2016,1297,1301,382,212,50,50,10,1
704,50,1,1.04385e-05,0,0.0110482,1.65635e-05,0.0110752,0.4,4,1269,84,2656,1265,1269,388,196,50,50,10,1
705,50,1,1.04385e-05,0,0.0110482,1.65635e-05,0.0110752,0.1,4,932,58,1824,928,932,347,213,50,50,10,1
706,50,1,1.04385e-05,0,0.0110482,1.65635e-05,0.0110752,0.3,4,1336,82,2592,1332,1336,346,161,50,50,10,1
707,50,1,1.04385e-05,0,0.0110482,1.65635e-05,0.0110752,0,4,999,70,2208,995,999,415,247,50,50,10,1
708,50,1,1.04385e-05,0,0.0110482,1.65635e-05,0.0110752,0.2,4,1053,79,2496,1049,1053,393,215,50,50,10,1
709,50,1,1.04385e-05,0,0.0110482,1.65635e-05,0.0110752,0.2,4,1087,71,2240,1083,1087,427,271,50,50,10,1
710,50,1,1.04385e-05,0,0.0110482,1.65635e-05,0.0110752,0.4,4,1292,82,2592,1288,1292,408,226,50,50,10,1
711,50,1,1.04385e-05,0,0.0110482,1.65635e-05,0.0110752,0,4,1472,73,2304,1468,1472,433,259,50,50,10,1
712,50,1,1.04385e-05,0,0.0110482,1.65635e-05,0.0110752,0.3,4,1328,74,2336,1324,1328,413,238,50,50,10,1
713,50,1,1.04385e-05,0,0.0110482,1.65635e-05,0.0110752,0,4,1374,76,2400,1370,1374,419,256,50,50,10,1
714,50,1,1.04385e-05,0,0.0110482,1.65635e-05,0.0110752,0,4,1385,66,2080,1381,1385,391,256,50,50,10,1
715,50,1,1.04385e-05,0,0.0110482,1.65635e-05,0.0110752,0.3,4,1405,67,2112,1401,1405,405,215,50,50,10,1
716,50,1,1.04385e-05,0,0.0110482,1.65635e-05,0.0110752,0.2,4,956,68,2144,952,956,421,266,50,50,10,1
717,50,1,1.04385e-05,0,0.0110482,1.65635e-05,0.0110752,0,4,1364,73,2304,1360,1364,461,328,50,50,10,1
718,50,1,1.04385e-05,0,0.0110482,1.65635e-05,0.0110752,0.2,4,1077,56,1760,1073,1077,339,207,50,50,10,1
719,50,1,1.04385e-05,0,0.0110482,1.65635e-05,0.0110752,0.1,4,1212,65,2048,1208,1212,380,217,50,50,10,1
720,50,1,1.04385e-05,0,0.0110482,1.65635e-05,0.0110752,0.1,4,1217,68,2144,1213,1217,375,213,50,50,10,1
721,50,1,1.04385e-05,0,0.0110482,1.65635e-05,0.0110752,0.4,4,1128,63,1984,1124,1128,373,247,50,50,10,1
722,50,1,1.04385e-05,0,0.0110482,1.65635e-05,0.0110752,0.1,4,1091,56,1760,1087,1091,370,240,50,50,10,1
723,50,1,1.04385e-05,0,0.0110482,1.65635e-05,0.0110752,0,4,1101,58,1824,1097,1101,403,273,50,50,10,1
724,50,1,1.04385e-05,0,0.0110482,1.65635e-05,0.0110752,0.1,4,1207,70,2208,1203,1207,452,303,50,50,10,1
725,50,1,1.04385e-05,0,0.0110482,1.65635e-05,0.0110752,0,4,1111,82,2592,1107,1111,500,285,50,50,10,1
726,50,1,1.04385e-05,0,0.0110482,1.65635e-05,0.0110752,0.3,4,1087,64,2016,1083,1087,386,243,50,50,10,1
727,50,1,1.04385e-05,0,0.0110482,1.65635e-05,0.0110752,0.2,4,1143,59,1856,1139,1143,407,283,50,50,10,1
728,50,1,1.04385e-05,0,0.0110482,1.65635e-05,0.0110752,0,4,1374,75,2368,1370,1374,445,278,50,50,10,1
729,50,1,1.04385e-05,0,0.0110482,1.65635e-05,0.0110752,0.3,4,1363,69,2176,1359,1363,429,271,50,50,10,1
730,50,1,1.04385e-05,0,0.0110482,1.65635e-05,0.0110752,0.1,4,1269,64,2016,1265,1269,406,257,50,50,10,1
731,50,1,1.04385e-05,0,0.0110482,1.65635e-05,0.0110752,0.1,4,967,56,1760,963,967,328,207,50,50,10,1
732,50,1,1.04385e-05,0,0.0110482,1.65635e-05,0.0110752,0.5,4,785,63,1984,781,785,368,224,50,50,10,1
733,50,1,1.04385e-05,0,0.0110482,1.65635e-05,0.0110752,0,4,687,75,2368,683,687,379,248,50,50,10,1
734,50,1,1.04385e-05,0,0.0110482,1.65635e-05,0.0110752,0.2,4,1346,78,2464,1342,1346,438,249,50,50,10,1
735,50,1,1.04385e-05,0,0.0110482,1.65635e-05,0.0110752,0,4,1260,63,1984,1256,1260,433,288,50,50,10,1
736,50,1,1.04385e-05,0,0.0110482,1.65635e-05,0.0110752,0.1,4,1466,75,2368,1462,1466,490,308,50,50,10,1
737,50,1,1.04385e-05,0,0.0110482,1.65635e-05,0.0110752,0,4,1991,102,3232,1987,1991,569,325,50,50,10,1
738,50,1,1.04385e-05,0,0.0110482,1.65635e-05,0.0110752,0.2,4,1460,87,2752,1456,1460,475,269,50,50,10,1
739,50,1,1.04385e-05,0,0.0110482,1.65635e-05,0.0110752,0.3,4,1218,71,2240,1214,1218,456,287,50,50,10,1
740,50,1,1.04385e-05,0,0.0110482,1.65635e-05,0.0110752,0.1,4,1128,70,2208,1124,1128,500,348,50,50,10,1
741,50,1,1.04385e-05,0,0.0110482,1.65635e-05,0.0110752,0,4,1377,69,2176,1373,1377,483,318,50,50,10,1
742,50,1,1.04385e-05,0,0.0110482,1.65635e-05,0.0110752,0.2,4,1272,82,2592,1268,1272,487,313,50,50,10,1
743,50,1,1.04385e-05,0,0.0110482,1.65635e-05,0.0110752,0.4,4,975,68,2144,971,975,403,251,50,50,10,1
744,50,1,1.04385e-05,0,0.0110482,1.65635e-05,0.0110752,0,4,1474,75,2368,1470,1474,407,242,50,50,10,1
745,50,1,1.04385e-05,0,0.0110482,1.65635e-05,0.0110752,0.1,4,1200,89,2816,1196,1200,612,429,50,50,10,1
746,50,1,1.04385e-05,0,0.0110482,1.65635e-05,0.0110752,0,4,1350,98,3104,1346,1350,458,231,50,50,10,1
747,50,1,1.04385e-05,0,0.0110482,1.65635e-05,0.0110752,0.1,4,1179,61,1920,1175,1179,366,230,50,50,10,1
748,50,1,1.04385e-05,0,0.0110482,1.65635e-05,0.0110752,0,4,1447,73,2304,1443,1447,485,314,50,50,10,1
749,50,1,1.04385e-05,0,0.0110482,1.65635e-05,0.0110752,0.3,4,1098,71,2240,1094,1098,426,265,50,50,10,1
750,50,1,1.04385e-05,0,0.0110482,1.65635e-05,0.0110752,0.1,4,1117,65,2048,1113,1117,469,326,50,50,10,1
751,50,1,1.04385e-05,0,0.0110482,1.65635e-05,0.0110752,0,4,1186,60,1888,1182,1186,367,235,50,50,10,1
752,50,1,1.04385e-05,0,0.0110482,1.65635e-05,0.0110752,0.3,4,1087,63,1984,1083,1087,389,253,50,50,10,1
753,50,1,1.04385e-05,0,0.0110482,1.65635e-05,0.0110752,0.1,4,947,53,1664,943,947,304,178,50,50,10,1
754,50,1,1.04385e-05,0,0.0110482,1.65635e-05,0.0110752,0.1,4,1019,58,1824,1015,1019,366,237,50,50,10,1
755,50,1,1.04385e-05,0,0.0110482,1.65635e-05,0.0110752,0.1,4,1096,73,2304,1092,1096,413,233,50,50,10,1
756,50,1,1.04385e-05,0,0.0110482,1.65635e-05,0.0110752,0,4,1002,58,1824,998,1002,331,198,50,50,10,1
757,50,1,1.04385e-05,0,0.0110482,1.65635e-05,0.0110752,0.6,4,934,58,1824,930,934,413,281,50,50,10,1
758,50,1,1.04385e-05,0,0.0110482,1.65635e-05,0.0110752,0.3,4,1000,73,2304,996,1000,397,231,50,50,10,1
759,50,1,1.04385e-05,0,0.0110482,1.65635e-05,0.0110752,0.1,4,1006,60,1888,1002,1006,436,315,50,50,10,1
760,50,1,1.04385e-05,0,0.0110482,1.65635e-05,0.0110752,0.1,4,1406,71,2240,1402,1406,383,221,50,50,10,1
761,50,1,1.04385e-05,0,0.0110482,1.65635e-05,0.0110752,0.6,4,775,60,1888,771,775,345,210,50,50,10,1
762,50,1,1.04385e-05,0,0.0110482,1.65635e-05,0.0110752,0.1,4,835,59,1856,831,835,386,260,50,50,10,1
763,50,1,1.04385e-05,0,0.0110482,1.65635e-05,0.0110752,0.1,4,1696,84,2656,1692,1696,458,213,50,50,10,1
764,50,1,1.04385e-05,0,0.0110482,1.65635e-05,0.0110752,0.2,4,931,62,1952,927,931,464,337,50,50,10,1
765,50,1,1.04385e-05,0,0.0110482,1.65635e-05,0.0110752,0.2,4,746,63,1984,742,746,375,256,50,50,10,1
766,50,1,1.04385e-05,0,0.0110482,1.65635e-05,0.0110752,0.5,4,984,64,2016,980,984,418,273,50,50,10,1
767,50,1,1.04385e-05,0,0.0110482,1.65635e-05,0.0110752,0.2,4,1064,70,2208,1060,1064,398,238,50,50,10,1
768,50,1,1.04385e-05,0,0.0110482,1.65635e-05,0.0110752,0.2,4,1292,72,2272,1288,1292,434,250,50,50,10,1
769,50,1,1.04385e-05,0,0.0110482,1.65635e-05,0.0110752,0.4,4,1094,75,2368,1090,1094,446,289,50,50,10,1
770,50,1,1.04385e-05,0,0.0110482,1.65635e-05,0.0110752,0.2,4,1100,68,2144,1096,1100,393,242,50,50,10,1
771,50,1,1.04385e-05,0,0.0110482,1.65635e-05,0.0110752,0.2,4,1496,85,2688,1492,1496,518,304,50,50,10,1
772,50,1,1.04385e-05,0,0.0110482,1.65635e-05,0.0110752,0.1,4,1342,73,2304,1338,1342,423,222,50,50,10,1
773,50,1,1.04385e-05,0,0.0110482,1.65635e-05,0.0110752,0.2,4,1220,68,2144,1216,1220,368,190,50,50,10,1
774,50,1,1.04385e-05,0,0.0110482,1.65635e-05,0.0110752,0.2,4,724,78,2464,720,724,437,311,50,50,10,1
775,50,1,1.04385e-05,0,0.0110482,1.65635e-05,0.0110752,0.2,4,1761,86,2720,1757,1761,514,279,50,50,10,1
776,50,1,1.04385e-05,0,0.0110482,1.65635e-05,0.0110752,0.2,4,962,65,2048,958,962,362,235,50,50,10,1
777,50,1,1.04385e-05,0,0.0110482,1.65635e-05,0.0110752,0.2,4,946,67,2112,942,946,383,244,50,50,10,1
778,50,1,1.04385e-05,0,0.0110482,1.65635e-05,0.0110752,0.2,4,1271,67,2112,1267,1271,373,205,50,50,10,1
779,50,1,1.04385e-05,0,0.0110482,1.65635e-05,0.0110752,0.5,4,1147,68,2144,1143,1147,456,293,50,50,10,1
780,50,1,1.04385e-05,0,0.0110482,1.65635e-05,0.0110752,0,4,1655,78,2464,1651,1655,451,233,50,50,10,1
781,50,1,1.04385e-05,0,0.0110482,1.65635e-05,0.0110752,0.2,4,1026,68,2144,1022,1026,411,271,50,50,10,1
782,50,1,1.04385e-05,0,0.0110482,1.65635e-05,0.0110752,0,4,1118,64,2016,1114,1118,385,231,50,50,10,1
783,50,1,1.04385e-05,0,0.0110482,1.65635e-05,0.0110752,0.2,4,1250,84,2656,1246,1250,421,245,50,50,10,1
784,50,1,1.04385e-05,0,0.0110482,1.65635e-05,0.0110752,0.1,4,933,60,1888,929,933,422,299,50,50,10,1
785,50,1,1.04385e-05,0,0.0110482,1.65635e-05,0.0110752,0.3,4,816,58,1824,812,816,388,274,50,50,10,1
786,50,1,1.04385e-05,0,0.0110482,1.65635e-05,0.0110752,0.1,4,1091,65,2048,1087,1091,382,250,50,50,10,1
787,50,1,1.04385e-05,0,0.0110482,1.65635e-05,0.0110752,0.1,4,1211,65,2048,1207,1211,398,271,50,50,10,1
788,50,1,1.04385e-05,0,0.0110482,1.65635e-05,0.0110752,0.1,4,1420,79,2496,1416,1420,510,310,50,50,10,1
789,50,1,1.04385e-05,0,0.0110482,1.65635e-05,0.0110752,0,4,1398,75,2368,1394,1398,422,237,50,50,10,1
790,50,1,1.04385e-05,0,0.0110482,1.65635e-05,0.0110752,0.1,4,1318,79,2496,1314,1318,473,287,50,50,10,1
791,50,1,1.04385e-05,0,0.0110482,1.65635e-05,0.0110752,0.2,4,1409,77,2432,1405,1409,469,288,50,50,10,1
792,50,1,1.04385e-05,0,0.0110482,1.65635e-05,0.0110752,0,4,1131,64,2016,1127,1131,373,218,50,50,10,1
793,50,1,1.04385e-05,0,0.0110482,1.65635e-05,0.0110752,0,4,1539,79,2496,1535,1539,503,314,50,50,10,1
794,50,1,1.04385e-05,0,0.0110482,1.65635e-05,0.0110752,0.2,4,1078,71,2240,1074,1078,390,242,50,50,10,1
795,50,1,1.04385e-05,0,0.0110482,1.65635e-05,0.0110752,0.5,4,1388,75,2368,1384,1388,439,253,50,50,10,1
796,50,1,1.04385e-05,0,0.0110482,1.65635e-05,0.0110752,0.4,4,833,65,2048,829,833,405,270,50,50,10,1
797,50,1,1.04385e-05,0,0.0110482,1.65635e-05,0.0110752,0.7,4,1027,76,2400,1023,1027,473,287,50,50,10,1
798,50,1,1.04385e-05,0,0.0110482,1.65635e-05,0.0110752,0.5,4,879,73,2304,875,879,471,332,50,50,10,1
799,50,1,1.04385e-05,0,0.0110482,1.65635e-05,0.0110752,0.1,4,1132,65,2048,1128,1132,348,216,50,50,10,1
800,50,1,1.04385e-05,0,0.0110482,1.65635e-05,0.0110752,0.7,4,1100,79,2496,1096,1100,514,341,50,50,10,1
801,50,1,1.04385e-05,0,0.0110482,1.65635e-05,0.0110752,0.2,4,1225,83,2624,1221,1225,486,298,50,50,10,1
802,50,1,1.04385e-05,0,0.0110482,1.65635e-05,0.0110752,0.3,4,914,57,1792,910,914,383,236,50,50,10,1
803,50,1,1.04385e-05,0,0.0110482,1.65635e-05,0.0110752,0.2,4,1284,75,2368,1280,1284,492,305,50,50,10,1
804,50,1,1.04385e-05,0,0.0110482,1.65635e-05,0.0110752,0.3,4,1095,67,2112,1091,1095,397,237,50,50,10,1
805,50,1,1.04385e-05,0,0.0110482,1.65635e-05,0.0110752,0.4,4,1131,81,2560,1127,1131,411,231,50,50,10,1
806,50,1,1.04385e-05,0,0.0110482,1.65635e-05,0.0110752,0.4,4,610,69,2176,606,610,435,324,50,50,10,1
807,50,1,1.04385e-05,0,0.0110482,1.65635e-05,0.0110752,0.5,4,864,74,2336,860,864,397,230,50,50,10,1
808,50,1,1.04385e-05,0,0.0110482,1.65635e-05,0.0110752,0.3,4,1137,66,2080,1133,1137,332,177,50,50,10,1
809,50,1,1.04385e-05,0,0.0110482,1.65635e-05,0.0110752,0.5,4,687,62,1952,683,687,319,187,50,50,10,1
810,50,1,1.04385e-05,0,0.0110482,1.65635e-05,0.0110752,0.1,4,1032,64,2016,1028,1032,406,287,50,50,10,1
811,50,1,1.04385e-05,0,0.0110482,1.65635e-05,0.0110752,0.2,4,1116,68,2144,1112,1116,437,267,50,50,10,1
812,50,1,1.04385e-05,0,0.0110482,1.65635e-05,0.0110752,0,4,949,60,1888,945,949,378,243,50,50,10,1
813,50,1,1.04385e-05,0,0.0110482,1.65635e-05,0.0110752,0,4,1629,87,2752,1625,1629,439,230,50,50,10,1
814,50,1,1.04385e-05,0,0.0110482,1.65635e-05,0.0110752,0.3,4,1139,84,2656,1135,1139,445,259,50,50,10,1
815,50,1,1.04385e-05,0,0.0110482,1.65635e-05,0.0110752,0.1,4,1075,70,2208,1071,1075,365,203,50,50,10,1
816,50,1,1.04385e-05,0,0.0110482,1.65635e-05,0.0110752,0.4,4,1037,54,1696,1033,1037,345,233,50,50,10,1
817,50,1,1.04385e-05,0,0.0110482,1.65635e-05,0.0110752,0,4,877,67,2112,873,877,328,177,50,50,10,1
818,50,1,1.04385e-05,0,0.0110482,1.65635e-05,0.0110752,0.1,4,1051,78,2464,1047,1051,450,276,50,50,10,1
819,50,1,1.04385e-05,0,0.0110482,1.65635e-05,0.0110752,0.3,4,933,60,1888,929,933,365,230,50,50,10,1
820,50,1,1.04385e-05,0,0.0110482,1.65635e-05,0.0110752,0.5,4,964,65,2048,960,964,389,248,50,50,10,1
821,50,1,1.04385e-05,0,0.0110482,1.65635e-05,0.0110752,0.2,4,1062,66,2080,1058,1062,378,224,50,50,10,1
822,50,1,1.04385e-05,0,0.0110482,1.65635e-05,0.0110752,0,4,1112,58,1824,1108,1112,401,268,50,50,10,1
823,50,1,1.04385e-05,0,0.0110482,1.65635e-05,0.0110752,0,4,1474,72,2272,1470,1474,420,239,50,50,10,1
824,50,1,1.04385e-05,0,0.0110482,1.65635e-05,0.0110752,0.1,4,1184,62,1952,1180,1184,379,234,50,50,10,1
825,50,1,1.04385e-05,0,0.0110482,1.65635e-05,0.0110752,0.4,4,1023,58,1824,1019,1023,329,204,50,50,10,1
826,50,1,1.04385e-05,0,0.0110482,1.65635e-05,0.0110752,0.3,4,1301,72,2272,1297,1301,381,209,50,50,10,1
827,50,1,1.04385e-05,0,0.0110482,1.65635e-05,0.0110752,0.1,4,1521,92,2912,1517,1521,413,222,50,50,10,1
828,50,1,1.04385e-05,0,0.0110482,1.65635e-05,0.0110752,0.2,4,1084,57,1792,1080,1084,342,211,50,50,10,1
829,50,1,1.04385e-05,0,0.0110482,1.65635e-05,0.0110752,0.3,4,1249,68,2144,1245,1249,387,211,50,50,10,1
830,50,1,1.04385e-05,0,0.0110482,1.65635e-05,0.0110752,0.5,4,1194,69,2176,1190,1194,423,241,50,50,10,1
831,50,1,1.04385e-05,0,0.0110482,1.65635e-05,0.0110752,0.1,4,991,59,1856,987,991,350,216,50,50,10,1
832,50,1,1.04385e-05,0,0.0110482,1.65635e-05,0.0110752,0,4,1098,69,2176,1094,1098,404,251,50,50,10,1
833,50,1,1.04385e-05,0,0.0110482,1.65635e-05,0.0110752,0,4,1360,72,2272,1356,1360,364,203,50,50,10,1
834,50,1,1.04385e-05,0,0.0110482,1.65635e-05,0.0110752,0.2,4,1130,58,1824,1126,1130,345,210,50,50,10,1
835,50,1,1.04385e-05,0,0.0110482,1.65635e-05,0.0110752,0.6,4,948,56,1760,944,948,335,202,50,50,10,1
836,50,1,1.04385e-05,0,0.0110482,1.65635e-05,0.0110752,0,4,1532,84,2656,1528,1532,420,234,50,50,10,1
837,50,1,1.04385e-05,0,0.0110482,1.65635e-05,0.0110752,0.3,4,1355,71,2240,1351,1355,427,260,50,50,10,1
838,50,1,1.04385e-05,0,0.0110482,1.65635e-05,0.0110752,0.1,4,1417,77,2432,1413,1417,464,288,50,50,10,1
839,50,1,1.04385e-05,0,0.0110482,1.65635e-05,0.0110752,0.5,4,1581,87,2752,1577,1581,467,252,50,50,10,1
840,50,1,1.04385e-05,0,0.0110482,1.65635e-05,0.0110752,0.5,4,1551,81,2560,1547,1551,414,227,50,50,10,1
841,50,1,1.04385e-05,0,0.0110482,1.65635e-05,0.0110752,0.1,4,1510,74,2336,1506,1510,412,222,50,50,10,1
842,50,1,1.04385e-05,0,0.0110482,1.65635e-05,0.0110752,0.1,4,1510,85,2688,1506,1510,491,288,50,50,10,1
843,50,1,1.04385e-05,0,0.0110482,1.65635e-05,0.0110752,0.3,4,1247,73,2304,1243,1247,411,227,50,50,10,1
844,50,1,1.04385e-05,0,0.0110482,1.65635e-05,0.0110752,0,4,1071,55,1728,1067,1071,379,258,50,50,10,1
845,50,1,1.04385e-05,0,0.0110482,1.65635e-05,0.0110752,0.1,4,1435,76,2400,1431,1435,433,238,50,50,10,1
846,50,1,1.04385e-05,0,0.0110482,1.65635e-05,0.0110752,0.4,4,1173,63,1984,1169,1173,373,241,50,50,10,1
847,50,1,1.04385e-05,0,0.0110482,1.65635e-05,0.0110752,0,4,1580,82,2592,1576,1580,462,267,50,50,10,1
848,50,1,1.04385e-05,0,0.0110482,1.65635e-05,0.0110752,0,4,983,59,1856,979,983,335,185,50,50,10,1
849,50,1,1.04385e-05,0,0.0110482,1.65635e-05,0.0110752,0.1,4,1152,66,2080,1148,1152,355,216,50,50,10,1
850,50,1,1.04385e-05,0,0.0110482,1.65635e-05,0.0110752,0.6,4,1372,74,2336,1368,1372,456,285,50,50,10,1
851,50,1,1.04385e-05,0,0.0110482,1.65635e-05,0.0110752,0.3,4,1162,68,2144,1158,1162,402,246,50,50,10,1
852,50,1,1.04385e-05,0,0.0110482,1.65635e-05,0.0110752,0.2,4,989,53,1664,985,989,280,165,50,50,10,1
853,50,1,1.04385e-05,0,0.0110482,1.65635e-05,0.0110752,0.3,4,1040,69,2176,1036,1040,384,238,50,50,10,1
854,50,1,1.04385e-05,0,0.0110482,1.65635e-05,0.0110752,0.1,4,1323,71,2240,1319,1323,403,237,50,50,10,1
855,50,1,1.04385e-05,0,0.0110482,1.65635e-05,0.0110752,0.1,4,1195,75,2368,1191,1195,408,233,50,50,10,1
856,50,1,1.04385e-05,0,0.0110482,1.65635e-05,0.0110752,0.4,4,908,58,1824,904,908,358,234,50,50,10,1
857,50,1,1.04385e-05,0,0.0110482,1.65635e-05,0.0110752,0,4,1573,82,2592,1569,1573,453,245,50,50,10,1
858,50,1,1.04385e-05,0,0.0110482,1.65635e-05,0.0110752,0.6,4,1109,61,1920,1105,1109,372,250,50,50,10,1
859,50,1,1.04385e-05,0,0.0110482,1.65635e-05,0.0110752,0.1,4,1038,58,1824,1034,1038,376,249,50,50,10,1
860,50,1,1.04385e-05,0,0.0110482,1.65635e-05,0.0110752,0.1,4,1175,55,1728,1171,1175,368,250,50,50,10,1
861,50,1,1.04385e-05,0,0.0110482,1.65635e-05,0.0110752,0.2,4,1317,69,2176,1313,1317,415,270,50,50,10,1
862,50,1,1.04385e-05,0,0.0110482,1.65635e-05,0.0110752,0.2,4,1372,75,2368,1368,1372,391,220,50,50,10,1
863,50,1,1.04385e-05,0,0.0110482,1.65635e-05,0.0110752,0.1,4,1174,65,2048,1170,1174,412,260,50,50,10,1
864,50,1,1.04385e-05,0,0.0110482,1.65635e-05,0.0110752,0.3,4,992,58,1824,988,992,396,242,50,50,10,1
865,50,1,1.04385e-05,0,0.0110482,1.65635e-05,0.0110752,0.4,4,1335,73,2304,1331,1335,438,280,50,50,10,1
866,50,1,1.04385e-05,0,0.0110482,1.65635e-05,0.0110752,0.3,4,1198,61,1920,1194,1198,385,261,50,50,10,1
867,50,1,1.04385e-05,0,0.0110482,1.65635e-05,0.0110752,0.2,4,1191,76,2400,1187,1191,406,207,50,50,10,1
868,50,1,1.04385e-05,0,0.0110482,1.65635e-05,0.0110752,0.2,4,1128,59,1856,1124,1128,344,209,50,50,10,1
869,50,1,1.04385e-05,0,0.0110482,1.65635e-05,0.0110752,0.4,4,1058,64,2016,1054,1058,385,232,50,50,10,1
870,50,1,1.04385e-05,0,0.0110482,1.65635e-05,0.0110752,0,4,1395,79,2496,1391,1395,472,271,50,50,10,1
871,50,1,1.04385e-05,0,0.0110482,1.65635e-05,0.0110752,0.2,4,1631,88,2784,1627,1631,412,201,50,50,10,1
872,50,1,1.04385e-05,0,0.0110482,1.65635e-05,0.0110752,0.1,4,1279,71,2240,1275,1279,449,287,50,50,10,1
873,50,1,1.04385e-05,0,0.0110482,1.65635e-05,0.0110752,0.5,4,1186,63,1984,1182,1186,389,230,50,50,10,1
874,50,1,1.04385e-05,0,0.0110482,1.65635e-05,0.0110752,0,4,926,68,2144,922,926,443,280,50,50,10,1
875,50,1,1.04385e-05,0,0.0110482,1.65635e-05,0.0110752,0.1,4,1621,93,2944,1617,1621,529,296,50,50,10,1
876,50,1,1.04385e-05,0,0.0110482,1.65635e-05,0.0110752,0.3,4,1298,70,2208,1294,1298,388,209,50,50,10,1
877,50,1,1.04385e-05,0,0.0110482,1.65635e-05,0.0110752,0,4,1693,90,2848,1689,1693,467,253,50,50,10,1
878,50,1,1.04385e-05,0,0.0110482,1.65635e-05,0.0110752,0.2,4,1097,60,1888,1093,1097,390,270,50,50,10,1
879,50,1,1.04385e-05,0,0.0110482,1.65635e-05,0.0110752,0,4,1211,62,1952,1207,1211,352,220,50,50,10,1
880,50,1,1.04385e-05,0,0.0110482,1.65635e-05,0.0110752,0.5,4,1384,82,2592,1380,1384,384,177,50,50,10,1
881,50,1,1.04385e-05,0,0.0110482,1.65635e-05,0.0110752,0.2,4,1024,57,1792,1020,1024,338,219,50,50,10,1
882,50,1,1.04385e-05,0,0.0110482,1.65635e-05,0.0110752,0.2,4,703,59,1856,699,703,350,224,50,50,10,1
883,50,1,1.04385e-05,0,0.0110482,1.65635e-05,0.0110752,0.4,4,1039,72,2272,1035,1039,390,245,50,50,10,1
884,50,1,1.04385e-05,0,0.0110482,1.65635e-05,0.0110752,0.4,4,1317,63,1984,1313,1317,385,242,50,50,10,1
885,50,1,1.04385e-05,0,0.0110482,1.65635e-05,0.0110752,0,4,1422,79,2496,1418,1422,439,237,50,50,10,1
886,50,1,1.04385e-05,0,0.0110482,1.65635e-05,0.0110752,0.3,4,1288,66,2080,1284,1288,409,234,50,50,10,1
887,50,1,1.04385e-05,0,0.0110482,1.65635e-05,0.0110752,0,4,1427,76,2400,1423,1427,439,268,50,50,10,1
888,50,1,1.04385e-05,0,0.0110482,1.65635e-05,0.0110752,0.3,4,1199,65,2048,1195,1199,390,245,50,50,10,1
889,50,1,1.04385e-05,0,0.0110482,1.65635e-05,0.0110752,0.4,4,1252,63,1984,1248,1252,402,259,50,50,10,1
890,50,1,1.04385e-05,0,0.0110482,1.65635e-05,0.0110752,0.2,4,1089,61,1920,1085,1089,369,200,50,50,10,1
891,50,1,1.04385e-05,0,0.0110482,1.65635e-05,0.0110752,0.3,4,1449,82,2592,1445,1449,448,257,50,50,10,1
892,50,1,1.04385e-05,0,0.0110482,1.65635e-05,0.0110752,0,4,1150,58,1824,1146,1150,385,257,50,50,10,1
893,50,1,1.04385e-05,0,0.0110482,1.65635e-05,0.0110752,0,4,1352,69,2176,1348,1352,434,272,50,50,10,1
894,50,1,1.04385e-05,0,0.0110482,1.65635e-05,0.0110752,0.4,4,1220,61,1920,1216,1220,449,298,50,50,10,1
895,50,1,1.04385e-05,0,0.0110482,1.65635e-05,0.0110752,0.1,4,959,59,1856,955,959,339,213,50,50,10,1
896,50,1,1.04385e-05,0,0.0110482,1.65635e-05,0.0110752,0.4,4,1112,68,2144,1108,1112,345,184,50,50,10,1
897,50,1,1.04385e-05,0,0.0110482,1.65635e-05,0.0110752,0.3,4,1118,70,2208,1114,1118,419,270,50,50,10,1
898,50,1,1.04385e-05,0,0.0110482,1.65635e-05,0.0110752,0.3,4,1201,60,1888,1197,1201,434,301,50,50,10,1
899,50,1,1.04385e-05,0,0.0110482,1.65635e-05,0.0110752,0.1,4,1308,68,2144,1304,1308,403,259,50,50,10,1
900,50,1,1.04385e-05,0,0.0110482,1.65635e-05,0.0110752,0,4,1278,63,1984,1274,1278,304,166,50,50,10,1
901,50,1,1.04385e-05,0,0.0110482,1.65635e-05,0.0110752,0.1,4,1229,58,1824,1225,1229,386,259,50,50,10,1
902,50,1,1.04385e-05,0,0.0110482,1.65635e-05,0.0110752,0.2,4,920,65,2048,916,920,325,178,50,50,10,1
903,50,1,1.04385e-05,0,0.0110482,1.65635e-05,0.0110752,0.4,4,1247,79,2496,1243,1247,498,289,50,50,10,1
904,50,1,1.04385e-05,0,0.0110482,1.65635e-05,0.0110752,0.1,4,1248,62,1952,1244,1248,354,204,50,50,10,1
905,50,1,1.04385e-05,0,0.0110482,1.65635e-05,0.0110752,0.4,4,1222,70,2208,1218,1222,375,196,50,50,10,1
906,50,1,1.04385e-05,0,0.0110482,1.65635e-05,0.0110752,0.1,4,1284,66,2080,1280,1284,407,248,50,50,10,1
907,50,1,1.04385e-05,0,0.0110482,1.65635e-05,0.0110752,0.1,4,1104,62,1952,1100,1104,364,238,50,50,10,1
908,50,1,1.04385e-05,0,0.0110482,1.65635e-05,0.0110752,0.3,4,1133,55,1728,1129,1133,350,230,50,50,10,1
909,50,1,1.04385e-05,0,0.0110482,1.65635e-05,0.0110752,0.2,4,1130,61,1920,1126,1130,383,246,50,50,10,1
910,50,1,1.04385e-05,0,0.0110482,1.65635e-05,0.0110752,0.3,4,1277,64,2016,1273,1277,404,249,50,50,10,1
911,50,1,1.04385e-05,0,0.0110482,1.65635e-05,0.0110752,0,4,1343,62,1952,1339,1343,393,232,50,50,10,1
912,50,1,1.04385e-05,0,0.0110482,1.65635e-05,0.0110752,0.1,4,1440,74,2336,1436,1440,404,235,50,50,10,1
913,50,1,1.04385e-05,0,0.0110482,1.65635e-05,0.0110752,0,4,1167,62,1952,1163,1167,360,224,50,50,10,1
914,50,1,1.04385e-05,0,0.0110482,1.65635e-05,0.0110752,0.1,4,1731,85,2688,1727,1731,461,269,50,50,10,1
915,50,1,1.04385e-05,0,0.0110482,1.65635e-05,0.0110752,0,4,1107,62,1952,1103,1107,350,222,50,50,10,1
916,50,1,1.04385e-05,0,0.0110482,1.65635e-05,0.0110752,0,4,1271,69,2176,1267,1271,377,210,50,50,10,1
917,50,1,1.04385e-05,0,0.0110482,1.65635e-05,0.0110752,0.3,4,1052,73,2304,1048,1052,372,203,50,50,10,1
918,50,1,1.04385e-05,0,0.0110482,1.65635e-05,0.0110752,0.3,4,1280,65,2048,1276,1280,405,263,50,50,10,1
919,50,1,1.04385e-05,0,0.0110482,1.65635e-05,0.0110752,0.2,4,1098,63,1984,1094,1098,371,226,50,50,10,1
920,50,1,1.04385e-05,0,0.0110482,1.65635e-05,0.0110752,0.3,4,1654,82,2592,1650,1654,521,311,50,50,10,1
921,50,1,1.04385e-05,0,0.0110482,1.65635e-05,0.0110752,0.1,4,1481,73,2304,1477,1481,422,244,50,50,10,1
922,50,1,1.04385e-05,0,0.0110482,1.65635e-05,0.0110752,0.3,4,1119,76,2400,1115,1119,452,275,50,50,10,1
923,50,1,1.04385e-05,0,0.0110482,1.65635e-05,0.0110752,0.1,4,1295,65,2048,1291,1295,352,186,50,50,10,1
924,50,1,1.04385e-05,0,0.0110482,1.65635e-05,0.0110752,0,4,1383,79,2496,1379,1383,462,246,50,50,10,1
925,50,1,1.04385e-05,0,0.0110482,1.65635e-05,0.0110752,0.5,4,1036,68,2144,1032,1036,372,213,50,50,10,1
926,50,1,1.04385e-05,0,0.0110482,1.65635e-05,0.0110752,0.2,4,1099,69,2176,1095,1099,462,295,50,50,10,1
927,50,1,1.04385e-05,0,0.0110482,1.65635e-05,0.0110752,0.1,4,1190,57,1792,1186,1190,370,248,50,50,10,1
928,50,1,1.04385e-05,0,0.0110482,1.65635e-05,0.0110752,0.3,4,1138,69,2176,1134,1138,407,263,50,50,10,1
929,50,1,1.04385e-05,0,0.0110482,1.65635e-05,0.0110752,0.2,4,1628,95,3008,1624,1628,628,379,50,50,10,1
930,50,1,1.04385e-05,0,0.0110482,1.65635e-05,0.0110752,0.1,4,1259,62,1952,1255,1259,372,245,50,50,10,1
931,50,1,1.04385e-05,0,0.0110482,1.65635e-05,0.0110752,0.5,4,1053,58,1824,1049,1053,385,265,50,50,10,1
932,50,1,1.04385e-05,0,0.0110482,1.65635e-05,0.0110752,0,4,1102,63,1984,1098,1102,338,207,50,50,10,1
933,50,1,1.04385e-05,0,0.0110482,1.65635e-05,0.0110752,0.2,4,1000,61,1920,996,1000,391,266,50,50,10,1
934,50,1,1.04385e-05,0,0.0110482,1.65635e-05,0.0110752,0.1,4,1220,68,2144,1216,1220,443,299,50,50,10,1
935,50,1,1.04385e-05,0,0.0110482,1.65635e-05,0.0110752,0.2,4,1028,57,1792,1024,1028,366,258,50,50,10,1
936,50,1,1.04385e-05,0,0.0110482,1.65635e-05,0.0110752,0.3,4,1326,68,2144,1322,1326,406,248,50,50,10,1
937,50,1,1.04385e-05,0,0.0110482,1.65635e-05,0.0110752,0.1,4,1203,60,1888,1199,1203,387,256,50,50,10,1
938,50,1,1.04385e-05,0,0.0110482,1.65635e-05,0.0110752,0,4,1086,66,2080,1082,1086,380,223,50,50,10,1
939,50,1,1.04385e-05,0,0.0110482,1.65635e-05,0.0110752,0.1,4,1196,69,2176,1192,1196,393,228,50,50,10,1
940,50,1,1.04385e-05,0,0.0110482,1.65635e-05,0.0110752,0,4,1339,70,2208,1335,1339,427,251,50,50,10,1
941,50,1,1.04385e-05,0,0.0110482,1.65635e-05,0.0110752,0.4,4,1353,68,2144,1349,1353,466,300,50,50,10,1
942,50,1,1.04385e-05,0,0.0110482,1.65635e-05,0.0110752,0.3,4,1244,71,2240,1240,1244,451,266,50,50,10,1
943,50,1,1.04385e-05,0,0.0110482,1.65635e-05,0.0110752,0.2,4,1144,63,1984,1140,1144,381,218,50,50,10,1
944,50,1,1.04385e-05,0,0.0110482,1.65635e-05,0.0110752,0.2,4,998,64,2016,994,998,389,241,50,50,10,1
945,50,1,1.04385e-05,0,0.0110482,1.65635e-05,0.0110752,0.4,4,591,60,1888,587,591,309,189,50,50,10,1
946,50,1,1.04385e-05,0,0.0110482,1.65635e-05,0.0110752,0.5,4,1082,59,1856,1078,1082,443,311,50,50,10,1
947,50,1,1.04385e-05,0,0.0110482,1.65635e-05,0.0110752,0.2,4,987,55,1728,983,987,361,234,50,50,10,1
948,50,1,1.04385e-05,0,0.0110482,1.65635e-05,0.0110752,0.1,4,1771,88,2784,1767,1771,535,309,50,50,10,1
949,50,1,1.04385e-05,0,0.0110482,1.65635e-05,0.0110752,0.1,4,1438,72,2272,1434,1438,525,364,50,50,10,1
950,50,1,1.04385e-05,0,0.0110482,1.65635e-05,0.0110752,0.3,4,1404,79,2496,1400,1404,482,281,50,50,10,1
951,50,1,1.04385e-05,0,0.0110482,1.65635e-05,0.0110752,0.1,4,1193,67,2112,1189,1193,448,294,50,50,10,1
952,50,1,1.04385e-05,0,0.0110482,1.65635e-05,0.0110752,0.3,4,1423,71,2240,1419,1423,368,203,50,50,10,1
953,50,1,1.04385e-05,0,0.0110482,1.65635e-05,0.0110752,0.2,4,1484,73,2304,1480,1484,420,245,50,50,10,1
954,50,1,1.04385e-05,0,0.0110482,1.65635e-05,0.0110752,0.3,4,1134,62,1952,1130,1134,446,303,50,50,10,1
955,50,1,1.04385e-05,0,0.0110482,1.65635e-05,0.0110752,0.1,4,1206,76,2400,1202,1206,432,281,50,50,10,1
956,50,1,1.04385e-05,0,0.0110482,1.65635e-05,0.0110752,0.1,4,1390,81,2560,1386,1390,418,222,50,50,10,1
957,50,1,1.04385e-05,0,0.0110482,1.65635e-05,0.0110752,0.1,4,1576,87,2752,1572,1576,435,208,50,50,10,1
958,50,1,1.04385e-05,0,0.0110482,1.65635e-05,0.0110752,0,4,1209,60,1888,1205,1209,339,200,50,50,10,1
959,50,1,1.04385e-05,0,0.0110482,1.65635e-05,0.0110752,0,4,995,54,1696,991,995,313,197,50,50,10,1
960,50,1,1.04385e-05,0,0.0110482,1.65635e-05,0.0110752,0,4,1320,69,2176,1316,1320,412,228,50,50,10,1
961,50,1,1.04385e-05,0,0.0110482,1.65635e-05,0.0110752,0.1,4,1153,64,2016,1149,1153,393,237,50,50,10,1
962,50,1,1.04385e-05,0,0.0110482,1.65635e-05,0.0110752,0.1,4,1237,71,2240,1233,1237,414,250,50,50,10,1
963,50,1,1.04385e-05,0,0.0110482,1.65635e-05,0.0110752,0.5,4,1585,84,2656,1581,1585,487,278,50,50,10,1
964,50,1,1.04385e-05,0,0.0110482,1.65635e-05,0.0110752,0,4,1506,82,2592,1502,1506,454,243,50,50,10,1
965,50,1,1.04385e-05,0,0.0110482,1.65635e-05,0.0110752,0.2,4,1197,71,2240,1193,1197,497,345,50,50,10,1
966,50,1,1.04385e-05,0,0.0110482,1.65635e-05,0.0110752,0.5,4,1175,70,2208,1171,1175,453,281,50,50,10,1
967,50,1,1.04385e-05,0,0.0110482,1.65635e-05,0.0110752,0.3,4,1320,75,2368,1316,1320,394,227,50,50,10,1
968,50,1,1.04385e-05,0,0.0110482,1.65635e-05,0.0110752,0.2,4,812,61,1920,808,812,373,258,50,50,10,1
969,50,1,1.04385e-05,0,0.0110482,1.65635e-05,0.0110752,0.3,4,891,56,1760,887,891,341,225,50,50,10,1
970,50,1,1.04385e-05,0,0.0110482,1.65635e-05,0.0110752,0,4,1206,61,1920,1202,1206,415,259,50,50,10,1
971,50,1,1.04385e-05,0,0.0110482,1.65635e-05,0.0110752,0.4,4,934,55,1728,930,934,350,219,50,50,10,1
972,50,1,1.04385e-05,0,0.0110482,1.65635e-05,0.0110752,0,4,1019,61,1920,1015,1019,375,228,50,50,10,1
973,50,1,1.04385e-05,0,0.0110482,1.65635e-05,0.0110752,0.3,4,980,62,1952,976,980,375,231,50,50,10,1
974,50,1,1.04385e-05,0,0.0110482,1.65635e-05,0.0110752,0,4,1227,79,2496,1223,1227,425,252,50,50,10,1
975,50,1,1.04385e-05,0,0.0110482,1.65635e-05,0.0110752,0.3,4,1094,65,2048,1090,1094,368,222,50,50,10,1
976,50,1,1.04385e-05,0,0.0110482,1.65635e-05,0.0110752,0.2,4,974,82,2592,970,974,456,276,50,50,10,1
977,50,1,1.04385e-05,0,0.0110482,1.65635e-05,0.0110752,0,4,1769,90,2848,1765,1769,511,276,50,50,10,1
978,50,1,1.04385e-05,0,0.0110482,1.65635e-05,0.0110752,0.2,4,950,69,2176,946,950,398,243,50,50,10,1
979,50,1,1.04385e-05,0,0.0110482,1.65635e-05,0.0110752,0.4,4,998,63,1984,994,998,409,258,50,50,10,1
980,50,1,1.04385e-05,0,0.0110482,1.65635e-05,0.0110752,0.1,4,1188,67,2112,1184,1188,370,219,50,50,10,1
981,50,1,1.04385e-05,0,0.0110482,1.65635e-05,0.0110752,0.1,4,1286,71,2240,1282,1286,416,252,50,50,10,1
982,50,1,1.04385e-05,0,0.0110482,1.65635e-05,0.0110752,0.1,4,1011,54,1696,1007,1011,340,205,50,50,10,1
983,50,1,1.04385e-05,0,0.0110482,1.65635e-05,0.0110752,0.1,4,1082,58,1824,1078,1082,440,313,50,50,10,1
984,50,1,1.04385e-05,0,0.0110482,1.65635e-05,0.0110752,0.2,4,1160,64,2016,1156,1160,398,245,50,50,10,1
985,50,1,1.04385e-05,0,0.0110482,1.65635e-05,0.0110752,0.2,4,1770,95,3008,1766,1770,507,273,50,50,10,1
986,50,1,1.04385e-05,0,0.0110482,1.65635e-05,0.0110752,0.1,4,1199,63,1984,1195,1199,402,235,50,50,10,1
987,50,1,1.04385e-05,0,0.0110482,1.65635e-05,0.0110752,0.4,4,1377,75,2368,1373,1377,415,218,50,50,10,1
988,50,1,1.04385e-05,0,0.0110482,1.65635e-05,0.0110752,0.4,4,905,60,1888,901,905,402,278,50,50,10,1
989,50,1,1.04385e-05,0,0.0110482,1.65635e-05,0.0110752,0.3,4,1482,81,2560,1478,1482,443,235,50,50,10,1
990,50,1,1.04385e-05,0,0.0110482,1.65635e-05,0.0110752,0.1,4,1295,78,2464,1291,1295,430,251,50,50,10,1
991,50,1,1.04385e-05,0,0.0110482,1.65635e-05,0.0110752,0,4,1525,73,2304,1521,1525,476,303,50,50,10,1
992,50,1,1.04385e-05,0,0.0110482,1.65635e-05,0.0110752,0,4,1051,59,1856,1047,1051,412,276,50,50,10,1
993,50,1,1.04385e-05,0,0.0110482,1.65635e-05,0.0110752,0,4,1035,56,1760,1031,1035,392,269,50,50,10,1
994,50,1,1.04385e-05,0,0.0110482,1.65635e-05,0.0110752,0.5,4,1003,70,2208,999,1003,388,223,50,50,10,1
995,50,1,1.04385e-05,0,0.0110482,1.65635e-05,0.0110752,0.3,4,1151,60,1888,1147,1151,389,244,50,50,10,1
996,50,1,1.04385e-05,0,0.0110482,1.65635e-05,0.0110752,0,4,1324,75,2368,1320,1324,444,282,50,50,10,1
997,50,1,1.04385e-05,0,0.0110482,1.65635e-05,0.0110752,0.3,4,994,64,2016,990,994,340,210,50,50,10,1
998,50,1,1.04385e-05,0,0.0110482,1.65635e-05,0.0110752,0.3,4,1011,68,2144,1007,1011,439,286,50,50,10,1
999,50,1,1.04385e-05,0,0.0110482,1.65635e-05,0.0110752,0,4,1247,57,1792,1243,1247,396,270,50,50,10,1
