query_id,pq,batch_index,approx_h2d_ms,approx_memset_ms,approx_kernel_ms,approx_d2h_ms,approx_total_ms,recall,seed_count,visited_nodes,expanded_nodes,neighbor_slots_scanned,candidate_nodes,distance_evals,frontier_pushes,result_updates,peak_frontier,peak_results,result_count,early_stopped
0,30,0,1.55723e-05,0,0.00538368,1.99238e-05,0.00541918,0.2,4,994,52,1632,990,994,279,145,30,30,10,1
1,30,0,1.55723e-05,0,0.00538368,1.99238e-05,0.00541918,0,4,1083,57,1792,1079,1083,337,183,30,30,10,1
2,30,0,1.55723e-05,0,0.00538368,1.99238e-05,0.00541918,0.1,4,921,44,1376,917,921,283,186,30,30,10,1
3,30,0,1.55723e-05,0,0.00538368,1.99238e-05,0.00541918,0.2,4,899,61,1920,895,899,305,171,30,30,10,1
4,30,0,1.55723e-05,0,0.00538368,1.99238e-05,0.00541918,0,4,909,48,1504,905,909,284,171,30,30,10,1
5,30,0,1.55723e-05,0,0.00538368,1.99238e-05,0.00541918,0,4,1253,64,2016,1249,1253,356,195,30,30,10,1
6,30,0,1.55723e-05,0,0.00538368,1.99238e-05,0.00541918,0,4,935,50,1568,931,935,269,161,30,30,10,1
7,30,0,1.55723e-05,0,0.00538368,1.99238e-05,0.00541918,0.2,4,815,55,1728,811,815,330,209,30,30,10,1
8,30,0,1.55723e-05,0,0.00538368,1.99238e-05,0.00541918,0,4,945,44,1376,941,945,258,150,30,30,10,1
9,30,0,1.55723e-05,0,0.00538368,1.99238e-05,0.00541918,0.1,4,898,41,1280,894,898,265,180,30,30,10,1
10,30,0,1.55723e-05,0,0.00538368,1.99238e-05,0.00541918,0.1,4,819,38,1184,815,819,252,166,30,30,10,1
11,30,0,1.55723e-05,0,0.00538368,1.99238e-05,0.00541918,0.1,4,940,46,1440,936,940,266,170,30,30,10,1
12,30,0,1.55723e-05,0,0.00538368,1.99238e-05,0.00541918,0,4,1080,55,1728,1076,1080,307,175,30,30,10,1
13,30,0,1.55723e-05,0,0.00538368,1.99238e-05,0.00541918,0.2,4,1169,58,1824,1165,1169,319,162,30,30,10,1
14,30,0,1.55723e-05,0,0.00538368,1.99238e-05,0.00541918,0.3,4,877,46,1440,873,877,280,187,30,30,10,1
15,30,0,1.55723e-05,0,0.00538368,1.99238e-05,0.00541918,0.1,4,683,36,1120,679,683,223,142,30,30,10,1
16,30,0,1.55723e-05,0,0.00538368,1.99238e-05,0.00541918,0.1,4,1068,54,1696,1064,1068,325,196,30,30,10,1
17,30,0,1.55723e-05,0,0.00538368,1.99238e-05,0.00541918,0.1,4,681,40,1248,677,681,218,121,30,30,10,1
18,30,0,1.55723e-05,0,0.00538368,1.99238e-05,0.00541918,0,4,786,41,1280,782,786,257,160,30,30,10,1
19,30,0,1.55723e-05,0,0.00538368,1.99238e-05,0.00541918,0.2,4,646,36,1120,642,646,199,122,30,30,10,1
20,30,0,1.55723e-05,0,0.00538368,1.99238e-05,0.00541918,0.4,4,832,50,1568,828,832,300,202,30,30,10,1
21,30,0,1.55723e-05,0,0.00538368,1.99238e-05,0.00541918,0.4,4,774,43,1344,770,774,253,160,30,30,10,1
22,30,0,1.55723e-05,0,0.00538368,1.99238e-05,0.00541918,0.1,4,957,53,1664,953,957,307,200,30,30,10,1
23,30,0,1.55723e-05,0,0.00538368,1.99238e-05,0.00541918,0.3,4,699,38,1184,695,699,255,174,30,30,10,1
24,30,0,1.55723e-05,0,0.00538368,1.99238e-05,0.00541918,0.2,4,762,40,1248,758,762,251,161,30,30,10,1
25,30,0,1.55723e-05,0,0.00538368,1.99238e-05,0.00541918,0.3,4,965,47,1472,961,965,303,187,30,30,10,1
26,30,0,1.55723e-05,0,0.00538368,1.99238e-05,0.00541918,0.6,4,880,45,1408,876,880,280,174,30,30,10,1
27,30,0,1.55723e-05,0,0.00538368,1.99238e-05,0.00541918,0.1,4,1177,58,1824,1173,1177,329,187,30,30,10,1
28,30,0,1.55723e-05,0,0.00538368,1.99238e-05,0.00541918,0.3,4,808,44,1376,804,808,257,163,30,30,10,1
29,30,0,1.55723e-05,0,0.00538368,1.99238e-05,0.00541918,0.1,4,814,47,1472,810,814,420,344,30,30,10,1
30,30,0,1.55723e-05,0,0.00538368,1.99238e-05,0.00541918,0.3,4,734,41,1280,730,734,275,182,30,30,10,1
31,30,0,1.55723e-05,0,0.00538368,1.99238e-05,0.00541918,0.5,4,957,49,1536,953,957,328,202,30,30,10,1
32,30,0,1.55723e-05,0,0.00538368,1.99238e-05,0.00541918,0.2,4,1116,56,1760,1112,1116,370,227,30,30,10,1
33,30,0,1.55723e-05,0,0.00538368,1.99238e-05,0.00541918,0.5,4,670,44,1376,666,670,284,180,30,30,10,1
34,30,0,1.55723e-05,0,0.00538368,1.99238e-05,0.00541918,0.2,4,1139,50,1568,1135,1139,298,171,30,30,10,1
35,30,0,1.55723e-05,0,0.00538368,1.99238e-05,0.00541918,0.2,4,750,37,1152,746,750,228,141,30,30,10,1
36,30,0,1.55723e-05,0,0.00538368,1.99238e-05,0.00541918,0,4,1056,53,1664,1052,1056,315,176,30,30,10,1
37,30,0,1.55723e-05,0,0.00538368,1.99238e-05,0.00541918,0.4,4,668,44,1376,664,668,303,198,30,30,10,1
38,30,0,1.55723e-05,0,0.00538368,1.99238e-05,0.00541918,0.4,4,636,37,1152,632,636,231,136,30,30,10,1
39,30,0,1.55723e-05,0,0.00538368,1.99238e-05,0.00541918,0.1,4,902,48,1504,898,902,298,180,30,30,10,1
40,30,0,1.55723e-05,0,0.00538368,1.99238e-05,0.00541918,0.4,4,668,36,1120,664,668,271,194,30,30,10,1
41,30,0,1.55723e-05,0,0.00538368,1.99238e-05,0.00541918,0,4,948,69,2176,944,948,392,257,30,30,10,1
42,30,0,1.55723e-05,0,0.00538368,1.99238e-05,0.00541918,0.2,4,943,51,1600,939,943,294,182,30,30,10,1
43,30,0,1.55723e-05,0,0.00538368,1.99238e-05,0.00541918,0.1,4,984,52,1632,980,984,365,249,30,30,10,1
44,30,0,1.55723e-05,0,0.00538368,1.99238e-05,0.00541918,0.1,4,744,44,1376,740,744,284,201,30,30,10,1
45,30,0,1.55723e-05,0,0.00538368,1.99238e-05,0.00541918,0,4,773,47,1472,769,773,296,198,30,30,10,1
46,30,0,1.55723e-05,0,0.00538368,1.99238e-05,0.00541918,0.2,4,850,44,1376,846,850,327,229,30,30,10,1
47,30,0,1.55723e-05,0,0.00538368,1.99238e-05,0.00541918,0,4,907,46,1440,903,907,269,153,30,30,10,1
48,30,0,1.55723e-05,0,0.00538368,1.99238e-05,0.00541918,0.2,4,715,41,1280,711,715,291,191,30,30,10,1
49,30,0,1.55723e-05,0,0.00538368,1.99238e-05,0.00541918,0.4,4,671,49,1536,667,671,297,191,30,30,10,1
50,30,0,1.55723e-05,0,0.00538368,1.99238e-05,0.00541918,0.6,4,887,53,1664,883,887,406,273,30,30,10,1
51,30,0,1.55723e-05,0,0.00538368,1.99238e-05,0.00541918,0.2,4,774,41,1280,770,774,261,156,30,30,10,1
52,30,0,1.55723e-05,0,0.00538368,1.99238e-05,0.00541918,0.1,4,926,49,1536,922,926,320,200,30,30,10,1
53,30,0,1.55723e-05,0,0.00538368,1.99238e-05,0.00541918,0.2,4,772,42,1312,768,772,317,221,30,30,10,1
54,30,0,1.55723e-05,0,0.00538368,1.99238e-05,0.00541918,0.1,4,586,43,1344,582,586,283,205,30,30,10,1
55,30,0,1.55723e-05,0,0.00538368,1.99238e-05,0.00541918,0.7,4,515,43,1344,511,515,287,202,30,30,10,1
56,30,0,1.55723e-05,0,0.00538368,1.99238e-05,0.00541918,0,4,882,49,1536,878,882,303,209,30,30,10,1
57,30,0,1.55723e-05,0,0.00538368,1.99238e-05,0.00541918,0.4,4,817,39,1216,813,817,245,169,30,30,10,1
58,30,0,1.55723e-05,0,0.00538368,1.99238e-05,0.00541918,0.2,4,890,46,1440,886,890,276,176,30,30,10,1
59,30,0,1.55723e-05,0,0.00538368,1.99238e-05,0.00541918,0.2,4,595,57,1792,591,595,327,239,30,30,10,1
60,30,0,1.55723e-05,0,0.00538368,1.99238e-05,0.00541918,0,4,687,40,1248,683,687,208,116,30,30,10,1
61,30,0,1.55723e-05,0,0.00538368,1.99238e-05,0.00541918,0.4,4,579,37,1152,575,579,261,173,30,30,10,1
62,30,0,1.55723e-05,0,0.00538368,1.99238e-05,0.00541918,0.5,4,594,43,1344,590,594,244,149,30,30,10,1
63,30,0,1.55723e-05,0,0.00538368,1.99238e-05,0.00541918,0.3,4,748,39,1216,744,748,214,132,30,30,10,1
64,30,0,1.55723e-05,0,0.00538368,1.99238e-05,0.00541918,0.3,4,553,42,1312,549,553,278,197,30,30,10,1
65,30,0,1.55723e-05,0,0.00538368,1.99238e-05,0.00541918,0.4,4,1000,54,1696,996,1000,360,241,30,30,10,1
66,30,0,1.55723e-05,0,0.00538368,1.99238e-05,0.00541918,0.2,4,643,44,1376,639,643,277,180,30,30,10,1
67,30,0,1.55723e-05,0,0.00538368,1.99238e-05,0.00541918,0.4,4,584,35,1088,580,584,253,196,30,30,10,1
68,30,0,1.55723e-05,0,0.00538368,1.99238e-05,0.00541918,0,4,989,50,1568,985,989,301,197,30,30,10,1
69,30,0,1.55723e-05,0,0.00538368,1.99238e-05,0.00541918,0,4,1018,46,1440,1014,1018,330,204,30,30,10,1
70,30,0,1.55723e-05,0,0.00538368,1.99238e-05,0.00541918,0.3,4,823,57,1792,819,823,354,227,30,30,10,1
71,30,0,1.55723e-05,0,0.00538368,1.99238e-05,0.00541918,0.2,4,740,44,1376,736,740,258,169,30,30,10,1
72,30,0,1.55723e-05,0,0.00538368,1.99238e-05,0.00541918,0,4,731,40,1248,727,731,279,188,30,30,10,1
73,30,0,1.55723e-05,0,0.00538368,1.99238e-05,0.00541918,0.3,4,1059,59,1856,1055,1059,356,219,30,30,10,1
74,30,0,1.55723e-05,0,0.00538368,1.99238e-05,0.00541918,0,4,1084,53,1664,1080,1084,306,185,30,30,10,1
75,30,0,1.55723e-05,0,0.00538368,1.99238e-05,0.00541918,0.1,4,1096,64,2016,1092,1096,361,211,30,30,10,1
76,30,0,1.55723e-05,0,0.00538368,1.99238e-05,0.00541918,0.4,4,899,52,1632,895,899,323,212,30,30,10,1
77,30,0,1.55723e-05,0,0.00538368,1.99238e-05,0.00541918,0.1,4,742,37,1152,738,742,262,188,30,30,10,1
78,30,0,1.55723e-05,0,0.00538368,1.99238e-05,0.00541918,0.4,4,799,44,1376,795,799,244,146,30,30,10,1
79,30,0,1.55723e-05,0,0.00538368,1.99238e-05,0.00541918,0.2,4,882,56,1760,878,882,390,275,30,30,10,1
80,30,0,1.55723e-05,0,0.00538368,1.99238e-05,0.00541918,0.5,4,790,45,1408,786,790,272,164,30,30,10,1
81,30,0,1.55723e-05,0,0.00538368,1.99238e-05,0.00541918,0.2,4,1291,64,2016,1287,1291,371,205,30,30,10,1
82,30,0,1.55723e-05,0,0.00538368,1.99238e-05,0.00541918,0,4,929,46,1440,925,929,325,212,30,30,10,1
83,30,0,1.55723e-05,0,0.00538368,1.99238e-05,0.00541918,0.1,4,827,43,1344,823,827,296,207,30,30,10,1
84,30,0,1.55723e-05,0,0.00538368,1.99238e-05,0.00541918,0,4,731,40,1248,727,731,230,138,30,30,10,1
85,30,0,1.55723e-05,0,0.00538368,1.99238e-05,0.00541918,0.6,4,609,46,1440,605,609,327,223,30,30,10,1
86,30,0,1.55723e-05,0,0.00538368,1.99238e-05,0.00541918,0.2,4,817,48,1504,813,817,352,263,30,30,10,1
87,30,0,1.55723e-05,0,0.00538368,1.99238e-05,0.00541918,0.3,4,837,53,1664,833,837,385,277,30,30,10,1
88,30,0,1.55723e-05,0,0.00538368,1.99238e-05,0.00541918,0.6,4,625,45,1408,621,625,283,186,30,30,10,1
89,30,0,1.55723e-05,0,0.00538368,1.99238e-05,0.00541918,0.4,4,727,45,1408,723,727,316,232,30,30,10,1
90,30,0,1.55723e-05,0,0.00538368,1.99238e-05,0.00541918,0.4,4,649,45,1408,645,649,299,219,30,30,10,1
91,30,0,1.55723e-05,0,0.00538368,1.99238e-05,0.00541918,0.3,4,725,48,1504,721,725,284,180,30,30,10,1
92,30,0,1.55723e-05,0,0.00538368,1.99238e-05,0.00541918,0.2,4,843,45,1408,839,843,315,208,30,30,10,1
93,30,0,1.55723e-05,0,0.00538368,1.99238e-05,0.00541918,0.1,4,527,35,1088,523,527,214,131,30,30,10,1
94,30,0,1.55723e-05,0,0.00538368,1.99238e-05,0.00541918,0.3,4,549,40,1248,545,549,269,188,30,30,10,1
95,30,0,1.55723e-05,0,0.00538368,1.99238e-05,0.00541918,0.4,4,907,53,1664,903,907,346,236,30,30,10,1
96,30,0,1.55723e-05,0,0.00538368,1.99238e-05,0.00541918,0,4,772,37,1152,768,772,251,166,30,30,10,1
97,30,0,1.55723e-05,0,0.00538368,1.99238e-05,0.00541918,0.1,4,1156,65,2048,1152,1156,391,215,30,30,10,1
98,30,0,1.55723e-05,0,0.00538368,1.99238e-05,0.00541918,0.2,4,841,56,1760,837,841,354,218,30,30,10,1
99,30,0,1.55723e-05,0,0.00538368,1.99238e-05,0.00541918,0.3,4,785,40,1248,781,785,265,172,30,30,10,1
100,30,0,1.55723e-05,0,0.00538368,1.99238e-05,0.00541918,0.2,4,772,38,1184,768,772,296,215,30,30,10,1
101,30,0,1.55723e-05,0,0.00538368,1.99238e-05,0.00541918,0.4,4,787,46,1440,783,787,301,206,30,30,10,1
102,30,0,1.55723e-05,0,0.00538368,1.99238e-05,0.00541918,0.3,4,998,51,1600,994,998,317,196,30,30,10,1
103,30,0,1.55723e-05,0,0.00538368,1.99238e-05,0.00541918,0.2,4,906,56,1760,902,906,333,217,30,30,10,1
104,30,0,1.55723e-05,0,0.00538368,1.99238e-05,0.00541918,0.3,4,831,53,1664,827,831,342,218,30,30,10,1
105,30,0,1.55723e-05,0,0.00538368,1.99238e-05,0.00541918,0.2,4,879,56,1760,875,879,334,187,30,30,10,1
106,30,0,1.55723e-05,0,0.00538368,1.99238e-05,0.00541918,0.3,4,1039,57,1792,1035,1039,294,160,30,30,10,1
107,30,0,1.55723e-05,0,0.00538368,1.99238e-05,0.00541918,0.4,4,685,43,1344,681,685,328,250,30,30,10,1
108,30,0,1.55723e-05,0,0.00538368,1.99238e-05,0.00541918,0.3,4,552,49,1536,548,552,300,205,30,30,10,1
109,30,0,1.55723e-05,0,0.00538368,1.99238e-05,0.00541918,0.3,4,916,50,1568,912,916,320,199,30,30,10,1
110,30,0,1.55723e-05,0,0.00538368,1.99238e-05,0.00541918,0.1,4,1083,66,2080,1079,1083,368,212,30,30,10,1
111,30,0,1.55723e-05,0,0.00538368,1.99238e-05,0.00541918,0,4,1197,58,1824,1193,1197,335,187,30,30,10,1
112,30,0,1.55723e-05,0,0.00538368,1.99238e-05,0.00541918,0.6,4,428,38,1184,424,428,252,181,30,30,10,1
113,30,0,1.55723e-05,0,0.00538368,1.99238e-05,0.00541918,0.1,4,958,56,1760,954,958,337,205,30,30,10,1
114,30,0,1.55723e-05,0,0.00538368,1.99238e-05,0.00541918,0.3,4,739,44,1376,735,739,285,190,30,30,10,1
115,30,0,1.55723e-05,0,0.00538368,1.99238e-05,0.00541918,0,4,819,42,1312,815,819,248,140,30,30,10,1
116,30,0,1.55723e-05,0,0.00538368,1.99238e-05,0.00541918,0.4,4,552,43,1344,548,552,308,229,30,30,10,1
117,30,0,1.55723e-05,0,0.00538368,1.99238e-05,0.00541918,0,4,1044,52,1632,1040,1044,287,149,30,30,10,1
118,30,0,1.55723e-05,0,0.00538368,1.99238e-05,0.00541918,0.3,4,973,50,1568,969,973,269,153,30,30,10,1
119,30,0,1.55723e-05,0,0.00538368,1.99238e-05,0.00541918,0.4,4,491,38,1184,487,491,251,177,30,30,10,1
120,30,0,1.55723e-05,0,0.00538368,1.99238e-05,0.00541918,0.1,4,894,50,1568,890,894,309,197,30,30,10,1
121,30,0,1.55723e-05,0,0.00538368,1.99238e-05,0.00541918,0.1,4,990,53,1664,986,990,314,183,30,30,10,1
122,30,0,1.55723e-05,0,0.00538368,1.99238e-05,0.00541918,0.4,4,773,42,1312,769,773,315,224,30,30,10,1
123,30,0,1.55723e-05,0,0.00538368,1.99238e-05,0.00541918,0.2,4,675,40,1248,671,675,247,166,30,30,10,1
124,30,0,1.55723e-05,0,0.00538368,1.99238e-05,0.00541918,0.4,4,938,49,1536,934,938,308,200,30,30,10,1
125,30,0,1.55723e-05,0,0.00538368,1.99238e-05,0.00541918,0.1,4,948,59,1856,944,948,307,163,30,30,10,1
126,30,0,1.55723e-05,0,0.00538368,1.99238e-05,0.00541918,0.2,4,1113,54,1696,1109,1113,300,188,30,30,10,1
127,30,0,1.55723e-05,0,0.00538368,1.99238e-05,0.00541918,0.4,4,611,37,1152,607,611,216,135,30,30,10,1
128,30,0,1.55723e-05,0,0.00538368,1.99238e-05,0.00541918,0.2,4,834,49,1536,830,834,291,186,30,30,10,1
129,30,0,1.55723e-05,0,0.00538368,1.99238e-05,0.00541918,0.3,4,736,44,1376,732,736,298,214,30,30,10,1
130,30,0,1.55723e-05,0,0.00538368,1.99238e-05,0.00541918,0,4,1119,56,1760,1115,1119,364,237,30,30,10,1
131,30,0,1.55723e-05,0,0.00538368,1.99238e-05,0.00541918,0.2,4,776,41,1280,772,776,306,227,30,30,10,1
132,30,0,1.55723e-05,0,0.00538368,1.99238e-05,0.00541918,0.3,4,914,44,1376,910,914,249,154,30,30,10,1
133,30,0,1.55723e-05,0,0.00538368,1.99238e-05,0.00541918,0.1,4,724,41,1280,720,724,251,168,30,30,10,1
134,30,0,1.55723e-05,0,0.00538368,1.99238e-05,0.00541918,0.1,4,837,43,1344,833,837,321,218,30,30,10,1
135,30,0,1.55723e-05,0,0.00538368,1.99238e-05,0.00541918,0.1,4,794,40,1248,790,794,264,186,30,30,10,1
136,30,0,1.55723e-05,0,0.00538368,1.99238e-05,0.00541918,0.5,4,829,42,1312,825,829,268,176,30,30,10,1
137,30,0,1.55723e-05,0,0.00538368,1.99238e-05,0.00541918,0.4,4,935,51,1600,931,935,340,220,30,30,10,1
138,30,0,1.55723e-05,0,0.00538368,1.99238e-05,0.00541918,0.4,4,1388,70,2208,1384,1388,418,255,30,30,10,1
139,30,0,1.55723e-05,0,0.00538368,1.99238e-05,0.00541918,0.1,4,674,36,1120,670,674,196,117,30,30,10,1
140,30,0,1.55723e-05,0,0.00538368,1.99238e-05,0.00541918,0,4,1084,51,1600,1080,1084,310,181,30,30,10,1
141,30,0,1.55723e-05,0,0.00538368,1.99238e-05,0.00541918,0.3,4,717,51,1600,713,717,349,249,30,30,10,1
142,30,0,1.55723e-05,0,0.00538368,1.99238e-05,0.00541918,0.1,4,883,48,1504,879,883,287,175,30,30,10,1
143,30,0,1.55723e-05,0,0.00538368,1.99238e-05,0.00541918,0.2,4,869,47,1472,865,869,348,252,30,30,10,1
144,30,0,1.55723e-05,0,0.00538368,1.99238e-05,0.00541918,0.4,4,599,35,1088,595,599,234,151,30,30,10,1
145,30,0,1.55723e-05,0,0.00538368,1.99238e-05,0.00541918,0.2,4,872,51,1600,868,872,318,207,30,30,10,1
146,30,0,1.55723e-05,0,0.00538368,1.99238e-05,0.00541918,0.3,4,763,39,1216,759,763,270,182,30,30,10,1
147,30,0,1.55723e-05,0,0.00538368,1.99238e-05,0.00541918,0.1,4,791,41,1280,787,791,256,163,30,30,10,1
148,30,0,1.55723e-05,0,0.00538368,1.99238e-05,0.00541918,0.1,4,791,40,1248,787,791,236,146,30,30,10,1
149,30,0,1.55723e-05,0,0.00538368,1.99238e-05,0.00541918,0.3,4,945,53,1664,941,945,348,226,30,30,10,1
150,30,0,1.55723e-05,0,0.00538368,1.99238e-05,0.00541918,0.1,4,975,51,1600,971,975,313,170,30,30,10,1
151,30,0,1.55723e-05,0,0.00538368,1.99238e-05,0.00541918,0.2,4,757,55,1728,753,757,287,181,30,30,10,1
152,30,0,1.55723e-05,0,0.00538368,1.99238e-05,0.00541918,0.1,4,551,42,1312,547,551,238,143,30,30,10,1
153,30,0,1.55723e-05,0,0.00538368,1.99238e-05,0.00541918,0.4,4,760,40,1248,756,760,263,171,30,30,10,1
154,30,0,1.55723e-05,0,0.00538368,1.99238e-05,0.00541918,0,4,688,42,1312,684,688,269,188,30,30,10,1
155,30,0,1.55723e-05,0,0.00538368,1.99238e-05,0.00541918,0,4,928,45,1408,924,928,270,161,30,30,10,1
156,30,0,1.55723e-05,0,0.00538368,1.99238e-05,0.00541918,0.3,4,700,40,1248,696,700,245,155,30,30,10,1
157,30,0,1.55723e-05,0,0.00538368,1.99238e-05,0.00541918,0,4,991,48,1504,987,991,243,137,30,30,10,1
158,30,0,1.55723e-05,0,0.00538368,1.99238e-05,0.00541918,0,4,1010,48,1504,1006,1010,295,164,30,30,10,1
159,30,0,1.55723e-05,0,0.00538368,1.99238e-05,0.00541918,0,4,1055,51,1600,1051,1055,262,135,30,30,10,1
160,30,0,1.55723e-05,0,0.00538368,1.99238e-05,0.00541918,0.1,4,1102,54,1696,1098,1102,282,153,30,30,10,1
161,30,0,1.55723e-05,0,0.00538368,1.99238e-05,0.00541918,0.1,4,755,39,1216,751,755,241,135,30,30,10,1
162,30,0,1.55723e-05,0,0.00538368,1.99238e-05,0.00541918,0.1,4,795,42,1312,791,795,236,137,30,30,10,1
163,30,0,1.55723e-05,0,0.00538368,1.99238e-05,0.00541918,0.3,4,1152,55,1728,1148,1152,350,226,30,30,10,1
164,30,0,1.55723e-05,0,0.00538368,1.99238e-05,0.00541918,0.2,4,1011,51,1600,1007,1011,301,182,30,30,10,1
165,30,0,1.55723e-05,0,0.00538368,1.99238e-05,0.00541918,0.4,4,886,58,1824,882,886,274,144,30,30,10,1
166,30,0,1.55723e-05,0,0.00538368,1.99238e-05,0.00541918,0.2,4,929,50,1568,925,929,326,202,30,30,10,1
167,30,0,1.55723e-05,0,0.00538368,1.99238e-05,0.00541918,0.2,4,761,40,1248,757,761,247,154,30,30,10,1
168,30,0,1.55723e-05,0,0.00538368,1.99238e-05,0.00541918,0.1,4,657,36,1120,653,657,217,151,30,30,10,1
169,30,0,1.55723e-05,0,0.00538368,1.99238e-05,0.00541918,0.3,4,644,32,992,640,644,170,93,30,30,10,1
170,30,0,1.55723e-05,0,0.00538368,1.99238e-05,0.00541918,0.1,4,900,49,1536,896,900,274,164,30,30,10,1
171,30,0,1.55723e-05,0,0.00538368,1.99238e-05,0.00541918,0.1,4,896,53,1664,892,896,310,182,30,30,10,1
172,30,0,1.55723e-05,0,0.00538368,1.99238e-05,0.00541918,0.1,4,949,52,1632,945,949,315,194,30,30,10,1
173,30,0,1.55723e-05,0,0.00538368,1.99238e-05,0.00541918,0.1,4,754,43,1344,750,754,282,187,30,30,10,1
174,30,0,1.55723e-05,0,0.00538368,1.99238e-05,0.00541918,0,4,954,52,1632,950,954,328,196,30,30,10,1
175,30,0,1.55723e-05,0,0.00538368,1.99238e-05,0.00541918,0.1,4,869,46,1440,865,869,279,159,30,30,10,1
176,30,0,1.55723e-05,0,0.00538368,1.99238e-05,0.00541918,0.1,4,964,48,1504,960,964,290,180,30,30,10,1
177,30,0,1.55723e-05,0,0.00538368,1.99238e-05,0.00541918,0.1,4,743,38,1184,739,743,224,142,30,30,10,1
178,30,0,1.55723e-05,0,0.00538368,1.99238e-05,0.00541918,0.1,4,746,40,1248,742,746,229,134,30,30,10,1
179,30,0,1.55723e-05,0,0.00538368,1.99238e-05,0.00541918,0.1,4,817,37,1152,813,817,241,165,30,30,10,1
180,30,0,1.55723e-05,0,0.00538368,1.99238e-05,0.00541918,0.3,4,983,52,1632,979,983,379,245,30,30,10,1
181,30,0,1.55723e-05,0,0.00538368,1.99238e-05,0.00541918,0,4,753,40,1248,749,753,257,149,30,30,10,1
182,30,0,1.55723e-05,0,0.00538368,1.99238e-05,0.00541918,0.2,4,773,44,1376,769,773,303,201,30,30,10,1
183,30,0,1.55723e-05,0,0.00538368,1.99238e-05,0.00541918,0.4,4,827,43,1344,823,827,273,182,30,30,10,1
184,30,0,1.55723e-05,0,0.00538368,1.99238e-05,0.00541918,0.1,4,956,48,1504,952,956,309,202,30,30,10,1
185,30,0,1.55723e-05,0,0.00538368,1.99238e-05,0.00541918,0.4,4,635,51,1600,631,635,276,160,30,30,10,1
186,30,0,1.55723e-05,0,0.00538368,1.99238e-05,0.00541918,0.1,4,758,47,1472,754,758,281,189,30,30,10,1
187,30,0,1.55723e-05,0,0.00538368,1.99238e-05,0.00541918,0.1,4,716,39,1216,712,716,243,156,30,30,10,1
188,30,0,1.55723e-05,0,0.00538368,1.99238e-05,0.00541918,0.1,4,791,46,1440,787,791,295,192,30,30,10,1
189,30,0,1.55723e-05,0,0.00538368,1.99238e-05,0.00541918,0.2,4,628,36,1120,624,628,247,174,30,30,10,1
190,30,0,1.55723e-05,0,0.00538368,1.99238e-05,0.00541918,0.3,4,579,40,1248,575,579,259,179,30,30,10,1
191,30,0,1.55723e-05,0,0.00538368,1.99238e-05,0.00541918,0,4,1026,50,1568,1022,1026,289,177,30,30,10,1
192,30,0,1.55723e-05,0,0.00538368,1.99238e-05,0.00541918,0,4,1047,50,1568,1043,1047,296,178,30,30,10,1
193,30,0,1.55723e-05,0,0.00538368,1.99238e-05,0.00541918,0.3,4,849,42,1312,845,849,266,189,30,30,10,1
194,30,0,1.55723e-05,0,0.00538368,1.99238e-05,0.00541918,0.2,4,1000,50,1568,996,1000,346,229,30,30,10,1
195,30,0,1.55723e-05,0,0.00538368,1.99238e-05,0.00541918,0.1,4,1069,51,1600,1065,1069,324,202,30,30,10,1
196,30,0,1.55723e-05,0,0.00538368,1.99238e-05,0.00541918,0,4,841,45,1408,837,841,263,161,30,30,10,1
197,30,0,1.55723e-05,0,0.00538368,1.99238e-05,0.00541918,0.2,4,926,48,1504,922,926,301,183,30,30,10,1
198,30,0,1.55723e-05,0,0.00538368,1.99238e-05,0.00541918,0.3,4,783,44,1376,779,783,335,236,30,30,10,1
199,30,0,1.55723e-05,0,0.00538368,1.99238e-05,0.00541918,0,4,925,45,1408,921,925,253,135,30,30,10,1
200,30,0,1.55723e-05,0,0.00538368,1.99238e-05,0.00541918,0.3,4,660,34,1056,656,660,220,151,30,30,10,1
201,30,0,1.55723e-05,0,0.00538368,1.99238e-05,0.00541918,0.3,4,1083,59,1856,1079,1083,330,193,30,30,10,1
202,30,0,1.55723e-05,0,0.00538368,1.99238e-05,0.00541918,0.3,4,778,41,1280,774,778,272,188,30,30,10,1
203,30,0,1.55723e-05,0,0.00538368,1.99238e-05,0.00541918,0.3,4,669,44,1376,665,669,279,182,30,30,10,1
204,30,0,1.55723e-05,0,0.00538368,1.99238e-05,0.00541918,0.4,4,572,35,1088,568,572,230,154,30,30,10,1
205,30,0,1.55723e-05,0,0.00538368,1.99238e-05,0.00541918,0.2,4,821,45,1408,817,821,287,190,30,30,10,1
206,30,0,1.55723e-05,0,0.00538368,1.99238e-05,0.00541918,0.1,4,847,47,1472,843,847,302,189,30,30,10,1
207,30,0,1.55723e-05,0,0.00538368,1.99238e-05,0.00541918,0.3,4,1012,60,1888,1008,1012,348,204,30,30,10,1
208,30,0,1.55723e-05,0,0.00538368,1.99238e-05,0.00541918,0,4,1060,57,1792,1056,1060,325,197,30,30,10,1
209,30,0,1.55723e-05,0,0.00538368,1.99238e-05,0.00541918,0.1,4,619,40,1248,615,619,240,153,30,30,10,1
210,30,0,1.55723e-05,0,0.00538368,1.99238e-05,0.00541918,0,4,972,44,1376,968,972,260,173,30,30,10,1
211,30,0,1.55723e-05,0,0.00538368,1.99238e-05,0.00541918,0,4,828,48,1504,824,828,294,185,30,30,10,1
212,30,0,1.55723e-05,0,0.00538368,1.99238e-05,0.00541918,0.1,4,834,52,1632,830,834,312,205,30,30,10,1
213,30,0,1.55723e-05,0,0.00538368,1.99238e-05,0.00541918,0,4,864,41,1280,860,864,281,153,30,30,10,1
214,30,0,1.55723e-05,0,0.00538368,1.99238e-05,0.00541918,0.1,4,991,47,1472,987,991,327,235,30,30,10,1
215,30,0,1.55723e-05,0,0.00538368,1.99238e-05,0.00541918,0.2,4,755,41,1280,751,755,283,198,30,30,10,1
216,30,0,1.55723e-05,0,0.00538368,1.99238e-05,0.00541918,0,4,650,36,1120,646,650,201,120,30,30,10,1
217,30,0,1.55723e-05,0,0.00538368,1.99238e-05,0.00541918,0.1,4,909,45,1408,905,909,292,197,30,30,10,1
218,30,0,1.55723e-05,0,0.00538368,1.99238e-05,0.00541918,0.2,4,810,38,1184,806,810,259,162,30,30,10,1
219,30,0,1.55723e-05,0,0.00538368,1.99238e-05,0.00541918,0.2,4,890,46,1440,886,890,273,164,30,30,10,1
220,30,0,1.55723e-05,0,0.00538368,1.99238e-05,0.00541918,0,4,920,41,1280,916,920,301,216,30,30,10,1
221,30,0,1.55723e-05,0,0.00538368,1.99238e-05,0.00541918,0.2,4,771,39,1216,767,771,263,179,30,30,10,1
222,30,0,1.55723e-05,0,0.00538368,1.99238e-05,0.00541918,0.2,4,864,46,1440,860,864,285,162,30,30,10,1
223,30,0,1.55723e-05,0,0.00538368,1.99238e-05,0.00541918,0.1,4,724,38,1184,720,724,245,154,30,30,10,1
224,30,0,1.55723e-05,0,0.00538368,1.99238e-05,0.00541918,0.3,4,854,44,1376,850,854,279,192,30,30,10,1
225,30,0,1.55723e-05,0,0.00538368,1.99238e-05,0.00541918,0,4,1120,51,1600,1116,1120,329,203,30,30,10,1
226,30,0,1.55723e-05,0,0.00538368,1.99238e-05,0.00541918,0,4,1195,63,1984,1191,1195,349,195,30,30,10,1
227,30,0,1.55723e-05,0,0.00538368,1.99238e-05,0.00541918,0.1,4,718,38,1184,714,718,237,137,30,30,10,1
228,30,0,1.55723e-05,0,0.00538368,1.99238e-05,0.00541918,0.1,4,714,37,1152,710,714,242,171,30,30,10,1
229,30,0,1.55723e-05,0,0.00538368,1.99238e-05,0.00541918,0.1,4,849,44,1376,845,849,271,176,30,30,10,1
230,30,0,1.55723e-05,0,0.00538368,1.99238e-05,0.00541918,0.5,4,600,40,1248,596,600,247,153,30,30,10,1
231,30,0,1.55723e-05,0,0.00538368,1.99238e-05,0.00541918,0,4,812,45,1408,808,812,320,204,30,30,10,1
232,30,0,1.55723e-05,0,0.00538368,1.99238e-05,0.00541918,0.2,4,639,43,1344,635,639,304,220,30,30,10,1
233,30,0,1.55723e-05,0,0.00538368,1.99238e-05,0.00541918,0,4,961,51,1600,957,961,293,183,30,30,10,1
234,30,0,1.55723e-05,0,0.00538368,1.99238e-05,0.00541918,0.1,4,865,49,1536,861,865,333,233,30,30,10,1
235,30,0,1.55723e-05,0,0.00538368,1.99238e-05,0.00541918,0.3,4,776,49,1536,772,776,319,202,30,30,10,1
236,30,0,1.55723e-05,0,0.00538368,1.99238e-05,0.00541918,0.3,4,944,60,1888,940,944,317,180,30,30,10,1
237,30,0,1.55723e-05,0,0.00538368,1.99238e-05,0.00541918,0.4,4,647,37,1152,643,647,257,182,30,30,10,1
238,30,0,1.55723e-05,0,0.00538368,1.99238e-05,0.00541918,0,4,830,43,1344,826,830,263,158,30,30,10,1
239,30,0,1.55723e-05,0,0.00538368,1.99238e-05,0.00541918,0.1,4,811,39,1216,807,811,236,151,30,30,10,1
240,30,0,1.55723e-05,0,0.00538368,1.99238e-05,0.00541918,0.1,4,804,44,1376,800,804,249,141,30,30,10,1
241,30,0,1.55723e-05,0,0.00538368,1.99238e-05,0.00541918,0.3,4,938,52,1632,934,938,331,208,30,30,10,1
242,30,0,1.55723e-05,0,0.00538368,1.99238e-05,0.00541918,0.2,4,706,36,1120,702,706,220,140,30,30,10,1
243,30,0,1.55723e-05,0,0.00538368,1.99238e-05,0.00541918,0.2,4,915,48,1504,911,915,313,189,30,30,10,1
244,30,0,1.55723e-05,0,0.00538368,1.99238e-05,0.00541918,0,4,915,45,1408,911,915,265,161,30,30,10,1
245,30,0,1.55723e-05,0,0.00538368,1.99238e-05,0.00541918,0.3,4,946,49,1536,942,946,288,188,30,30,10,1
246,30,0,1.55723e-05,0,0.00538368,1.99238e-05,0.00541918,0,4,1087,53,1664,1083,1087,318,210,30,30,10,1
247,30,0,1.55723e-05,0,0.00538368,1.99238e-05,0.00541918,0.2,4,873,51,1600,869,873,319,214,30,30,10,1
248,30,0,1.55723e-05,0,0.00538368,1.99238e-05,0.00541918,0,4,1111,58,1824,1107,1111,314,172,30,30,10,1
249,30,0,1.55723e-05,0,0.00538368,1.99238e-05,0.00541918,0,4,1122,51,1600,1118,1122,320,183,30,30,10,1
250,30,0,1.55723e-05,0,0.00538368,1.99238e-05,0.00541918,0.3,4,951,48,1504,947,951,302,177,30,30,10,1
251,30,0,1.55723e-05,0,0.00538368,1.99238e-05,0.00541918,0.3,4,1027,49,1536,1023,1027,296,179,30,30,10,1
252,30,0,1.55723e-05,0,0.00538368,1.99238e-05,0.00541918,0.1,4,812,44,1376,808,812,269,163,30,30,10,1
253,30,0,1.55723e-05,0,0.00538368,1.99238e-05,0.00541918,0.3,4,841,45,1408,837,841,305,205,30,30,10,1
254,30,0,1.55723e-05,0,0.00538368,1.99238e-05,0.00541918,0,4,854,42,1312,850,854,277,179,30,30,10,1
255,30,0,1.55723e-05,0,0.00538368,1.99238e-05,0.00541918,0.2,4,980,49,1536,976,980,280,162,30,30,10,1
256,30,0,1.55723e-05,0,0.00538368,1.99238e-05,0.00541918,0.2,4,884,47,1472,880,884,304,201,30,30,10,1
257,30,0,1.55723e-05,0,0.00538368,1.99238e-05,0.00541918,0,4,1026,52,1632,1022,1026,306,180,30,30,10,1
258,30,0,1.55723e-05,0,0.00538368,1.99238e-05,0.00541918,0.1,4,1022,56,1760,1018,1022,320,184,30,30,10,1
259,30,0,1.55723e-05,0,0.00538368,1.99238e-05,0.00541918,0,4,1073,52,1632,1069,1073,284,160,30,30,10,1
260,30,0,1.55723e-05,0,0.00538368,1.99238e-05,0.00541918,0.2,4,803,39,1216,799,803,283,187,30,30,10,1
261,30,0,1.55723e-05,0,0.00538368,1.99238e-05,0.00541918,0.2,4,998,53,1664,994,998,324,202,30,30,10,1
262,30,0,1.55723e-05,0,0.00538368,1.99238e-05,0.00541918,0.3,4,1026,51,1600,1022,1026,296,190,30,30,10,1
263,30,0,1.55723e-05,0,0.00538368,1.99238e-05,0.00541918,0.5,4,536,43,1344,532,536,277,179,30,30,10,1
264,30,0,1.55723e-05,0,0.00538368,1.99238e-05,0.00541918,0.1,4,996,51,1600,992,996,322,228,30,30,10,1
265,30,0,1.55723e-05,0,0.00538368,1.99238e-05,0.00541918,0.3,4,735,46,1440,731,735,322,224,30,30,10,1
266,30,0,1.55723e-05,0,0.00538368,1.99238e-05,0.00541918,0.2,4,713,41,1280,709,713,304,217,30,30,10,1
267,30,0,1.55723e-05,0,0.00538368,1.99238e-05,0.00541918,0.2,4,740,40,1248,736,740,287,208,30,30,10,1
268,30,0,1.55723e-05,0,0.00538368,1.99238e-05,0.00541918,0.2,4,943,47,1472,939,943,275,159,30,30,10,1
269,30,0,1.55723e-05,0,0.00538368,1.99238e-05,0.00541918,0.3,4,898,51,1600,894,898,344,237,30,30,10,1
270,30,0,1.55723e-05,0,0.00538368,1.99238e-05,0.00541918,0.1,4,905,45,1408,901,905,245,141,30,30,10,1
271,30,0,1.55723e-05,0,0.00538368,1.99238e-05,0.00541918,0,4,990,51,1600,986,990,314,193,30,30,10,1
272,30,0,1.55723e-05,0,0.00538368,1.99238e-05,0.00541918,0.3,4,756,42,1312,752,756,253,156,30,30,10,1
273,30,0,1.55723e-05,0,0.00538368,1.99238e-05,0.00541918,0.3,4,782,40,1248,778,782,289,196,30,30,10,1
274,30,0,1.55723e-05,0,0.00538368,1.99238e-05,0.00541918,0.1,4,771,39,1216,767,771,239,152,30,30,10,1
275,30,0,1.55723e-05,0,0.00538368,1.99238e-05,0.00541918,0.1,4,898,49,1536,894,898,333,212,30,30,10,1
276,30,0,1.55723e-05,0,0.00538368,1.99238e-05,0.00541918,0.1,4,709,39,1216,705,709,263,176,30,30,10,1
277,30,0,1.55723e-05,0,0.00538368,1.99238e-05,0.00541918,0.1,4,816,45,1408,812,816,253,137,30,30,10,1
278,30,0,1.55723e-05,0,0.00538368,1.99238e-05,0.00541918,0.1,4,1062,50,1568,1058,1062,313,187,30,30,10,1
279,30,0,1.55723e-05,0,0.00538368,1.99238e-05,0.00541918,0,4,982,56,1760,978,982,313,181,30,30,10,1
280,30,0,1.55723e-05,0,0.00538368,1.99238e-05,0.00541918,0.2,4,784,42,1312,780,784,271,185,30,30,10,1
281,30,0,1.55723e-05,0,0.00538368,1.99238e-05,0.00541918,0.2,4,735,40,1248,731,735,289,205,30,30,10,1
282,30,0,1.55723e-05,0,0.00538368,1.99238e-05,0.00541918,0.2,4,868,49,1536,864,868,287,176,30,30,10,1
283,30,0,1.55723e-05,0,0.00538368,1.99238e-05,0.00541918,0,4,897,44,1376,893,897,293,189,30,30,10,1
284,30,0,1.55723e-05,0,0.00538368,1.99238e-05,0.00541918,0.1,4,786,54,1696,782,786,310,195,30,30,10,1
285,30,0,1.55723e-05,0,0.00538368,1.99238e-05,0.00541918,0,4,758,42,1312,754,758,240,153,30,30,10,1
286,30,0,1.55723e-05,0,0.00538368,1.99238e-05,0.00541918,0.1,4,1242,63,1984,1238,1242,351,216,30,30,10,1
287,30,0,1.55723e-05,0,0.00538368,1.99238e-05,0.00541918,0,4,1044,51,1600,1040,1044,309,182,30,30,10,1
288,30,0,1.55723e-05,0,0.00538368,1.99238e-05,0.00541918,0,4,764,45,1408,760,764,361,261,30,30,10,1
289,30,0,1.55723e-05,0,0.00538368,1.99238e-05,0.00541918,0.3,4,1257,65,2048,1253,1257,365,197,30,30,10,1
290,30,0,1.55723e-05,0,0.00538368,1.99238e-05,0.00541918,0.1,4,988,48,1504,984,988,296,188,30,30,10,1
291,30,0,1.55723e-05,0,0.00538368,1.99238e-05,0.00541918,0.3,4,968,47,1472,964,968,282,157,30,30,10,1
292,30,0,1.55723e-05,0,0.00538368,1.99238e-05,0.00541918,0.3,4,764,42,1312,760,764,277,192,30,30,10,1
293,30,0,1.55723e-05,0,0.00538368,1.99238e-05,0.00541918,0.3,4,1135,56,1760,1131,1135,332,197,30,30,10,1
294,30,0,1.55723e-05,0,0.00538368,1.99238e-05,0.00541918,0.2,4,789,41,1280,785,789,314,209,30,30,10,1
295,30,0,1.55723e-05,0,0.00538368,1.99238e-05,0.00541918,0,4,963,49,1536,959,963,317,200,30,30,10,1
296,30,0,1.55723e-05,0,0.00538368,1.99238e-05,0.00541918,0.2,4,934,45,1408,930,934,258,160,30,30,10,1
297,30,0,1.55723e-05,0,0.00538368,1.99238e-05,0.00541918,0.2,4,756,39,1216,752,756,271,195,30,30,10,1
298,30,0,1.55723e-05,0,0.00538368,1.99238e-05,0.00541918,0.1,4,1200,56,1760,1196,1200,322,186,30,30,10,1
299,30,0,1.55723e-05,0,0.00538368,1.99238e-05,0.00541918,0,4,857,50,1568,853,857,283,169,30,30,10,1
300,30,0,1.55723e-05,0,0.00538368,1.99238e-05,0.00541918,0.1,4,782,38,1184,778,782,234,136,30,30,10,1
301,30,0,1.55723e-05,0,0.00538368,1.99238e-05,0.00541918,0.1,4,687,40,1248,683,687,266,184,30,30,10,1
302,30,0,1.55723e-05,0,0.00538368,1.99238e-05,0.00541918,0.1,4,1089,57,1792,1085,1089,346,201,30,30,10,1
303,30,0,1.55723e-05,0,0.00538368,1.99238e-05,0.00541918,0.1,4,873,47,1472,869,873,302,195,30,30,10,1
304,30,0,1.55723e-05,0,0.00538368,1.99238e-05,0.00541918,0,4,963,47,1472,959,963,292,188,30,30,10,1
305,30,0,1.55723e-05,0,0.00538368,1.99238e-05,0.00541918,0.1,4,1040,51,1600,1036,1040,295,179,30,30,10,1
306,30,0,1.55723e-05,0,0.00538368,1.99238e-05,0.00541918,0.4,4,936,44,1376,932,936,302,187,30,30,10,1
307,30,0,1.55723e-05,0,0.00538368,1.99238e-05,0.00541918,0,4,1158,57,1792,1154,1158,320,167,30,30,10,1
308,30,0,1.55723e-05,0,0.00538368,1.99238e-05,0.00541918,0.2,4,826,42,1312,822,826,268,161,30,30,10,1
309,30,0,1.55723e-05,0,0.00538368,1.99238e-05,0.00541918,0.2,4,1015,47,1472,1011,1015,291,169,30,30,10,1
310,30,0,1.55723e-05,0,0.00538368,1.99238e-05,0.00541918,0.1,4,864,46,1440,860,864,255,144,30,30,10,1
311,30,0,1.55723e-05,0,0.00538368,1.99238e-05,0.00541918,0,4,835,42,1312,831,835,274,176,30,30,10,1
312,30,0,1.55723e-05,0,0.00538368,1.99238e-05,0.00541918,0.1,4,877,39,1216,873,877,271,170,30,30,10,1
313,30,0,1.55723e-05,0,0.00538368,1.99238e-05,0.00541918,0,4,757,35,1088,753,757,209,138,30,30,10,1
314,30,0,1.55723e-05,0,0.00538368,1.99238e-05,0.00541918,0.5,4,857,45,1408,853,857,284,186,30,30,10,1
315,30,0,1.55723e-05,0,0.00538368,1.99238e-05,0.00541918,0.1,4,867,41,1280,863,867,241,149,30,30,10,1
316,30,0,1.55723e-05,0,0.00538368,1.99238e-05,0.00541918,0.1,4,948,47,1472,944,948,303,188,30,30,10,1
317,30,0,1.55723e-05,0,0.00538368,1.99238e-05,0.00541918,0,4,1139,57,1792,1135,1139,340,210,30,30,10,1
318,30,0,1.55723e-05,0,0.00538368,1.99238e-05,0.00541918,0,4,855,46,1440,851,855,311,196,30,30,10,1
319,30,0,1.55723e-05,0,0.00538368,1.99238e-05,0.00541918,0,4,1016,47,1472,1012,1016,304,180,30,30,10,1
320,30,0,1.55723e-05,0,0.00538368,1.99238e-05,0.00541918,0,4,986,47,1472,982,986,289,183,30,30,10,1
321,30,0,1.55723e-05,0,0.00538368,1.99238e-05,0.00541918,0.1,4,1160,56,1760,1156,1160,329,190,30,30,10,1
322,30,0,1.55723e-05,0,0.00538368,1.99238e-05,0.00541918,0,4,851,39,1216,847,851,253,167,30,30,10,1
323,30,0,1.55723e-05,0,0.00538368,1.99238e-05,0.00541918,0.1,4,1011,49,1536,1007,1011,294,179,30,30,10,1
324,30,0,1.55723e-05,0,0.00538368,1.99238e-05,0.00541918,0.1,4,918,44,1376,914,918,235,148,30,30,10,1
325,30,0,1.55723e-05,0,0.00538368,1.99238e-05,0.00541918,0.2,4,772,41,1280,768,772,253,160,30,30,10,1
326,30,0,1.55723e-05,0,0.00538368,1.99238e-05,0.00541918,0,4,1137,54,1696,1133,1137,320,188,30,30,10,1
327,30,0,1.55723e-05,0,0.00538368,1.99238e-05,0.00541918,0.4,4,1159,59,1856,1155,1159,313,157,30,30,10,1
328,30,0,1.55723e-05,0,0.00538368,1.99238e-05,0.00541918,0.1,4,879,48,1504,875,879,295,198,30,30,10,1
329,30,0,1.55723e-05,0,0.00538368,1.99238e-05,0.00541918,0.2,4,600,37,1152,596,600,243,171,30,30,10,1
330,30,0,1.55723e-05,0,0.00538368,1.99238e-05,0.00541918,0,4,827,46,1440,823,827,280,180,30,30,10,1
331,30,0,1.55723e-05,0,0.00538368,1.99238e-05,0.00541918,0.1,4,958,45,1408,954,958,277,177,30,30,10,1
332,30,0,1.55723e-05,0,0.00538368,1.99238e-05,0.00541918,0,4,645,35,1088,641,645,205,122,30,30,10,1
333,30,0,1.55723e-05,0,0.00538368,1.99238e-05,0.00541918,0.2,4,1049,54,1696,1045,1049,284,157,30,30,10,1
334,30,0,1.55723e-05,0,0.00538368,1.99238e-05,0.00541918,0,4,971,43,1344,967,971,331,208,30,30,10,1
335,30,0,1.55723e-05,0,0.00538368,1.99238e-05,0.00541918,0.4,4,826,41,1280,822,826,271,181,30,30,10,1
336,30,0,1.55723e-05,0,0.00538368,1.99238e-05,0.00541918,0,4,735,39,1216,731,735,252,184,30,30,10,1
337,30,0,1.55723e-05,0,0.00538368,1.99238e-05,0.00541918,0.1,4,963,46,1440,959,963,285,184,30,30,10,1
338,30,0,1.55723e-05,0,0.00538368,1.99238e-05,0.00541918,0.2,4,1175,58,1824,1171,1175,338,190,30,30,10,1
339,30,0,1.55723e-05,0,0.00538368,1.99238e-05,0.00541918,0.1,4,849,39,1216,845,849,286,198,30,30,10,1
340,30,0,1.55723e-05,0,0.00538368,1.99238e-05,0.00541918,0.2,4,923,47,1472,919,923,303,195,30,30,10,1
341,30,0,1.55723e-05,0,0.00538368,1.99238e-05,0.00541918,0.4,4,860,44,1376,856,860,252,148,30,30,10,1
342,30,0,1.55723e-05,0,0.00538368,1.99238e-05,0.00541918,0.3,4,883,45,1408,879,883,242,157,30,30,10,1
343,30,0,1.55723e-05,0,0.00538368,1.99238e-05,0.00541918,0.3,4,807,41,1280,803,807,266,172,30,30,10,1
344,30,0,1.55723e-05,0,0.00538368,1.99238e-05,0.00541918,0.1,4,778,39,1216,774,778,270,197,30,30,10,1
345,30,0,1.55723e-05,0,0.00538368,1.99238e-05,0.00541918,0.2,4,765,40,1248,761,765,289,181,30,30,10,1
346,30,0,1.55723e-05,0,0.00538368,1.99238e-05,0.00541918,0.2,4,686,41,1280,682,686,256,170,30,30,10,1
347,30,0,1.55723e-05,0,0.00538368,1.99238e-05,0.00541918,0.2,4,882,46,1440,878,882,269,165,30,30,10,1
348,30,0,1.55723e-05,0,0.00538368,1.99238e-05,0.00541918,0.1,4,1127,55,1728,1123,1127,312,163,30,30,10,1
349,30,0,1.55723e-05,0,0.00538368,1.99238e-05,0.00541918,0.1,4,777,40,1248,773,777,255,177,30,30,10,1
350,30,0,1.55723e-05,0,0.00538368,1.99238e-05,0.00541918,0.1,4,1092,60,1888,1088,1092,343,212,30,30,10,1
351,30,0,1.55723e-05,0,0.00538368,1.99238e-05,0.00541918,0.3,4,743,38,1184,739,743,221,141,30,30,10,1
352,30,0,1.55723e-05,0,0.00538368,1.99238e-05,0.00541918,0.1,4,990,55,1728,986,990,304,179,30,30,10,1
353,30,0,1.55723e-05,0,0.00538368,1.99238e-05,0.00541918,0.2,4,736,39,1216,732,736,258,169,30,30,10,1
354,30,0,1.55723e-05,0,0.00538368,1.99238e-05,0.00541918,0.4,4,1016,50,1568,1012,1016,303,200,30,30,10,1
355,30,0,1.55723e-05,0,0.00538368,1.99238e-05,0.00541918,0,4,751,39,1216,747,751,240,150,30,30,10,1
356,30,0,1.55723e-05,0,0.00538368,1.99238e-05,0.00541918,0.3,4,877,45,1408,873,877,325,206,30,30,10,1
357,30,0,1.55723e-05,0,0.00538368,1.99238e-05,0.00541918,0.1,4,673,36,1120,669,673,212,129,30,30,10,1
358,30,0,1.55723e-05,0,0.00538368,1.99238e-05,0.00541918,0.4,4,1184,59,1856,1180,1184,343,195,30,30,10,1
359,30,0,1.55723e-05,0,0.00538368,1.99238e-05,0.00541918,0.2,4,927,46,1440,923,927,322,211,30,30,10,1
360,30,0,1.55723e-05,0,0.00538368,1.99238e-05,0.00541918,0.1,4,827,55,1728,823,827,325,203,30,30,10,1
361,30,0,1.55723e-05,0,0.00538368,1.99238e-05,0.00541918,0,4,750,36,1120,746,750,230,163,30,30,10,1
362,30,0,1.55723e-05,0,0.00538368,1.99238e-05,0.00541918,0.2,4,887,45,1408,883,887,279,165,30,30,10,1
363,30,0,1.55723e-05,0,0.00538368,1.99238e-05,0.00541918,0,4,610,38,1184,606,610,284,212,30,30,10,1
364,30,0,1.55723e-05,0,0.00538368,1.99238e-05,0.00541918,0.3,4,847,40,1248,843,847,276,180,30,30,10,1
365,30,0,1.55723e-05,0,0.00538368,1.99238e-05,0.00541918,0.4,4,838,45,1408,834,838,297,183,30,30,10,1
366,30,0,1.55723e-05,0,0.00538368,1.99238e-05,0.00541918,0.1,4,1025,56,1760,1021,1025,345,231,30,30,10,1
367,30,0,1.55723e-05,0,0.00538368,1.99238e-05,0.00541918,0.2,4,943,47,1472,939,943,322,218,30,30,10,1
368,30,0,1.55723e-05,0,0.00538368,1.99238e-05,0.00541918,0.2,4,744,42,1312,740,744,272,182,30,30,10,1
369,30,0,1.55723e-05,0,0.00538368,1.99238e-05,0.00541918,0.3,4,1031,52,1632,1027,1031,308,180,30,30,10,1
370,30,0,1.55723e-05,0,0.00538368,1.99238e-05,0.00541918,0.4,4,799,39,1216,795,799,272,184,30,30,10,1
371,30,0,1.55723e-05,0,0.00538368,1.99238e-05,0.00541918,0.1,4,880,45,1408,876,880,233,131,30,30,10,1
372,30,0,1.55723e-05,0,0.00538368,1.99238e-05,0.00541918,0.2,4,846,48,1504,842,846,300,170,30,30,10,1
373,30,0,1.55723e-05,0,0.00538368,1.99238e-05,0.00541918,0.1,4,789,49,1536,785,789,267,156,30,30,10,1
374,30,0,1.55723e-05,0,0.00538368,1.99238e-05,0.00541918,0.1,4,875,55,1728,871,875,353,225,30,30,10,1
375,30,0,1.55723e-05,0,0.00538368,1.99238e-05,0.00541918,0.2,4,858,41,1280,854,858,251,148,30,30,10,1
376,30,0,1.55723e-05,0,0.00538368,1.99238e-05,0.00541918,0,4,963,45,1408,959,963,299,192,30,30,10,1
377,30,0,1.55723e-05,0,0.00538368,1.99238e-05,0.00541918,0,4,1110,64,2016,1106,1110,375,197,30,30,10,1
378,30,0,1.55723e-05,0,0.00538368,1.99238e-05,0.00541918,0.2,4,897,46,1440,893,897,274,161,30,30,10,1
379,30,0,1.55723e-05,0,0.00538368,1.99238e-05,0.00541918,0,4,1261,60,1888,1257,1261,357,208,30,30,10,1
380,30,0,1.55723e-05,0,0.00538368,1.99238e-05,0.00541918,0.2,4,645,37,1152,641,645,246,175,30,30,10,1
381,30,0,1.55723e-05,0,0.00538368,1.99238e-05,0.00541918,0.1,4,870,44,1376,866,870,221,110,30,30,10,1
382,30,0,1.55723e-05,0,0.00538368,1.99238e-05,0.00541918,0.1,4,825,42,1312,821,825,269,159,30,30,10,1
383,30,0,1.55723e-05,0,0.00538368,1.99238e-05,0.00541918,0.1,4,732,36,1120,728,732,233,156,30,30,10,1
384,30,0,1.55723e-05,0,0.00538368,1.99238e-05,0.00541918,0,4,960,49,1536,956,960,277,167,30,30,10,1
385,30,0,1.55723e-05,0,0.00538368,1.99238e-05,0.00541918,0,4,1014,48,1504,1010,1014,319,211,30,30,10,1
386,30,0,1.55723e-05,0,0.00538368,1.99238e-05,0.00541918,0.3,4,660,36,1120,656,660,212,140,30,30,10,1
387,30,0,1.55723e-05,0,0.00538368,1.99238e-05,0.00541918,0.3,4,1106,56,1760,1102,1106,300,151,30,30,10,1
388,30,0,1.55723e-05,0,0.00538368,1.99238e-05,0.00541918,0,4,1090,55,1728,1086,1090,322,197,30,30,10,1
389,30,0,1.55723e-05,0,0.00538368,1.99238e-05,0.00541918,0,4,753,38,1184,749,753,223,149,30,30,10,1
390,30,0,1.55723e-05,0,0.00538368,1.99238e-05,0.00541918,0,4,836,40,1248,832,836,270,168,30,30,10,1
391,30,0,1.55723e-05,0,0.00538368,1.99238e-05,0.00541918,0.3,4,849,45,1408,845,849,228,134,30,30,10,1
392,30,0,1.55723e-05,0,0.00538368,1.99238e-05,0.00541918,0.3,4,997,53,1664,993,997,357,220,30,30,10,1
393,30,0,1.55723e-05,0,0.00538368,1.99238e-05,0.00541918,0,4,772,46,1440,768,772,261,161,30,30,10,1
394,30,0,1.55723e-05,0,0.00538368,1.99238e-05,0.00541918,0.3,4,633,37,1152,629,633,212,126,30,30,10,1
395,30,0,1.55723e-05,0,0.00538368,1.99238e-05,0.00541918,0.2,4,788,38,1184,784,788,275,191,30,30,10,1
396,30,0,1.55723e-05,0,0.00538368,1.99238e-05,0.00541918,0.1,4,754,37,1152,750,754,229,143,30,30,10,1
397,30,0,1.55723e-05,0,0.00538368,1.99238e-05,0.00541918,0.1,4,832,41,1280,828,832,231,131,30,30,10,1
398,30,0,1.55723e-05,0,0.00538368,1.99238e-05,0.00541918,0.2,4,850,43,1344,846,850,270,175,30,30,10,1
399,30,0,1.55723e-05,0,0.00538368,1.99238e-05,0.00541918,0.6,4,644,41,1280,640,644,236,145,30,30,10,1
400,30,0,1.55723e-05,0,0.00538368,1.99238e-05,0.00541918,0.3,4,995,60,1888,991,995,323,182,30,30,10,1
401,30,0,1.55723e-05,0,0.00538368,1.99238e-05,0.00541918,0,4,1075,49,1536,1071,1075,270,154,30,30,10,1
402,30,0,1.55723e-05,0,0.00538368,1.99238e-05,0.00541918,0,4,1077,51,1600,1073,1077,273,157,30,30,10,1
403,30,0,1.55723e-05,0,0.00538368,1.99238e-05,0.00541918,0.1,4,1068,56,1760,1064,1068,307,185,30,30,10,1
404,30,0,1.55723e-05,0,0.00538368,1.99238e-05,0.00541918,0.2,4,868,44,1376,864,868,303,217,30,30,10,1
405,30,0,1.55723e-05,0,0.00538368,1.99238e-05,0.00541918,0.1,4,985,49,1536,981,985,292,174,30,30,10,1
406,30,0,1.55723e-05,0,0.00538368,1.99238e-05,0.00541918,0.3,4,926,44,1376,922,926,301,216,30,30,10,1
407,30,0,1.55723e-05,0,0.00538368,1.99238e-05,0.00541918,0,4,872,47,1472,868,872,248,151,30,30,10,1
408,30,0,1.55723e-05,0,0.00538368,1.99238e-05,0.00541918,0.5,4,1014,54,1696,1010,1014,314,192,30,30,10,1
409,30,0,1.55723e-05,0,0.00538368,1.99238e-05,0.00541918,0.2,4,853,39,1216,849,853,261,174,30,30,10,1
410,30,0,1.55723e-05,0,0.00538368,1.99238e-05,0.00541918,0.2,4,837,43,1344,833,837,238,136,30,30,10,1
411,30,0,1.55723e-05,0,0.00538368,1.99238e-05,0.00541918,0.1,4,1092,55,1728,1088,1092,329,198,30,30,10,1
412,30,0,1.55723e-05,0,0.00538368,1.99238e-05,0.00541918,0.3,4,708,40,1248,704,708,218,153,30,30,10,1
413,30,0,1.55723e-05,0,0.00538368,1.99238e-05,0.00541918,0.2,4,972,45,1408,968,972,289,169,30,30,10,1
414,30,0,1.55723e-05,0,0.00538368,1.99238e-05,0.00541918,0.2,4,1396,66,2080,1392,1396,356,176,30,30,10,1
415,30,0,1.55723e-05,0,0.00538368,1.99238e-05,0.00541918,0.1,4,1048,54,1696,1044,1048,287,167,30,30,10,1
416,30,0,1.55723e-05,0,0.00538368,1.99238e-05,0.00541918,0.1,4,753,46,1440,749,753,262,162,30,30,10,1
417,30,0,1.55723e-05,0,0.00538368,1.99238e-05,0.00541918,0.1,4,880,46,1440,876,880,291,182,30,30,10,1
418,30,0,1.55723e-05,0,0.00538368,1.99238e-05,0.00541918,0,4,1144,61,1920,1140,1144,351,183,30,30,10,1
419,30,0,1.55723e-05,0,0.00538368,1.99238e-05,0.00541918,0,4,900,42,1312,896,900,264,154,30,30,10,1
420,30,0,1.55723e-05,0,0.00538368,1.99238e-05,0.00541918,0.4,4,848,46,1440,844,848,292,193,30,30,10,1
421,30,0,1.55723e-05,0,0.00538368,1.99238e-05,0.00541918,0.1,4,916,49,1536,912,916,287,193,30,30,10,1
422,30,0,1.55723e-05,0,0.00538368,1.99238e-05,0.00541918,0.3,4,753,41,1280,749,753,266,197,30,30,10,1
423,30,0,1.55723e-05,0,0.00538368,1.99238e-05,0.00541918,0,4,766,40,1248,762,766,287,203,30,30,10,1
424,30,0,1.55723e-05,0,0.00538368,1.99238e-05,0.00541918,0,4,864,41,1280,860,864,267,168,30,30,10,1
425,30,0,1.55723e-05,0,0.00538368,1.99238e-05,0.00541918,0.1,4,763,37,1152,759,763,254,181,30,30,10,1
426,30,0,1.55723e-05,0,0.00538368,1.99238e-05,0.00541918,0,4,952,46,1440,948,952,304,192,30,30,10,1
427,30,0,1.55723e-05,0,0.00538368,1.99238e-05,0.00541918,0.1,4,970,50,1568,966,970,268,151,30,30,10,1
428,30,0,1.55723e-05,0,0.00538368,1.99238e-05,0.00541918,0,4,964,50,1568,960,964,294,163,30,30,10,1
429,30,0,1.55723e-05,0,0.00538368,1.99238e-05,0.00541918,0.1,4,987,49,1536,983,987,315,188,30,30,10,1
430,30,0,1.55723e-05,0,0.00538368,1.99238e-05,0.00541918,0,4,1096,56,1760,1092,1096,373,238,30,30,10,1
431,30,0,1.55723e-05,0,0.00538368,1.99238e-05,0.00541918,0.1,4,1201,60,1888,1197,1201,329,175,30,30,10,1
432,30,0,1.55723e-05,0,0.00538368,1.99238e-05,0.00541918,0.3,4,1002,51,1600,998,1002,303,184,30,30,10,1
433,30,0,1.55723e-05,0,0.00538368,1.99238e-05,0.00541918,0.3,4,1035,51,1600,1031,1035,275,142,30,30,10,1
434,30,0,1.55723e-05,0,0.00538368,1.99238e-05,0.00541918,0.3,4,874,41,1280,870,874,281,187,30,30,10,1
435,30,0,1.55723e-05,0,0.00538368,1.99238e-05,0.00541918,0,4,739,40,1248,735,739,246,158,30,30,10,1
436,30,0,1.55723e-05,0,0.00538368,1.99238e-05,0.00541918,0.6,4,1023,53,1664,1019,1023,288,179,30,30,10,1
437,30,0,1.55723e-05,0,0.00538368,1.99238e-05,0.00541918,0.5,4,782,38,1184,778,782,241,153,30,30,10,1
438,30,0,1.55723e-05,0,0.00538368,1.99238e-05,0.00541918,0,4,842,42,1312,838,842,272,180,30,30,10,1
439,30,0,1.55723e-05,0,0.00538368,1.99238e-05,0.00541918,0.1,4,883,45,1408,879,883,260,159,30,30,10,1
440,30,0,1.55723e-05,0,0.00538368,1.99238e-05,0.00541918,0.5,4,910,44,1376,906,910,304,189,30,30,10,1
441,30,0,1.55723e-05,0,0.00538368,1.99238e-05,0.00541918,0,4,821,49,1536,817,821,281,174,30,30,10,1
442,30,0,1.55723e-05,0,0.00538368,1.99238e-05,0.00541918,0,4,776,43,1344,772,776,280,195,30,30,10,1
443,30,0,1.55723e-05,0,0.00538368,1.99238e-05,0.00541918,0.1,4,795,43,1344,791,795,271,156,30,30,10,1
444,30,0,1.55723e-05,0,0.00538368,1.99238e-05,0.00541918,0,4,941,43,1344,937,941,266,180,30,30,10,1
445,30,0,1.55723e-05,0,0.00538368,1.99238e-05,0.00541918,0.2,4,908,42,1312,904,908,255,184,30,30,10,1
446,30,0,1.55723e-05,0,0.00538368,1.99238e-05,0.00541918,0,4,1257,67,2112,1253,1257,345,189,30,30,10,1
447,30,0,1.55723e-05,0,0.00538368,1.99238e-05,0.00541918,0.1,4,919,43,1344,915,919,270,165,30,30,10,1
448,30,0,1.55723e-05,0,0.00538368,1.99238e-05,0.00541918,0.1,4,850,46,1440,846,850,260,165,30,30,10,1
449,30,0,1.55723e-05,0,0.00538368,1.99238e-05,0.00541918,0.4,4,833,52,1632,829,833,329,235,30,30,10,1
450,30,0,1.55723e-05,0,0.00538368,1.99238e-05,0.00541918,0.3,4,831,46,1440,827,831,274,190,30,30,10,1
451,30,0,1.55723e-05,0,0.00538368,1.99238e-05,0.00541918,0.1,4,868,41,1280,864,868,264,166,30,30,10,1
452,30,0,1.55723e-05,0,0.00538368,1.99238e-05,0.00541918,0.1,4,1165,53,1664,1161,1165,321,190,30,30,10,1
453,30,0,1.55723e-05,0,0.00538368,1.99238e-05,0.00541918,0.2,4,1070,47,1472,1066,1070,253,158,30,30,10,1
454,30,0,1.55723e-05,0,0.00538368,1.99238e-05,0.00541918,0.1,4,774,39,1216,770,774,270,179,30,30,10,1
455,30,0,1.55723e-05,0,0.00538368,1.99238e-05,0.00541918,0,4,934,46,1440,930,934,299,206,30,30,10,1
456,30,0,1.55723e-05,0,0.00538368,1.99238e-05,0.00541918,0,4,797,44,1376,793,797,275,165,30,30,10,1
457,30,0,1.55723e-05,0,0.00538368,1.99238e-05,0.00541918,0.4,4,876,44,1376,872,876,279,179,30,30,10,1
458,30,0,1.55723e-05,0,0.00538368,1.99238e-05,0.00541918,0.3,4,832,45,1408,828,832,278,170,30,30,10,1
459,30,0,1.55723e-05,0,0.00538368,1.99238e-05,0.00541918,0.2,4,874,43,1344,870,874,282,199,30,30,10,1
460,30,0,1.55723e-05,0,0.00538368,1.99238e-05,0.00541918,0.1,4,1004,53,1664,1000,1004,290,165,30,30,10,1
461,30,0,1.55723e-05,0,0.00538368,1.99238e-05,0.00541918,0.3,4,1011,48,1504,1007,1011,287,193,30,30,10,1
462,30,0,1.55723e-05,0,0.00538368,1.99238e-05,0.00541918,0.2,4,892,58,1824,888,892,320,193,30,30,10,1
463,30,0,1.55723e-05,0,0.00538368,1.99238e-05,0.00541918,0,4,692,42,1312,688,692,282,198,30,30,10,1
464,30,0,1.55723e-05,0,0.00538368,1.99238e-05,0.00541918,0.3,4,884,54,1696,880,884,331,197,30,30,10,1
465,30,0,1.55723e-05,0,0.00538368,1.99238e-05,0.00541918,0,4,744,48,1504,740,744,267,173,30,30,10,1
466,30,0,1.55723e-05,0,0.00538368,1.99238e-05,0.00541918,0.1,4,953,49,1536,949,953,301,191,30,30,10,1
467,30,0,1.55723e-05,0,0.00538368,1.99238e-05,0.00541918,0.3,4,1014,50,1568,1010,1014,309,203,30,30,10,1
468,30,0,1.55723e-05,0,0.00538368,1.99238e-05,0.00541918,0,4,1070,51,1600,1066,1070,276,144,30,30,10,1
469,30,0,1.55723e-05,0,0.00538368,1.99238e-05,0.00541918,0.1,4,754,44,1376,750,754,282,195,30,30,10,1
470,30,0,1.55723e-05,0,0.00538368,1.99238e-05,0.00541918,0,4,703,42,1312,699,703,271,190,30,30,10,1
471,30,0,1.55723e-05,0,0.00538368,1.99238e-05,0.00541918,0.4,4,915,48,1504,911,915,282,173,30,30,10,1
472,30,0,1.55723e-05,0,0.00538368,1.99238e-05,0.00541918,0,4,934,54,1696,930,934,294,169,30,30,10,1
473,30,0,1.55723e-05,0,0.00538368,1.99238e-05,0.00541918,0.4,4,717,41,1280,713,717,295,201,30,30,10,1
474,30,0,1.55723e-05,0,0.00538368,1.99238e-05,0.00541918,0.4,4,710,37,1152,706,710,213,137,30,30,10,1
475,30,0,1.55723e-05,0,0.00538368,1.99238e-05,0.00541918,0.4,4,737,43,1344,733,737,292,189,30,30,10,1
476,30,0,1.55723e-05,0,0.00538368,1.99238e-05,0.00541918,0,4,589,35,1088,585,589,244,168,30,30,10,1
477,30,0,1.55723e-05,0,0.00538368,1.99238e-05,0.00541918,0.3,4,741,40,1248,737,741,275,179,30,30,10,1
478,30,0,1.55723e-05,0,0.00538368,1.99238e-05,0.00541918,0.4,4,457,45,1408,453,457,253,161,30,30,10,1
479,30,0,1.55723e-05,0,0.00538368,1.99238e-05,0.00541918,0.2,4,764,44,1376,760,764,288,177,30,30,10,1
480,30,0,1.55723e-05,0,0.00538368,1.99238e-05,0.00541918,0.6,4,455,49,1536,451,455,310,225,30,30,10,1
481,30,0,1.55723e-05,0,0.00538368,1.99238e-05,0.00541918,0.1,4,670,42,1312,666,670,275,185,30,30,10,1
482,30,0,1.55723e-05,0,0.00538368,1.99238e-05,0.00541918,0.1,4,658,38,1184,654,658,295,222,30,30,10,1
483,30,0,1.55723e-05,0,0.00538368,1.99238e-05,0.00541918,0.2,4,963,45,1408,959,963,297,187,30,30,10,1
484,30,0,1.55723e-05,0,0.00538368,1.99238e-05,0.00541918,0.4,4,668,39,1216,664,668,260,165,30,30,10,1
485,30,0,1.55723e-05,0,0.00538368,1.99238e-05,0.00541918,0.5,4,702,46,1440,698,702,301,197,30,30,10,1
486,30,0,1.55723e-05,0,0.00538368,1.99238e-05,0.00541918,0.5,4,1147,58,1824,1143,1147,385,243,30,30,10,1
487,30,0,1.55723e-05,0,0.00538368,1.99238e-05,0.00541918,0.2,4,699,38,1184,695,699,259,183,30,30,10,1
488,30,0,1.55723e-05,0,0.00538368,1.99238e-05,0.00541918,0.3,4,899,47,1472,895,899,312,211,30,30,10,1
489,30,0,1.55723e-05,0,0.00538368,1.99238e-05,0.00541918,0.1,4,1105,52,1632,1101,1105,321,212,30,30,10,1
490,30,0,1.55723e-05,0,0.00538368,1.99238e-05,0.00541918,0.1,4,962,55,1728,958,962,300,164,30,30,10,1
491,30,0,1.55723e-05,0,0.00538368,1.99238e-05,0.00541918,0.2,4,960,51,1600,956,960,341,229,30,30,10,1
492,30,0,1.55723e-05,0,0.00538368,1.99238e-05,0.00541918,0.2,4,850,46,1440,846,850,307,216,30,30,10,1
493,30,0,1.55723e-05,0,0.00538368,1.99238e-05,0.00541918,0.5,4,580,38,1184,576,580,254,176,30,30,10,1
494,30,0,1.55723e-05,0,0.00538368,1.99238e-05,0.00541918,0.3,4,746,39,1216,742,746,255,172,30,30,10,1
495,30,0,1.55723e-05,0,0.00538368,1.99238e-05,0.00541918,0.3,4,553,37,1152,549,553,238,160,30,30,10,1
496,30,0,1.55723e-05,0,0.00538368,1.99238e-05,0.00541918,0.4,4,659,44,1376,655,659,298,198,30,30,10,1
497,30,0,1.55723e-05,0,0.00538368,1.99238e-05,0.00541918,0.1,4,829,40,1248,825,829,262,165,30,30,10,1
498,30,0,1.55723e-05,0,0.00538368,1.99238e-05,0.00541918,0.1,4,1040,64,2016,1036,1040,299,167,30,30,10,1
499,30,0,1.55723e-05,0,0.00538368,1.99238e-05,0.00541918,0.1,4,957,55,1728,953,957,288,160,30,30,10,1
500,30,0,1.55723e-05,0,0.00538368,1.99238e-05,0.00541918,0,4,808,41,1280,804,808,239,143,30,30,10,1
501,30,0,1.55723e-05,0,0.00538368,1.99238e-05,0.00541918,0.1,4,818,42,1312,814,818,279,165,30,30,10,1
502,30,0,1.55723e-05,0,0.00538368,1.99238e-05,0.00541918,0.5,4,601,41,1280,597,601,280,200,30,30,10,1
503,30,0,1.55723e-05,0,0.00538368,1.99238e-05,0.00541918,0.3,4,901,46,1440,897,901,284,178,30,30,10,1
504,30,0,1.55723e-05,0,0.00538368,1.99238e-05,0.00541918,0.2,4,640,41,1280,636,640,242,153,30,30,10,1
505,30,0,1.55723e-05,0,0.00538368,1.99238e-05,0.00541918,0.2,4,737,41,1280,733,737,273,173,30,30,10,1
506,30,0,1.55723e-05,0,0.00538368,1.99238e-05,0.00541918,0.4,4,726,36,1120,722,726,234,153,30,30,10,1
507,30,0,1.55723e-05,0,0.00538368,1.99238e-05,0.00541918,0.1,4,726,42,1312,722,726,281,172,30,30,10,1
508,30,0,1.55723e-05,0,0.00538368,1.99238e-05,0.00541918,0,4,1277,66,2080,1273,1277,340,167,30,30,10,1
509,30,0,1.55723e-05,0,0.00538368,1.99238e-05,0.00541918,0.1,4,761,51,1600,757,761,269,159,30,30,10,1
510,30,0,1.55723e-05,0,0.00538368,1.99238e-05,0.00541918,0.2,4,1003,55,1728,999,1003,398,258,30,30,10,1
511,30,0,1.55723e-05,0,0.00538368,1.99238e-05,0.00541918,0,4,968,46,1440,964,968,284,174,30,30,10,1
512,30,1,1.02152e-05,0,0.00592705,2.09488e-05,0.00595821,0,4,972,49,1536,968,972,287,173,30,30,10,1
513,30,1,1.02152e-05,0,0.00592705,2.09488e-05,0.00595821,0,4,676,36,1120,672,676,234,159,30,30,10,1
514,30,1,1.02152e-05,0,0.00592705,2.09488e-05,0.00595821,0.1,4,590,54,1696,586,590,292,182,30,30,10,1
515,30,1,1.02152e-05,0,0.00592705,2.09488e-05,0.00595821,0.1,4,830,41,1280,826,830,254,165,30,30,10,1
516,30,1,1.02152e-05,0,0.00592705,2.09488e-05,0.00595821,0.2,4,973,50,1568,969,973,329,217,30,30,10,1
517,30,1,1.02152e-05,0,0.00592705,2.09488e-05,0.00595821,0.1,4,553,56,1760,549,553,285,183,30,30,10,1
518,30,1,1.02152e-05,0,0.00592705,2.09488e-05,0.00595821,0.2,4,572,40,1248,568,572,226,134,30,30,10,1
519,30,1,1.02152e-05,0,0.00592705,2.09488e-05,0.00595821,0,4,1035,50,1568,1031,1035,314,194,30,30,10,1
520,30,1,1.02152e-05,0,0.00592705,2.09488e-05,0.00595821,0.2,4,778,41,1280,774,778,241,165,30,30,10,1
521,30,1,1.02152e-05,0,0.00592705,2.09488e-05,0.00595821,0.3,4,604,54,1696,600,604,354,252,30,30,10,1
522,30,1,1.02152e-05,0,0.00592705,2.09488e-05,0.00595821,0,4,689,40,1248,685,689,310,221,30,30,10,1
523,30,1,1.02152e-05,0,0.00592705,2.09488e-05,0.00595821,0.4,4,826,46,1440,822,826,267,160,30,30,10,1
524,30,1,1.02152e-05,0,0.00592705,2.09488e-05,0.00595821,0.1,4,772,40,1248,768,772,268,189,30,30,10,1
525,30,1,1.02152e-05,0,0.00592705,2.09488e-05,0.00595821,0.5,4,839,40,1248,835,839,268,178,30,30,10,1
526,30,1,1.02152e-05,0,0.00592705,2.09488e-05,0.00595821,0.2,4,674,43,1344,670,674,284,186,30,30,10,1
527,30,1,1.02152e-05,0,0.00592705,2.09488e-05,0.00595821,0.3,4,783,53,1664,779,783,326,213,30,30,10,1
528,30,1,1.02152e-05,0,0.00592705,2.09488e-05,0.00595821,0.1,4,1345,63,1984,1341,1345,377,223,30,30,10,1
529,30,1,1.02152e-05,0,0.00592705,2.09488e-05,0.00595821,0,4,1051,59,1856,1047,1051,356,239,30,30,10,1
530,30,1,1.02152e-05,0,0.00592705,2.09488e-05,0.00595821,0,4,697,39,1216,693,697,279,205,30,30,10,1
531,30,1,1.02152e-05,0,0.00592705,2.09488e-05,0.00595821,0,4,1059,59,1856,1055,1059,341,217,30,30,10,1
532,30,1,1.02152e-05,0,0.00592705,2.09488e-05,0.00595821,0.4,4,420,38,1184,416,420,245,194,30,30,10,1
533,30,1,1.02152e-05,0,0.00592705,2.09488e-05,0.00595821,0.1,4,1007,59,1856,1003,1007,341,201,30,30,10,1
534,30,1,1.02152e-05,0,0.00592705,2.09488e-05,0.00595821,0.1,4,811,41,1280,807,811,285,204,30,30,10,1
535,30,1,1.02152e-05,0,0.00592705,2.09488e-05,0.00595821,0.1,4,1209,60,1888,1205,1209,328,186,30,30,10,1
536,30,1,1.02152e-05,0,0.00592705,2.09488e-05,0.00595821,0.4,4,818,45,1408,814,818,309,199,30,30,10,1
537,30,1,1.02152e-05,0,0.00592705,2.09488e-05,0.00595821,0.1,4,899,43,1344,895,899,292,205,30,30,10,1
538,30,1,1.02152e-05,0,0.00592705,2.09488e-05,0.00595821,0,4,934,49,1536,930,934,281,177,30,30,10,1
539,30,1,1.02152e-05,0,0.00592705,2.09488e-05,0.00595821,0.1,4,962,46,1440,958,962,310,205,30,30,10,1
540,30,1,1.02152e-05,0,0.00592705,2.09488e-05,0.00595821,0.6,4,776,42,1312,772,776,277,175,30,30,10,1
541,30,1,1.02152e-05,0,0.00592705,2.09488e-05,0.00595821,0.2,4,1141,54,1696,1137,1141,306,168,30,30,10,1
542,30,1,1.02152e-05,0,0.00592705,2.09488e-05,0.00595821,0.1,4,1116,52,1632,1112,1116,324,209,30,30,10,1
543,30,1,1.02152e-05,0,0.00592705,2.09488e-05,0.00595821,0,4,651,35,1088,647,651,253,179,30,30,10,1
544,30,1,1.02152e-05,0,0.00592705,2.09488e-05,0.00595821,0.2,4,1016,54,1696,1012,1016,316,173,30,30,10,1
545,30,1,1.02152e-05,0,0.00592705,2.09488e-05,0.00595821,0.2,4,906,47,1472,902,906,319,202,30,30,10,1
546,30,1,1.02152e-05,0,0.00592705,2.09488e-05,0.00595821,0,4,997,47,1472,993,997,276,184,30,30,10,1
547,30,1,1.02152e-05,0,0.00592705,2.09488e-05,0.00595821,0,4,885,39,1216,881,885,289,196,30,30,10,1
548,30,1,1.02152e-05,0,0.00592705,2.09488e-05,0.00595821,0,4,978,50,1568,974,978,327,209,30,30,10,1
549,30,1,1.02152e-05,0,0.00592705,2.09488e-05,0.00595821,0.3,4,711,37,1152,707,711,235,161,30,30,10,1
550,30,1,1.02152e-05,0,0.00592705,2.09488e-05,0.00595821,0.2,4,577,34,1056,573,577,186,119,30,30,10,1
551,30,1,1.02152e-05,0,0.00592705,2.09488e-05,0.00595821,0.2,4,754,36,1120,750,754,252,177,30,30,10,1
552,30,1,1.02152e-05,0,0.00592705,2.09488e-05,0.00595821,0.2,4,787,41,1280,783,787,265,174,30,30,10,1
553,30,1,1.02152e-05,0,0.00592705,2.09488e-05,0.00595821,0.2,4,975,50,1568,971,975,311,197,30,30,10,1
554,30,1,1.02152e-05,0,0.00592705,2.09488e-05,0.00595821,0,4,607,39,1216,603,607,265,172,30,30,10,1
555,30,1,1.02152e-05,0,0.00592705,2.09488e-05,0.00595821,0,4,1122,58,1824,1118,1122,379,245,30,30,10,1
556,30,1,1.02152e-05,0,0.00592705,2.09488e-05,0.00595821,0.2,4,855,44,1376,851,855,286,171,30,30,10,1
557,30,1,1.02152e-05,0,0.00592705,2.09488e-05,0.00595821,0.4,4,674,40,1248,670,674,285,211,30,30,10,1
558,30,1,1.02152e-05,0,0.00592705,2.09488e-05,0.00595821,0.1,4,701,36,1120,697,701,188,119,30,30,10,1
559,30,1,1.02152e-05,0,0.00592705,2.09488e-05,0.00595821,0.3,4,913,46,1440,909,913,310,208,30,30,10,1
560,30,1,1.02152e-05,0,0.00592705,2.09488e-05,0.00595821,0,4,885,46,1440,881,885,327,235,30,30,10,1
561,30,1,1.02152e-05,0,0.00592705,2.09488e-05,0.00595821,0.3,4,832,44,1376,828,832,292,197,30,30,10,1
562,30,1,1.02152e-05,0,0.00592705,2.09488e-05,0.00595821,0.1,4,585,35,1088,581,585,210,140,30,30,10,1
563,30,1,1.02152e-05,0,0.00592705,2.09488e-05,0.00595821,0,4,705,33,1024,701,705,205,137,30,30,10,1
564,30,1,1.02152e-05,0,0.00592705,2.09488e-05,0.00595821,0.2,4,830,44,1376,826,830,318,214,30,30,10,1
565,30,1,1.02152e-05,0,0.00592705,2.09488e-05,0.00595821,0.1,4,1032,48,1504,1028,1032,307,187,30,30,10,1
566,30,1,1.02152e-05,0,0.00592705,2.09488e-05,0.00595821,0.1,4,977,53,1664,973,977,310,202,30,30,10,1
567,30,1,1.02152e-05,0,0.00592705,2.09488e-05,0.00595821,0.2,4,717,41,1280,713,717,281,187,30,30,10,1
568,30,1,1.02152e-05,0,0.00592705,2.09488e-05,0.00595821,0.2,4,1066,50,1568,1062,1066,305,186,30,30,10,1
569,30,1,1.02152e-05,0,0.00592705,2.09488e-05,0.00595821,0.6,4,731,46,1440,727,731,344,249,30,30,10,1
570,30,1,1.02152e-05,0,0.00592705,2.09488e-05,0.00595821,0.3,4,971,51,1600,967,971,341,212,30,30,10,1
571,30,1,1.02152e-05,0,0.00592705,2.09488e-05,0.00595821,0.1,4,787,37,1152,783,787,247,163,30,30,10,1
572,30,1,1.02152e-05,0,0.00592705,2.09488e-05,0.00595821,0.4,4,1480,72,2272,1476,1480,391,215,30,30,10,1
573,30,1,1.02152e-05,0,0.00592705,2.09488e-05,0.00595821,0.1,4,1004,48,1504,1000,1004,288,167,30,30,10,1
574,30,1,1.02152e-05,0,0.00592705,2.09488e-05,0.00595821,0.2,4,686,37,1152,682,686,223,142,30,30,10,1
575,30,1,1.02152e-05,0,0.00592705,2.09488e-05,0.00595821,0.1,4,1133,54,1696,1129,1133,294,146,30,30,10,1
576,30,1,1.02152e-05,0,0.00592705,2.09488e-05,0.00595821,0.1,4,770,38,1184,766,770,229,142,30,30,10,1
577,30,1,1.02152e-05,0,0.00592705,2.09488e-05,0.00595821,0.3,4,929,49,1536,925,929,341,236,30,30,10,1
578,30,1,1.02152e-05,0,0.00592705,2.09488e-05,0.00595821,0.3,4,812,42,1312,808,812,288,183,30,30,10,1
579,30,1,1.02152e-05,0,0.00592705,2.09488e-05,0.00595821,0.2,4,1012,55,1728,1008,1012,404,290,30,30,10,1
580,30,1,1.02152e-05,0,0.00592705,2.09488e-05,0.00595821,0.3,4,887,43,1344,883,887,259,161,30,30,10,1
581,30,1,1.02152e-05,0,0.00592705,2.09488e-05,0.00595821,0.1,4,828,44,1376,824,828,281,192,30,30,10,1
582,30,1,1.02152e-05,0,0.00592705,2.09488e-05,0.00595821,0.1,4,740,44,1376,736,740,278,183,30,30,10,1
583,30,1,1.02152e-05,0,0.00592705,2.09488e-05,0.00595821,0,4,929,48,1504,925,929,260,136,30,30,10,1
584,30,1,1.02152e-05,0,0.00592705,2.09488e-05,0.00595821,0,4,1138,53,1664,1134,1138,293,173,30,30,10,1
585,30,1,1.02152e-05,0,0.00592705,2.09488e-05,0.00595821,0.3,4,656,39,1216,652,656,247,172,30,30,10,1
586,30,1,1.02152e-05,0,0.00592705,2.09488e-05,0.00595821,0.3,4,1108,55,1728,1104,1108,298,146,30,30,10,1
587,30,1,1.02152e-05,0,0.00592705,2.09488e-05,0.00595821,0.1,4,900,43,1344,896,900,234,140,30,30,10,1
588,30,1,1.02152e-05,0,0.00592705,2.09488e-05,0.00595821,0,4,791,36,1120,787,791,252,169,30,30,10,1
589,30,1,1.02152e-05,0,0.00592705,2.09488e-05,0.00595821,0.1,4,731,38,1184,727,731,238,166,30,30,10,1
590,30,1,1.02152e-05,0,0.00592705,2.09488e-05,0.00595821,0.1,4,720,40,1248,716,720,303,227,30,30,10,1
591,30,1,1.02152e-05,0,0.00592705,2.09488e-05,0.00595821,0.3,4,923,52,1632,919,923,272,137,30,30,10,1
592,30,1,1.02152e-05,0,0.00592705,2.09488e-05,0.00595821,0.2,4,967,50,1568,963,967,295,191,30,30,10,1
593,30,1,1.02152e-05,0,0.00592705,2.09488e-05,0.00595821,0.2,4,781,51,1600,777,781,293,179,30,30,10,1
594,30,1,1.02152e-05,0,0.00592705,2.09488e-05,0.00595821,0.2,4,617,43,1344,613,617,275,180,30,30,10,1
595,30,1,1.02152e-05,0,0.00592705,2.09488e-05,0.00595821,0.4,4,790,49,1536,786,790,290,181,30,30,10,1
596,30,1,1.02152e-05,0,0.00592705,2.09488e-05,0.00595821,0.4,4,716,41,1280,712,716,253,169,30,30,10,1
597,30,1,1.02152e-05,0,0.00592705,2.09488e-05,0.00595821,0.6,4,761,45,1408,757,761,299,193,30,30,10,1
598,30,1,1.02152e-05,0,0.00592705,2.09488e-05,0.00595821,0.4,4,735,38,1184,731,735,230,154,30,30,10,1
599,30,1,1.02152e-05,0,0.00592705,2.09488e-05,0.00595821,0.3,4,882,44,1376,878,882,297,188,30,30,10,1
600,30,1,1.02152e-05,0,0.00592705,2.09488e-05,0.00595821,0.1,4,677,39,1216,673,677,287,203,30,30,10,1
601,30,1,1.02152e-05,0,0.00592705,2.09488e-05,0.00595821,0.6,4,1057,51,1600,1053,1057,290,169,30,30,10,1
602,30,1,1.02152e-05,0,0.00592705,2.09488e-05,0.00595821,0.1,4,799,42,1312,795,799,290,209,30,30,10,1
603,30,1,1.02152e-05,0,0.00592705,2.09488e-05,0.00595821,0,4,874,47,1472,870,874,321,222,30,30,10,1
604,30,1,1.02152e-05,0,0.00592705,2.09488e-05,0.00595821,0,4,1191,58,1824,1187,1191,303,150,30,30,10,1
605,30,1,1.02152e-05,0,0.00592705,2.09488e-05,0.00595821,0.2,4,818,43,1344,814,818,292,208,30,30,10,1
606,30,1,1.02152e-05,0,0.00592705,2.09488e-05,0.00595821,0.3,4,927,46,1440,923,927,290,172,30,30,10,1
607,30,1,1.02152e-05,0,0.00592705,2.09488e-05,0.00595821,0.2,4,889,47,1472,885,889,353,243,30,30,10,1
608,30,1,1.02152e-05,0,0.00592705,2.09488e-05,0.00595821,0.1,4,957,50,1568,953,957,300,189,30,30,10,1
609,30,1,1.02152e-05,0,0.00592705,2.09488e-05,0.00595821,0.2,4,670,36,1120,666,670,254,175,30,30,10,1
610,30,1,1.02152e-05,0,0.00592705,2.09488e-05,0.00595821,0.2,4,861,39,1216,857,861,262,173,30,30,10,1
611,30,1,1.02152e-05,0,0.00592705,2.09488e-05,0.00595821,0.2,4,890,45,1408,886,890,283,175,30,30,10,1
612,30,1,1.02152e-05,0,0.00592705,2.09488e-05,0.00595821,0.1,4,1219,62,1952,1215,1219,332,179,30,30,10,1
613,30,1,1.02152e-05,0,0.00592705,2.09488e-05,0.00595821,0.2,4,888,48,1504,884,888,294,176,30,30,10,1
614,30,1,1.02152e-05,0,0.00592705,2.09488e-05,0.00595821,0.1,4,792,41,1280,788,792,254,148,30,30,10,1
615,30,1,1.02152e-05,0,0.00592705,2.09488e-05,0.00595821,0.1,4,1124,58,1824,1120,1124,337,212,30,30,10,1
616,30,1,1.02152e-05,0,0.00592705,2.09488e-05,0.00595821,0.2,4,841,41,1280,837,841,283,201,30,30,10,1
617,30,1,1.02152e-05,0,0.00592705,2.09488e-05,0.00595821,0.1,4,1007,50,1568,1003,1007,295,170,30,30,10,1
618,30,1,1.02152e-05,0,0.00592705,2.09488e-05,0.00595821,0.1,4,1177,59,1856,1173,1177,402,253,30,30,10,1
619,30,1,1.02152e-05,0,0.00592705,2.09488e-05,0.00595821,0.1,4,777,41,1280,773,777,212,118,30,30,10,1
620,30,1,1.02152e-05,0,0.00592705,2.09488e-05,0.00595821,0,4,736,40,1248,732,736,223,138,30,30,10,1
621,30,1,1.02152e-05,0,0.00592705,2.09488e-05,0.00595821,0.4,4,969,55,1728,965,969,354,214,30,30,10,1
622,30,1,1.02152e-05,0,0.00592705,2.09488e-05,0.00595821,0.1,4,763,55,1728,759,763,315,208,30,30,10,1
623,30,1,1.02152e-05,0,0.00592705,2.09488e-05,0.00595821,0.4,4,481,43,1344,477,481,264,179,30,30,10,1
624,30,1,1.02152e-05,0,0.00592705,2.09488e-05,0.00595821,0.6,4,870,45,1408,866,870,297,208,30,30,10,1
625,30,1,1.02152e-05,0,0.00592705,2.09488e-05,0.00595821,0.3,4,373,44,1376,369,373,226,150,30,30,10,1
626,30,1,1.02152e-05,0,0.00592705,2.09488e-05,0.00595821,0.2,4,728,48,1504,724,728,317,235,30,30,10,1
627,30,1,1.02152e-05,0,0.00592705,2.09488e-05,0.00595821,0.3,4,576,40,1248,572,576,254,179,30,30,10,1
628,30,1,1.02152e-05,0,0.00592705,2.09488e-05,0.00595821,0.5,4,364,44,1376,360,364,215,135,30,30,10,1
629,30,1,1.02152e-05,0,0.00592705,2.09488e-05,0.00595821,0.4,4,416,38,1184,412,416,267,205,30,30,10,1
630,30,1,1.02152e-05,0,0.00592705,2.09488e-05,0.00595821,0.7,4,711,51,1600,707,711,395,299,30,30,10,1
631,30,1,1.02152e-05,0,0.00592705,2.09488e-05,0.00595821,0.1,4,438,37,1152,434,438,252,190,30,30,10,1
632,30,1,1.02152e-05,0,0.00592705,2.09488e-05,0.00595821,0.6,4,600,48,1504,596,600,313,218,30,30,10,1
633,30,1,1.02152e-05,0,0.00592705,2.09488e-05,0.00595821,0.4,4,398,40,1248,394,398,292,233,30,30,10,1
634,30,1,1.02152e-05,0,0.00592705,2.09488e-05,0.00595821,0.5,4,486,42,1312,482,486,281,213,30,30,10,1
635,30,1,1.02152e-05,0,0.00592705,2.09488e-05,0.00595821,0.3,4,687,51,1600,683,687,350,253,30,30,10,1
636,30,1,1.02152e-05,0,0.00592705,2.09488e-05,0.00595821,0.3,4,562,40,1248,558,562,235,162,30,30,10,1
637,30,1,1.02152e-05,0,0.00592705,2.09488e-05,0.00595821,0,4,630,39,1216,626,630,236,157,30,30,10,1
638,30,1,1.02152e-05,0,0.00592705,2.09488e-05,0.00595821,0.5,4,751,46,1440,747,751,328,225,30,30,10,1
639,30,1,1.02152e-05,0,0.00592705,2.09488e-05,0.00595821,0.7,4,486,43,1344,482,486,273,207,30,30,10,1
640,30,1,1.02152e-05,0,0.00592705,2.09488e-05,0.00595821,0.3,4,910,55,1728,906,910,359,225,30,30,10,1
641,30,1,1.02152e-05,0,0.00592705,2.09488e-05,0.00595821,0.1,4,677,38,1184,673,677,283,215,30,30,10,1
642,30,1,1.02152e-05,0,0.00592705,2.09488e-05,0.00595821,0.6,4,556,45,1408,552,556,311,218,30,30,10,1
643,30,1,1.02152e-05,0,0.00592705,2.09488e-05,0.00595821,0.4,4,600,35,1088,596,600,211,145,30,30,10,1
644,30,1,1.02152e-05,0,0.00592705,2.09488e-05,0.00595821,0.2,4,771,41,1280,767,771,242,151,30,30,10,1
645,30,1,1.02152e-05,0,0.00592705,2.09488e-05,0.00595821,0,4,1100,58,1824,1096,1100,334,179,30,30,10,1
646,30,1,1.02152e-05,0,0.00592705,2.09488e-05,0.00595821,0.2,4,841,48,1504,837,841,260,165,30,30,10,1
647,30,1,1.02152e-05,0,0.00592705,2.09488e-05,0.00595821,0,4,758,38,1184,754,758,259,164,30,30,10,1
648,30,1,1.02152e-05,0,0.00592705,2.09488e-05,0.00595821,0.3,4,660,39,1216,656,660,226,139,30,30,10,1
649,30,1,1.02152e-05,0,0.00592705,2.09488e-05,0.00595821,0.2,4,1034,53,1664,1030,1034,341,231,30,30,10,1
650,30,1,1.02152e-05,0,0.00592705,2.09488e-05,0.00595821,0.3,4,1025,54,1696,1021,1025,319,195,30,30,10,1
651,30,1,1.02152e-05,0,0.00592705,2.09488e-05,0.00595821,0.3,4,796,57,1792,792,796,373,249,30,30,10,1
652,30,1,1.02152e-05,0,0.00592705,2.09488e-05,0.00595821,0.3,4,624,44,1376,620,624,294,210,30,30,10,1
653,30,1,1.02152e-05,0,0.00592705,2.09488e-05,0.00595821,0.3,4,610,36,1120,606,610,226,163,30,30,10,1
654,30,1,1.02152e-05,0,0.00592705,2.09488e-05,0.00595821,0,4,611,47,1472,607,611,252,155,30,30,10,1
655,30,1,1.02152e-05,0,0.00592705,2.09488e-05,0.00595821,0.3,4,867,46,1440,863,867,303,202,30,30,10,1
656,30,1,1.02152e-05,0,0.00592705,2.09488e-05,0.00595821,0.2,4,766,46,1440,762,766,259,158,30,30,10,1
657,30,1,1.02152e-05,0,0.00592705,2.09488e-05,0.00595821,0.1,4,658,35,1088,654,658,226,149,30,30,10,1
658,30,1,1.02152e-05,0,0.00592705,2.09488e-05,0.00595821,0.4,4,478,45,1408,474,478,270,182,30,30,10,1
659,30,1,1.02152e-05,0,0.00592705,2.09488e-05,0.00595821,0.3,4,824,54,1696,820,824,335,209,30,30,10,1
660,30,1,1.02152e-05,0,0.00592705,2.09488e-05,0.00595821,0.3,4,715,45,1408,711,715,316,217,30,30,10,1
661,30,1,1.02152e-05,0,0.00592705,2.09488e-05,0.00595821,0.2,4,985,49,1536,981,985,301,177,30,30,10,1
662,30,1,1.02152e-05,0,0.00592705,2.09488e-05,0.00595821,0.1,4,643,39,1216,639,643,226,161,30,30,10,1
663,30,1,1.02152e-05,0,0.00592705,2.09488e-05,0.00595821,0.3,4,679,41,1280,675,679,264,181,30,30,10,1
664,30,1,1.02152e-05,0,0.00592705,2.09488e-05,0.00595821,0.1,4,998,57,1792,994,998,345,199,30,30,10,1
665,30,1,1.02152e-05,0,0.00592705,2.09488e-05,0.00595821,0.3,4,921,52,1632,917,921,331,221,30,30,10,1
666,30,1,1.02152e-05,0,0.00592705,2.09488e-05,0.00595821,0,4,833,40,1248,829,833,280,186,30,30,10,1
667,30,1,1.02152e-05,0,0.00592705,2.09488e-05,0.00595821,0.2,4,963,62,1952,959,963,353,215,30,30,10,1
668,30,1,1.02152e-05,0,0.00592705,2.09488e-05,0.00595821,0.4,4,766,50,1568,762,766,276,162,30,30,10,1
669,30,1,1.02152e-05,0,0.00592705,2.09488e-05,0.00595821,0,4,867,44,1376,863,867,291,185,30,30,10,1
670,30,1,1.02152e-05,0,0.00592705,2.09488e-05,0.00595821,0,4,762,51,1600,758,762,271,147,30,30,10,1
671,30,1,1.02152e-05,0,0.00592705,2.09488e-05,0.00595821,0.2,4,754,48,1504,750,754,321,238,30,30,10,1
672,30,1,1.02152e-05,0,0.00592705,2.09488e-05,0.00595821,0.6,4,620,42,1312,616,620,305,217,30,30,10,1
673,30,1,1.02152e-05,0,0.00592705,2.09488e-05,0.00595821,0.4,4,639,40,1248,635,639,273,180,30,30,10,1
674,30,1,1.02152e-05,0,0.00592705,2.09488e-05,0.00595821,0.2,4,681,41,1280,677,681,304,198,30,30,10,1
675,30,1,1.02152e-05,0,0.00592705,2.09488e-05,0.00595821,0.2,4,724,41,1280,720,724,248,172,30,30,10,1
676,30,1,1.02152e-05,0,0.00592705,2.09488e-05,0.00595821,0.2,4,741,43,1344,737,741,285,193,30,30,10,1
677,30,1,1.02152e-05,0,0.00592705,2.09488e-05,0.00595821,0.5,4,789,51,1600,785,789,329,213,30,30,10,1
678,30,1,1.02152e-05,0,0.00592705,2.09488e-05,0.00595821,0.1,4,692,54,1696,688,692,294,192,30,30,10,1
679,30,1,1.02152e-05,0,0.00592705,2.09488e-05,0.00595821,0,4,872,47,1472,868,872,268,148,30,30,10,1
680,30,1,1.02152e-05,0,0.00592705,2.09488e-05,0.00595821,0.1,4,813,44,1376,809,813,262,145,30,30,10,1
681,30,1,1.02152e-05,0,0.00592705,2.09488e-05,0.00595821,0.5,4,816,47,1472,812,816,234,113,30,30,10,1
682,30,1,1.02152e-05,0,0.00592705,2.09488e-05,0.00595821,0.4,4,819,46,1440,815,819,287,169,30,30,10,1
683,30,1,1.02152e-05,0,0.00592705,2.09488e-05,0.00595821,0.1,4,810,51,1600,806,810,269,167,30,30,10,1
684,30,1,1.02152e-05,0,0.00592705,2.09488e-05,0.00595821,0.5,4,610,39,1216,606,610,265,194,30,30,10,1
685,30,1,1.02152e-05,0,0.00592705,2.09488e-05,0.00595821,0.2,4,1495,75,2368,1491,1495,408,206,30,30,10,1
686,30,1,1.02152e-05,0,0.00592705,2.09488e-05,0.00595821,0.5,4,537,39,1216,533,537,250,182,30,30,10,1
687,30,1,1.02152e-05,0,0.00592705,2.09488e-05,0.00595821,0.3,4,783,46,1440,779,783,295,188,30,30,10,1
688,30,1,1.02152e-05,0,0.00592705,2.09488e-05,0.00595821,0.5,4,653,38,1184,649,653,252,179,30,30,10,1
689,30,1,1.02152e-05,0,0.00592705,2.09488e-05,0.00595821,0.7,4,651,40,1248,647,651,307,220,30,30,10,1
690,30,1,1.02152e-05,0,0.00592705,2.09488e-05,0.00595821,0.2,4,804,43,1344,800,804,263,161,30,30,10,1
691,30,1,1.02152e-05,0,0.00592705,2.09488e-05,0.00595821,0.1,4,845,52,1632,841,845,301,183,30,30,10,1
692,30,1,1.02152e-05,0,0.00592705,2.09488e-05,0.00595821,0.5,4,788,48,1504,784,788,293,187,30,30,10,1
693,30,1,1.02152e-05,0,0.00592705,2.09488e-05,0.00595821,0.1,4,995,52,1632,991,995,289,171,30,30,10,1
694,30,1,1.02152e-05,0,0.00592705,2.09488e-05,0.00595821,0.3,4,806,45,1408,802,806,325,231,30,30,10,1
695,30,1,1.02152e-05,0,0.00592705,2.09488e-05,0.00595821,0.1,4,766,41,1280,762,766,318,234,30,30,10,1
696,30,1,1.02152e-05,0,0.00592705,2.09488e-05,0.00595821,0.3,4,598,41,1280,594,598,232,140,30,30,10,1
697,30,1,1.02152e-05,0,0.00592705,2.09488e-05,0.00595821,0.5,4,521,43,1344,517,521,292,221,30,30,10,1
698,30,1,1.02152e-05,0,0.00592705,2.09488e-05,0.00595821,0.4,4,633,46,1440,629,633,322,238,30,30,10,1
699,30,1,1.02152e-05,0,0.00592705,2.09488e-05,0.00595821,0.6,4,610,52,1632,606,610,322,226,30,30,10,1
700,30,1,1.02152e-05,0,0.00592705,2.09488e-05,0.00595821,0.5,4,607,48,1504,603,607,264,167,30,30,10,1
701,30,1,1.02152e-05,0,0.00592705,2.09488e-05,0.00595821,0,4,784,37,1152,780,784,228,153,30,30,10,1
702,30,1,1.02152e-05,0,0.00592705,2.09488e-05,0.00595821,0.3,4,840,48,1504,836,840,291,184,30,30,10,1
703,30,1,1.02152e-05,0,0.00592705,2.09488e-05,0.00595821,0.1,4,836,38,1184,832,836,248,154,30,30,10,1
704,30,1,1.02152e-05,0,0.00592705,2.09488e-05,0.00595821,0.4,4,835,49,1536,831,835,250,142,30,30,10,1
705,30,1,1.02152e-05,0,0.00592705,2.09488e-05,0.00595821,0,4,629,37,1152,625,629,246,160,30,30,10,1
706,30,1,1.02152e-05,0,0.00592705,2.09488e-05,0.00595821,0.3,4,884,50,1568,880,884,233,119,30,30,10,1
707,30,1,1.02152e-05,0,0.00592705,2.09488e-05,0.00595821,0,4,769,49,1536,765,769,292,162,30,30,10,1
708,30,1,1.02152e-05,0,0.00592705,2.09488e-05,0.00595821,0.2,4,615,38,1184,611,615,245,163,30,30,10,1
709,30,1,1.02152e-05,0,0.00592705,2.09488e-05,0.00595821,0.2,4,831,52,1632,827,831,315,200,30,30,10,1
710,30,1,1.02152e-05,0,0.00592705,2.09488e-05,0.00595821,0.3,4,722,37,1152,718,722,243,163,30,30,10,1
711,30,1,1.02152e-05,0,0.00592705,2.09488e-05,0.00595821,0,4,1106,52,1632,1102,1106,289,167,30,30,10,1
712,30,1,1.02152e-05,0,0.00592705,2.09488e-05,0.00595821,0.3,4,934,47,1472,930,934,293,181,30,30,10,1
713,30,1,1.02152e-05,0,0.00592705,2.09488e-05,0.00595821,0,4,738,38,1184,734,738,261,193,30,30,10,1
714,30,1,1.02152e-05,0,0.00592705,2.09488e-05,0.00595821,0,4,1246,59,1856,1242,1246,322,185,30,30,10,1
715,30,1,1.02152e-05,0,0.00592705,2.09488e-05,0.00595821,0,4,780,36,1120,776,780,249,145,30,30,10,1
716,30,1,1.02152e-05,0,0.00592705,2.09488e-05,0.00595821,0.2,4,635,38,1184,631,635,301,213,30,30,10,1
717,30,1,1.02152e-05,0,0.00592705,2.09488e-05,0.00595821,0,4,1010,54,1696,1006,1010,334,210,30,30,10,1
718,30,1,1.02152e-05,0,0.00592705,2.09488e-05,0.00595821,0.2,4,1105,57,1792,1101,1105,308,170,30,30,10,1
719,30,1,1.02152e-05,0,0.00592705,2.09488e-05,0.00595821,0.1,4,799,38,1184,795,799,253,159,30,30,10,1
720,30,1,1.02152e-05,0,0.00592705,2.09488e-05,0.00595821,0,4,765,39,1216,761,765,258,163,30,30,10,1
721,30,1,1.02152e-05,0,0.00592705,2.09488e-05,0.00595821,0.3,4,825,43,1344,821,825,276,181,30,30,10,1
722,30,1,1.02152e-05,0,0.00592705,2.09488e-05,0.00595821,0.1,4,784,38,1184,780,784,258,166,30,30,10,1
723,30,1,1.02152e-05,0,0.00592705,2.09488e-05,0.00595821,0,4,774,39,1216,770,774,284,193,30,30,10,1
724,30,1,1.02152e-05,0,0.00592705,2.09488e-05,0.00595821,0.1,4,867,45,1408,863,867,322,217,30,30,10,1
725,30,1,1.02152e-05,0,0.00592705,2.09488e-05,0.00595821,0,4,675,40,1248,671,675,304,207,30,30,10,1
726,30,1,1.02152e-05,0,0.00592705,2.09488e-05,0.00595821,0.3,4,729,41,1280,725,729,265,176,30,30,10,1
727,30,1,1.02152e-05,0,0.00592705,2.09488e-05,0.00595821,0.1,4,812,39,1216,808,812,283,207,30,30,10,1
728,30,1,1.02152e-05,0,0.00592705,2.09488e-05,0.00595821,0,4,841,44,1376,837,841,280,180,30,30,10,1
729,30,1,1.02152e-05,0,0.00592705,2.09488e-05,0.00595821,0.2,4,989,49,1536,985,989,322,195,30,30,10,1
730,30,1,1.02152e-05,0,0.00592705,2.09488e-05,0.00595821,0,4,869,41,1280,865,869,287,187,30,30,10,1
731,30,1,1.02152e-05,0,0.00592705,2.09488e-05,0.00595821,0.1,4,830,49,1536,826,830,263,154,30,30,10,1
732,30,1,1.02152e-05,0,0.00592705,2.09488e-05,0.00595821,0.3,4,521,36,1120,517,521,254,165,30,30,10,1
733,30,1,1.02152e-05,0,0.00592705,2.09488e-05,0.00595821,0.1,4,488,41,1280,484,488,277,213,30,30,10,1
734,30,1,1.02152e-05,0,0.00592705,2.09488e-05,0.00595821,0,4,831,44,1376,827,831,287,179,30,30,10,1
735,30,1,1.02152e-05,0,0.00592705,2.09488e-05,0.00595821,0,4,983,47,1472,979,983,315,208,30,30,10,1
736,30,1,1.02152e-05,0,0.00592705,2.09488e-05,0.00595821,0,4,812,39,1216,808,812,318,236,30,30,10,1
737,30,1,1.02152e-05,0,0.00592705,2.09488e-05,0.00595821,0.1,4,913,44,1376,909,913,290,192,30,30,10,1
738,30,1,1.02152e-05,0,0.00592705,2.09488e-05,0.00595821,0.2,4,846,46,1440,842,846,312,206,30,30,10,1
739,30,1,1.02152e-05,0,0.00592705,2.09488e-05,0.00595821,0.3,4,975,55,1728,971,975,334,200,30,30,10,1
740,30,1,1.02152e-05,0,0.00592705,2.09488e-05,0.00595821,0.1,4,985,57,1792,981,985,382,264,30,30,10,1
741,30,1,1.02152e-05,0,0.00592705,2.09488e-05,0.00595821,0,4,1123,54,1696,1119,1123,349,231,30,30,10,1
742,30,1,1.02152e-05,0,0.00592705,2.09488e-05,0.00595821,0.2,4,869,53,1664,865,869,322,203,30,30,10,1
743,30,1,1.02152e-05,0,0.00592705,2.09488e-05,0.00595821,0.5,4,748,48,1504,744,748,310,206,30,30,10,1
744,30,1,1.02152e-05,0,0.00592705,2.09488e-05,0.00595821,0.1,4,1291,63,1984,1287,1291,322,172,30,30,10,1
745,30,1,1.02152e-05,0,0.00592705,2.09488e-05,0.00595821,0.3,4,889,53,1664,885,889,420,300,30,30,10,1
746,30,1,1.02152e-05,0,0.00592705,2.09488e-05,0.00595821,0,4,699,42,1312,695,699,273,179,30,30,10,1
747,30,1,1.02152e-05,0,0.00592705,2.09488e-05,0.00595821,0.1,4,987,51,1600,983,987,288,161,30,30,10,1
748,30,1,1.02152e-05,0,0.00592705,2.09488e-05,0.00595821,0,4,908,44,1376,904,908,329,229,30,30,10,1
749,30,1,1.02152e-05,0,0.00592705,2.09488e-05,0.00595821,0.3,4,772,44,1376,768,772,295,203,30,30,10,1
750,30,1,1.02152e-05,0,0.00592705,2.09488e-05,0.00595821,0.1,4,898,49,1536,894,898,350,241,30,30,10,1
751,30,1,1.02152e-05,0,0.00592705,2.09488e-05,0.00595821,0,4,902,44,1376,898,902,261,171,30,30,10,1
752,30,1,1.02152e-05,0,0.00592705,2.09488e-05,0.00595821,0.3,4,717,40,1248,713,717,287,191,30,30,10,1
753,30,1,1.02152e-05,0,0.00592705,2.09488e-05,0.00595821,0.1,4,947,53,1664,943,947,262,118,30,30,10,1
754,30,1,1.02152e-05,0,0.00592705,2.09488e-05,0.00595821,0.2,4,934,54,1696,930,934,306,170,30,30,10,1
755,30,1,1.02152e-05,0,0.00592705,2.09488e-05,0.00595821,0.2,4,729,46,1440,725,729,278,179,30,30,10,1
756,30,1,1.02152e-05,0,0.00592705,2.09488e-05,0.00595821,0,4,866,46,1440,862,866,262,147,30,30,10,1
757,30,1,1.02152e-05,0,0.00592705,2.09488e-05,0.00595821,0.6,4,806,48,1504,802,806,330,212,30,30,10,1
758,30,1,1.02152e-05,0,0.00592705,2.09488e-05,0.00595821,0.3,4,620,37,1152,616,620,270,190,30,30,10,1
759,30,1,1.02152e-05,0,0.00592705,2.09488e-05,0.00595821,0.2,4,792,43,1344,788,792,320,234,30,30,10,1
760,30,1,1.02152e-05,0,0.00592705,2.09488e-05,0.00595821,0.1,4,891,40,1248,887,891,244,147,30,30,10,1
761,30,1,1.02152e-05,0,0.00592705,2.09488e-05,0.00595821,0.6,4,589,43,1344,585,589,252,146,30,30,10,1
762,30,1,1.02152e-05,0,0.00592705,2.09488e-05,0.00595821,0.1,4,656,45,1408,652,656,307,209,30,30,10,1
763,30,1,1.02152e-05,0,0.00592705,2.09488e-05,0.00595821,0.1,4,898,42,1312,894,898,271,150,30,30,10,1
764,30,1,1.02152e-05,0,0.00592705,2.09488e-05,0.00595821,0.2,4,726,43,1344,722,726,350,270,30,30,10,1
765,30,1,1.02152e-05,0,0.00592705,2.09488e-05,0.00595821,0.2,4,574,40,1248,570,574,286,206,30,30,10,1
766,30,1,1.02152e-05,0,0.00592705,2.09488e-05,0.00595821,0.5,4,615,42,1312,611,615,272,177,30,30,10,1
767,30,1,1.02152e-05,0,0.00592705,2.09488e-05,0.00595821,0.3,4,597,38,1184,593,597,251,169,30,30,10,1
768,30,1,1.02152e-05,0,0.00592705,2.09488e-05,0.00595821,0.2,4,958,50,1568,954,958,307,175,30,30,10,1
769,30,1,1.02152e-05,0,0.00592705,2.09488e-05,0.00595821,0.4,4,728,46,1440,724,728,294,202,30,30,10,1
770,30,1,1.02152e-05,0,0.00592705,2.09488e-05,0.00595821,0.2,4,819,48,1504,815,819,293,189,30,30,10,1
771,30,1,1.02152e-05,0,0.00592705,2.09488e-05,0.00595821,0.2,4,1222,64,2016,1218,1222,389,246,30,30,10,1
772,30,1,1.02152e-05,0,0.00592705,2.09488e-05,0.00595821,0.1,4,724,34,1056,720,724,233,156,30,30,10,1
773,30,1,1.02152e-05,0,0.00592705,2.09488e-05,0.00595821,0.2,4,719,37,1152,715,719,223,138,30,30,10,1
774,30,1,1.02152e-05,0,0.00592705,2.09488e-05,0.00595821,0.2,4,568,48,1504,564,568,334,258,30,30,10,1
775,30,1,1.02152e-05,0,0.00592705,2.09488e-05,0.00595821,0.2,4,1030,49,1536,1026,1030,327,202,30,30,10,1
776,30,1,1.02152e-05,0,0.00592705,2.09488e-05,0.00595821,0.1,4,630,39,1216,626,630,258,176,30,30,10,1
777,30,1,1.02152e-05,0,0.00592705,2.09488e-05,0.00595821,0.2,4,747,47,1472,743,747,308,209,30,30,10,1
778,30,1,1.02152e-05,0,0.00592705,2.09488e-05,0.00595821,0.4,4,854,45,1408,850,854,248,138,30,30,10,1
779,30,1,1.02152e-05,0,0.00592705,2.09488e-05,0.00595821,0.5,4,802,45,1408,798,802,304,199,30,30,10,1
780,30,1,1.02152e-05,0,0.00592705,2.09488e-05,0.00595821,0,4,773,35,1088,769,773,235,153,30,30,10,1
781,30,1,1.02152e-05,0,0.00592705,2.09488e-05,0.00595821,0.2,4,830,49,1536,826,830,307,199,30,30,10,1
782,30,1,1.02152e-05,0,0.00592705,2.09488e-05,0.00595821,0,4,722,39,1216,718,722,245,152,30,30,10,1
783,30,1,1.02152e-05,0,0.00592705,2.09488e-05,0.00595821,0.1,4,635,38,1184,631,635,239,170,30,30,10,1
784,30,1,1.02152e-05,0,0.00592705,2.09488e-05,0.00595821,0.1,4,685,41,1280,681,685,313,221,30,30,10,1
785,30,1,1.02152e-05,0,0.00592705,2.09488e-05,0.00595821,0.3,4,824,57,1792,820,824,338,220,30,30,10,1
786,30,1,1.02152e-05,0,0.00592705,2.09488e-05,0.00595821,0,4,929,53,1664,925,929,296,190,30,30,10,1
787,30,1,1.02152e-05,0,0.00592705,2.09488e-05,0.00595821,0,4,969,52,1632,965,969,312,187,30,30,10,1
788,30,1,1.02152e-05,0,0.00592705,2.09488e-05,0.00595821,0.2,4,784,41,1280,780,784,300,206,30,30,10,1
789,30,1,1.02152e-05,0,0.00592705,2.09488e-05,0.00595821,0,4,736,39,1216,732,736,240,147,30,30,10,1
790,30,1,1.02152e-05,0,0.00592705,2.09488e-05,0.00595821,0.1,4,859,50,1568,855,859,291,171,30,30,10,1
791,30,1,1.02152e-05,0,0.00592705,2.09488e-05,0.00595821,0.2,4,767,43,1344,763,767,295,187,30,30,10,1
792,30,1,1.02152e-05,0,0.00592705,2.09488e-05,0.00595821,0,4,774,40,1248,770,774,257,152,30,30,10,1
793,30,1,1.02152e-05,0,0.00592705,2.09488e-05,0.00595821,0,4,1297,67,2112,1293,1297,365,208,30,30,10,1
794,30,1,1.02152e-05,0,0.00592705,2.09488e-05,0.00595821,0.2,4,715,42,1312,711,715,276,183,30,30,10,1
795,30,1,1.02152e-05,0,0.00592705,2.09488e-05,0.00595821,0.5,4,858,43,1344,854,858,272,183,30,30,10,1
796,30,1,1.02152e-05,0,0.00592705,2.09488e-05,0.00595821,0.4,4,646,47,1472,642,646,311,216,30,30,10,1
797,30,1,1.02152e-05,0,0.00592705,2.09488e-05,0.00595821,0.7,4,671,45,1408,667,671,281,170,30,30,10,1
798,30,1,1.02152e-05,0,0.00592705,2.09488e-05,0.00595821,0.5,4,773,55,1728,769,773,356,244,30,30,10,1
799,30,1,1.02152e-05,0,0.00592705,2.09488e-05,0.00595821,0,4,740,38,1184,736,740,230,158,30,30,10,1
800,30,1,1.02152e-05,0,0.00592705,2.09488e-05,0.00595821,0.7,4,735,43,1344,731,735,349,257,30,30,10,1
801,30,1,1.02152e-05,0,0.00592705,2.09488e-05,0.00595821,0.2,4,744,40,1248,740,744,311,219,30,30,10,1
802,30,1,1.02152e-05,0,0.00592705,2.09488e-05,0.00595821,0.3,4,615,35,1088,611,615,263,181,30,30,10,1
803,30,1,1.02152e-05,0,0.00592705,2.09488e-05,0.00595821,0.3,4,877,49,1536,873,877,327,219,30,30,10,1
804,30,1,1.02152e-05,0,0.00592705,2.09488e-05,0.00595821,0.3,4,769,44,1376,765,769,246,150,30,30,10,1
805,30,1,1.02152e-05,0,0.00592705,2.09488e-05,0.00595821,0.4,4,851,52,1632,847,851,309,194,30,30,10,1
806,30,1,1.02152e-05,0,0.00592705,2.09488e-05,0.00595821,0.3,4,491,44,1376,487,491,306,245,30,30,10,1
807,30,1,1.02152e-05,0,0.00592705,2.09488e-05,0.00595821,0.5,4,615,43,1344,611,615,255,176,30,30,10,1
808,30,1,1.02152e-05,0,0.00592705,2.09488e-05,0.00595821,0.3,4,817,46,1440,813,817,235,129,30,30,10,1
809,30,1,1.02152e-05,0,0.00592705,2.09488e-05,0.00595821,0.5,4,529,45,1408,525,529,252,150,30,30,10,1
810,30,1,1.02152e-05,0,0.00592705,2.09488e-05,0.00595821,0.1,4,857,49,1536,853,857,310,207,30,30,10,1
811,30,1,1.02152e-05,0,0.00592705,2.09488e-05,0.00595821,0.2,4,658,37,1152,654,658,271,201,30,30,10,1
812,30,1,1.02152e-05,0,0.00592705,2.09488e-05,0.00595821,0,4,739,42,1312,735,739,269,183,30,30,10,1
813,30,1,1.02152e-05,0,0.00592705,2.09488e-05,0.00595821,0.1,4,981,49,1536,977,981,261,160,30,30,10,1
814,30,1,1.02152e-05,0,0.00592705,2.09488e-05,0.00595821,0.3,4,626,37,1152,622,626,261,186,30,30,10,1
815,30,1,1.02152e-05,0,0.00592705,2.09488e-05,0.00595821,0.1,4,797,48,1504,793,797,256,149,30,30,10,1
816,30,1,1.02152e-05,0,0.00592705,2.09488e-05,0.00595821,0.4,4,938,47,1472,934,938,278,173,30,30,10,1
817,30,1,1.02152e-05,0,0.00592705,2.09488e-05,0.00595821,0.1,4,582,36,1120,578,582,216,131,30,30,10,1
818,30,1,1.02152e-05,0,0.00592705,2.09488e-05,0.00595821,0.1,4,663,39,1216,659,663,296,219,30,30,10,1
819,30,1,1.02152e-05,0,0.00592705,2.09488e-05,0.00595821,0.2,4,643,39,1216,639,643,264,165,30,30,10,1
820,30,1,1.02152e-05,0,0.00592705,2.09488e-05,0.00595821,0.5,4,699,41,1280,695,699,276,197,30,30,10,1
821,30,1,1.02152e-05,0,0.00592705,2.09488e-05,0.00595821,0.2,4,869,53,1664,865,869,308,180,30,30,10,1
822,30,1,1.02152e-05,0,0.00592705,2.09488e-05,0.00595821,0,4,927,47,1472,923,927,311,209,30,30,10,1
823,30,1,1.02152e-05,0,0.00592705,2.09488e-05,0.00595821,0,4,888,39,1216,884,888,266,157,30,30,10,1
824,30,1,1.02152e-05,0,0.00592705,2.09488e-05,0.00595821,0.1,4,1139,58,1824,1135,1139,319,169,30,30,10,1
825,30,1,1.02152e-05,0,0.00592705,2.09488e-05,0.00595821,0.4,4,783,43,1344,779,783,249,153,30,30,10,1
826,30,1,1.02152e-05,0,0.00592705,2.09488e-05,0.00595821,0.1,4,766,38,1184,762,766,242,151,30,30,10,1
827,30,1,1.02152e-05,0,0.00592705,2.09488e-05,0.00595821,0.1,4,950,53,1664,946,950,272,162,30,30,10,1
828,30,1,1.02152e-05,0,0.00592705,2.09488e-05,0.00595821,0.2,4,1054,55,1728,1050,1054,309,160,30,30,10,1
829,30,1,1.02152e-05,0,0.00592705,2.09488e-05,0.00595821,0.3,4,802,41,1280,798,802,255,154,30,30,10,1
830,30,1,1.02152e-05,0,0.00592705,2.09488e-05,0.00595821,0.5,4,866,47,1472,862,866,317,194,30,30,10,1
831,30,1,1.02152e-05,0,0.00592705,2.09488e-05,0.00595821,0.1,4,692,36,1120,688,692,252,169,30,30,10,1
832,30,1,1.02152e-05,0,0.00592705,2.09488e-05,0.00595821,0,4,815,47,1472,811,815,295,178,30,30,10,1
833,30,1,1.02152e-05,0,0.00592705,2.09488e-05,0.00595821,0,4,758,38,1184,754,758,223,140,30,30,10,1
834,30,1,1.02152e-05,0,0.00592705,2.09488e-05,0.00595821,0.2,4,994,50,1568,990,994,263,138,30,30,10,1
835,30,1,1.02152e-05,0,0.00592705,2.09488e-05,0.00595821,0.7,4,943,56,1760,939,943,311,166,30,30,10,1
836,30,1,1.02152e-05,0,0.00592705,2.09488e-05,0.00595821,0,4,940,51,1600,936,940,272,158,30,30,10,1
837,30,1,1.02152e-05,0,0.00592705,2.09488e-05,0.00595821,0.3,4,1011,49,1536,1007,1011,297,192,30,30,10,1
838,30,1,1.02152e-05,0,0.00592705,2.09488e-05,0.00595821,0.1,4,828,42,1312,824,828,294,191,30,30,10,1
839,30,1,1.02152e-05,0,0.00592705,2.09488e-05,0.00595821,0.5,4,1297,69,2176,1293,1297,346,178,30,30,10,1
840,30,1,1.02152e-05,0,0.00592705,2.09488e-05,0.00595821,0.4,4,997,46,1440,993,997,273,167,30,30,10,1
841,30,1,1.02152e-05,0,0.00592705,2.09488e-05,0.00595821,0.1,4,949,42,1312,945,949,254,156,30,30,10,1
842,30,1,1.02152e-05,0,0.00592705,2.09488e-05,0.00595821,0.1,4,997,51,1600,993,997,315,196,30,30,10,1
843,30,1,1.02152e-05,0,0.00592705,2.09488e-05,0.00595821,0.3,4,910,47,1472,906,910,277,162,30,30,10,1
844,30,1,1.02152e-05,0,0.00592705,2.09488e-05,0.00595821,0,4,833,41,1280,829,833,250,159,30,30,10,1
845,30,1,1.02152e-05,0,0.00592705,2.09488e-05,0.00595821,0.1,4,837,44,1376,833,837,270,166,30,30,10,1
846,30,1,1.02152e-05,0,0.00592705,2.09488e-05,0.00595821,0.4,4,1037,54,1696,1033,1037,333,221,30,30,10,1
847,30,1,1.02152e-05,0,0.00592705,2.09488e-05,0.00595821,0,4,1037,50,1568,1033,1037,312,193,30,30,10,1
848,30,1,1.02152e-05,0,0.00592705,2.09488e-05,0.00595821,0,4,983,59,1856,979,983,298,135,30,30,10,1
849,30,1,1.02152e-05,0,0.00592705,2.09488e-05,0.00595821,0,4,738,40,1248,734,738,242,151,30,30,10,1
850,30,1,1.02152e-05,0,0.00592705,2.09488e-05,0.00595821,0.6,4,966,48,1504,962,966,309,208,30,30,10,1
851,30,1,1.02152e-05,0,0.00592705,2.09488e-05,0.00595821,0.2,4,948,52,1632,944,948,312,185,30,30,10,1
852,30,1,1.02152e-05,0,0.00592705,2.09488e-05,0.00595821,0.2,4,976,52,1632,972,976,246,131,30,30,10,1
853,30,1,1.02152e-05,0,0.00592705,2.09488e-05,0.00595821,0.3,4,668,42,1312,664,668,251,163,30,30,10,1
854,30,1,1.02152e-05,0,0.00592705,2.09488e-05,0.00595821,0,4,906,48,1504,902,906,272,159,30,30,10,1
855,30,1,1.02152e-05,0,0.00592705,2.09488e-05,0.00595821,0.1,4,895,49,1536,891,895,295,182,30,30,10,1
856,30,1,1.02152e-05,0,0.00592705,2.09488e-05,0.00595821,0.5,4,757,44,1376,753,757,288,180,30,30,10,1
857,30,1,1.02152e-05,0,0.00592705,2.09488e-05,0.00595821,0,4,1175,55,1728,1171,1175,318,172,30,30,10,1
858,30,1,1.02152e-05,0,0.00592705,2.09488e-05,0.00595821,0.6,4,805,39,1216,801,805,265,179,30,30,10,1
859,30,1,1.02152e-05,0,0.00592705,2.09488e-05,0.00595821,0.2,4,800,40,1248,796,800,269,166,30,30,10,1
860,30,1,1.02152e-05,0,0.00592705,2.09488e-05,0.00595821,0.1,4,1312,64,2016,1308,1312,347,193,30,30,10,1
861,30,1,1.02152e-05,0,0.00592705,2.09488e-05,0.00595821,0.2,4,1069,50,1568,1065,1069,299,181,30,30,10,1
862,30,1,1.02152e-05,0,0.00592705,2.09488e-05,0.00595821,0.3,4,711,37,1152,707,711,235,158,30,30,10,1
863,30,1,1.02152e-05,0,0.00592705,2.09488e-05,0.00595821,0.1,4,859,45,1408,855,859,288,196,30,30,10,1
864,30,1,1.02152e-05,0,0.00592705,2.09488e-05,0.00595821,0.3,4,671,36,1120,667,671,259,176,30,30,10,1
865,30,1,1.02152e-05,0,0.00592705,2.09488e-05,0.00595821,0.4,4,988,52,1632,984,988,305,191,30,30,10,1
866,30,1,1.02152e-05,0,0.00592705,2.09488e-05,0.00595821,0.3,4,770,38,1184,766,770,271,196,30,30,10,1
867,30,1,1.02152e-05,0,0.00592705,2.09488e-05,0.00595821,0.2,4,733,45,1408,729,733,252,154,30,30,10,1
868,30,1,1.02152e-05,0,0.00592705,2.09488e-05,0.00595821,0.2,4,927,45,1408,923,927,261,158,30,30,10,1
869,30,1,1.02152e-05,0,0.00592705,2.09488e-05,0.00595821,0.4,4,691,37,1152,687,691,252,160,30,30,10,1
870,30,1,1.02152e-05,0,0.00592705,2.09488e-05,0.00595821,0,4,1065,58,1824,1061,1065,351,198,30,30,10,1
871,30,1,1.02152e-05,0,0.00592705,2.09488e-05,0.00595821,0.2,4,924,48,1504,920,924,257,141,30,30,10,1
872,30,1,1.02152e-05,0,0.00592705,2.09488e-05,0.00595821,0.1,4,1137,63,1984,1133,1137,366,218,30,30,10,1
873,30,1,1.02152e-05,0,0.00592705,2.09488e-05,0.00595821,0.5,4,792,39,1216,788,792,243,158,30,30,10,1
874,30,1,1.02152e-05,0,0.00592705,2.09488e-05,0.00595821,0,4,712,49,1536,708,712,326,214,30,30,10,1
875,30,1,1.02152e-05,0,0.00592705,2.09488e-05,0.00595821,0,4,963,48,1504,959,963,321,210,30,30,10,1
876,30,1,1.02152e-05,0,0.00592705,2.09488e-05,0.00595821,0.3,4,1163,59,1856,1159,1163,326,170,30,30,10,1
877,30,1,1.02152e-05,0,0.00592705,2.09488e-05,0.00595821,0,4,1184,59,1856,1180,1184,316,171,30,30,10,1
878,30,1,1.02152e-05,0,0.00592705,2.09488e-05,0.00595821,0.2,4,899,46,1440,895,899,305,203,30,30,10,1
879,30,1,1.02152e-05,0,0.00592705,2.09488e-05,0.00595821,0,4,976,49,1536,972,976,273,167,30,30,10,1
880,30,1,1.02152e-05,0,0.00592705,2.09488e-05,0.00595821,0.5,4,760,41,1280,756,760,234,137,30,30,10,1
881,30,1,1.02152e-05,0,0.00592705,2.09488e-05,0.00595821,0.2,4,708,37,1152,704,708,232,163,30,30,10,1
882,30,1,1.02152e-05,0,0.00592705,2.09488e-05,0.00595821,0.1,4,548,39,1216,544,548,254,171,30,30,10,1
883,30,1,1.02152e-05,0,0.00592705,2.09488e-05,0.00595821,0.3,4,798,49,1536,794,798,289,179,30,30,10,1
884,30,1,1.02152e-05,0,0.00592705,2.09488e-05,0.00595821,0.4,4,1189,54,1696,1185,1189,307,173,30,30,10,1
885,30,1,1.02152e-05,0,0.00592705,2.09488e-05,0.00595821,0,4,826,43,1344,822,826,256,165,30,30,10,1
886,30,1,1.02152e-05,0,0.00592705,2.09488e-05,0.00595821,0.2,4,811,40,1248,807,811,260,162,30,30,10,1
887,30,1,1.02152e-05,0,0.00592705,2.09488e-05,0.00595821,0,4,874,47,1472,870,874,270,170,30,30,10,1
888,30,1,1.02152e-05,0,0.00592705,2.09488e-05,0.00595821,0.3,4,879,45,1408,875,879,268,171,30,30,10,1
889,30,1,1.02152e-05,0,0.00592705,2.09488e-05,0.00595821,0.4,4,814,38,1184,810,814,262,190,30,30,10,1
890,30,1,1.02152e-05,0,0.00592705,2.09488e-05,0.00595821,0.2,4,723,38,1184,719,723,243,144,30,30,10,1
891,30,1,1.02152e-05,0,0.00592705,2.09488e-05,0.00595821,0.3,4,928,47,1472,924,928,303,189,30,30,10,1
892,30,1,1.02152e-05,0,0.00592705,2.09488e-05,0.00595821,0,4,815,37,1152,811,815,278,192,30,30,10,1
893,30,1,1.02152e-05,0,0.00592705,2.09488e-05,0.00595821,0,4,941,45,1408,937,941,284,191,30,30,10,1
894,30,1,1.02152e-05,0,0.00592705,2.09488e-05,0.00595821,0.5,4,1001,49,1536,997,1001,339,229,30,30,10,1
895,30,1,1.02152e-05,0,0.00592705,2.09488e-05,0.00595821,0.1,4,761,41,1280,757,761,237,159,30,30,10,1
896,30,1,1.02152e-05,0,0.00592705,2.09488e-05,0.00595821,0.4,4,782,46,1440,778,782,234,135,30,30,10,1
897,30,1,1.02152e-05,0,0.00592705,2.09488e-05,0.00595821,0.3,4,770,46,1440,766,770,289,203,30,30,10,1
898,30,1,1.02152e-05,0,0.00592705,2.09488e-05,0.00595821,0.3,4,947,46,1440,943,947,345,234,30,30,10,1
899,30,1,1.02152e-05,0,0.00592705,2.09488e-05,0.00595821,0,4,873,43,1344,869,873,273,182,30,30,10,1
900,30,1,1.02152e-05,0,0.00592705,2.09488e-05,0.00595821,0,4,1115,52,1632,1111,1115,228,101,30,30,10,1
901,30,1,1.02152e-05,0,0.00592705,2.09488e-05,0.00595821,0.2,4,1230,58,1824,1226,1230,325,191,30,30,10,1
902,30,1,1.02152e-05,0,0.00592705,2.09488e-05,0.00595821,0.2,4,648,42,1312,644,648,239,137,30,30,10,1
903,30,1,1.02152e-05,0,0.00592705,2.09488e-05,0.00595821,0.3,4,828,51,1600,824,828,331,204,30,30,10,1
904,30,1,1.02152e-05,0,0.00592705,2.09488e-05,0.00595821,0.1,4,903,43,1344,899,903,252,152,30,30,10,1
905,30,1,1.02152e-05,0,0.00592705,2.09488e-05,0.00595821,0.4,4,637,36,1120,633,637,227,148,30,30,10,1
906,30,1,1.02152e-05,0,0.00592705,2.09488e-05,0.00595821,0.1,4,1040,54,1696,1036,1040,319,172,30,30,10,1
907,30,1,1.02152e-05,0,0.00592705,2.09488e-05,0.00595821,0.1,4,791,40,1248,787,791,244,162,30,30,10,1
908,30,1,1.02152e-05,0,0.00592705,2.09488e-05,0.00595821,0.3,4,1050,51,1600,1046,1050,287,157,30,30,10,1
909,30,1,1.02152e-05,0,0.00592705,2.09488e-05,0.00595821,0.2,4,884,46,1440,880,884,284,181,30,30,10,1
910,30,1,1.02152e-05,0,0.00592705,2.09488e-05,0.00595821,0.3,4,1124,54,1696,1120,1124,327,184,30,30,10,1
911,30,1,1.02152e-05,0,0.00592705,2.09488e-05,0.00595821,0,4,1030,47,1472,1026,1030,276,162,30,30,10,1
912,30,1,1.02152e-05,0,0.00592705,2.09488e-05,0.00595821,0.1,4,1260,63,1984,1256,1260,348,190,30,30,10,1
913,30,1,1.02152e-05,0,0.00592705,2.09488e-05,0.00595821,0,4,1003,55,1728,999,1003,273,126,30,30,10,1
914,30,1,1.02152e-05,0,0.00592705,2.09488e-05,0.00595821,0.1,4,1389,68,2144,1385,1389,352,185,30,30,10,1
915,30,1,1.02152e-05,0,0.00592705,2.09488e-05,0.00595821,0,4,986,52,1632,982,986,284,159,30,30,10,1
916,30,1,1.02152e-05,0,0.00592705,2.09488e-05,0.00595821,0,4,1048,56,1760,1044,1048,287,151,30,30,10,1
917,30,1,1.02152e-05,0,0.00592705,2.09488e-05,0.00595821,0.3,4,635,38,1184,631,635,237,151,30,30,10,1
918,30,1,1.02152e-05,0,0.00592705,2.09488e-05,0.00595821,0.3,4,985,50,1568,981,985,307,200,30,30,10,1
919,30,1,1.02152e-05,0,0.00592705,2.09488e-05,0.00595821,0.3,4,663,35,1088,659,663,227,162,30,30,10,1
920,30,1,1.02152e-05,0,0.00592705,2.09488e-05,0.00595821,0.2,4,1216,56,1760,1212,1216,356,213,30,30,10,1
921,30,1,1.02152e-05,0,0.00592705,2.09488e-05,0.00595821,0.1,4,943,44,1376,939,943,268,170,30,30,10,1
922,30,1,1.02152e-05,0,0.00592705,2.09488e-05,0.00595821,0.3,4,656,39,1216,652,656,289,206,30,30,10,1
923,30,1,1.02152e-05,0,0.00592705,2.09488e-05,0.00595821,0.1,4,869,42,1312,865,869,238,144,30,30,10,1
924,30,1,1.02152e-05,0,0.00592705,2.09488e-05,0.00595821,0,4,915,47,1472,911,915,321,195,30,30,10,1
925,30,1,1.02152e-05,0,0.00592705,2.09488e-05,0.00595821,0.4,4,633,40,1248,629,633,245,154,30,30,10,1
926,30,1,1.02152e-05,0,0.00592705,2.09488e-05,0.00595821,0.2,4,807,44,1376,803,807,340,245,30,30,10,1
927,30,1,1.02152e-05,0,0.00592705,2.09488e-05,0.00595821,0.1,4,1258,60,1888,1254,1258,331,206,30,30,10,1
928,30,1,1.02152e-05,0,0.00592705,2.09488e-05,0.00595821,0.3,4,836,46,1440,832,836,302,197,30,30,10,1
929,30,1,1.02152e-05,0,0.00592705,2.09488e-05,0.00595821,0.2,4,957,55,1728,953,957,357,235,30,30,10,1
930,30,1,1.02152e-05,0,0.00592705,2.09488e-05,0.00595821,0.1,4,873,41,1280,869,873,253,155,30,30,10,1
931,30,1,1.02152e-05,0,0.00592705,2.09488e-05,0.00595821,0.5,4,789,40,1248,785,789,266,190,30,30,10,1
932,30,1,1.02152e-05,0,0.00592705,2.09488e-05,0.00595821,0,4,752,38,1184,748,752,216,151,30,30,10,1
933,30,1,1.02152e-05,0,0.00592705,2.09488e-05,0.00595821,0.1,4,737,39,1216,733,737,284,198,30,30,10,1
934,30,1,1.02152e-05,0,0.00592705,2.09488e-05,0.00595821,0.1,4,960,52,1632,956,960,331,225,30,30,10,1
935,30,1,1.02152e-05,0,0.00592705,2.09488e-05,0.00595821,0.2,4,778,41,1280,774,778,283,205,30,30,10,1
936,30,1,1.02152e-05,0,0.00592705,2.09488e-05,0.00595821,0.2,4,1029,49,1536,1025,1029,279,158,30,30,10,1
937,30,1,1.02152e-05,0,0.00592705,2.09488e-05,0.00595821,0.1,4,1218,58,1824,1214,1218,349,211,30,30,10,1
938,30,1,1.02152e-05,0,0.00592705,2.09488e-05,0.00595821,0,4,817,50,1568,813,817,272,162,30,30,10,1
939,30,1,1.02152e-05,0,0.00592705,2.09488e-05,0.00595821,0.1,4,809,42,1312,805,809,258,176,30,30,10,1
940,30,1,1.02152e-05,0,0.00592705,2.09488e-05,0.00595821,0.1,4,1049,51,1600,1045,1049,319,175,30,30,10,1
941,30,1,1.02152e-05,0,0.00592705,2.09488e-05,0.00595821,0.4,4,894,42,1312,890,894,309,213,30,30,10,1
942,30,1,1.02152e-05,0,0.00592705,2.09488e-05,0.00595821,0.3,4,1015,53,1664,1011,1015,344,208,30,30,10,1
943,30,1,1.02152e-05,0,0.00592705,2.09488e-05,0.00595821,0.2,4,710,38,1184,706,710,240,142,30,30,10,1
944,30,1,1.02152e-05,0,0.00592705,2.09488e-05,0.00595821,0.2,4,674,42,1312,670,674,261,186,30,30,10,1
945,30,1,1.02152e-05,0,0.00592705,2.09488e-05,0.00595821,0.4,4,403,36,1120,399,403,224,151,30,30,10,1
946,30,1,1.02152e-05,0,0.00592705,2.09488e-05,0.00595821,0.5,4,894,45,1408,890,894,336,243,30,30,10,1
947,30,1,1.02152e-05,0,0.00592705,2.09488e-05,0.00595821,0.2,4,715,37,1152,711,715,259,181,30,30,10,1
948,30,1,1.02152e-05,0,0.00592705,2.09488e-05,0.00595821,0.2,4,1089,51,1600,1085,1089,334,206,30,30,10,1
949,30,1,1.02152e-05,0,0.00592705,2.09488e-05,0.00595821,0.1,4,1110,53,1664,1106,1110,374,247,30,30,10,1
950,30,1,1.02152e-05,0,0.00592705,2.09488e-05,0.00595821,0.3,4,904,49,1536,900,904,318,191,30,30,10,1
951,30,1,1.02152e-05,0,0.00592705,2.09488e-05,0.00595821,0,4,924,48,1504,920,924,332,216,30,30,10,1
952,30,1,1.02152e-05,0,0.00592705,2.09488e-05,0.00595821,0.3,4,918,45,1408,914,918,258,145,30,30,10,1
953,30,1,1.02152e-05,0,0.00592705,2.09488e-05,0.00595821,0.3,4,905,44,1376,901,905,268,168,30,30,10,1
954,30,1,1.02152e-05,0,0.00592705,2.09488e-05,0.00595821,0.3,4,792,40,1248,788,792,292,213,30,30,10,1
955,30,1,1.02152e-05,0,0.00592705,2.09488e-05,0.00595821,0,4,818,48,1504,814,818,300,206,30,30,10,1
956,30,1,1.02152e-05,0,0.00592705,2.09488e-05,0.00595821,0.1,4,817,43,1344,813,817,261,159,30,30,10,1
957,30,1,1.02152e-05,0,0.00592705,2.09488e-05,0.00595821,0.1,4,1001,48,1504,997,1001,280,160,30,30,10,1
958,30,1,1.02152e-05,0,0.00592705,2.09488e-05,0.00595821,0,4,957,46,1440,953,957,249,140,30,30,10,1
959,30,1,1.02152e-05,0,0.00592705,2.09488e-05,0.00595821,0,4,729,39,1216,725,729,233,153,30,30,10,1
960,30,1,1.02152e-05,0,0.00592705,2.09488e-05,0.00595821,0,4,922,45,1408,918,922,270,164,30,30,10,1
961,30,1,1.02152e-05,0,0.00592705,2.09488e-05,0.00595821,0.1,4,677,36,1120,673,677,261,183,30,30,10,1
962,30,1,1.02152e-05,0,0.00592705,2.09488e-05,0.00595821,0.2,4,895,44,1376,891,895,279,174,30,30,10,1
963,30,1,1.02152e-05,0,0.00592705,2.09488e-05,0.00595821,0.3,4,946,48,1504,942,946,285,183,30,30,10,1
964,30,1,1.02152e-05,0,0.00592705,2.09488e-05,0.00595821,0,4,824,45,1408,820,824,277,170,30,30,10,1
965,30,1,1.02152e-05,0,0.00592705,2.09488e-05,0.00595821,0.2,4,997,55,1728,993,997,364,233,30,30,10,1
966,30,1,1.02152e-05,0,0.00592705,2.09488e-05,0.00595821,0.5,4,731,39,1216,727,731,293,206,30,30,10,1
967,30,1,1.02152e-05,0,0.00592705,2.09488e-05,0.00595821,0,4,695,37,1152,691,695,214,144,30,30,10,1
968,30,1,1.02152e-05,0,0.00592705,2.09488e-05,0.00595821,0.3,4,633,45,1408,629,633,279,185,30,30,10,1
969,30,1,1.02152e-05,0,0.00592705,2.09488e-05,0.00595821,0.3,4,712,41,1280,708,712,274,191,30,30,10,1
970,30,1,1.02152e-05,0,0.00592705,2.09488e-05,0.00595821,0,4,1082,54,1696,1078,1082,328,188,30,30,10,1
971,30,1,1.02152e-05,0,0.00592705,2.09488e-05,0.00595821,0.4,4,733,42,1312,729,733,271,168,30,30,10,1
972,30,1,1.02152e-05,0,0.00592705,2.09488e-05,0.00595821,0.1,4,711,38,1184,707,711,249,166,30,30,10,1
973,30,1,1.02152e-05,0,0.00592705,2.09488e-05,0.00595821,0.3,4,728,43,1344,724,728,271,182,30,30,10,1
974,30,1,1.02152e-05,0,0.00592705,2.09488e-05,0.00595821,0,4,860,51,1600,856,860,300,200,30,30,10,1
975,30,1,1.02152e-05,0,0.00592705,2.09488e-05,0.00595821,0.2,4,706,38,1184,702,706,236,151,30,30,10,1
976,30,1,1.02152e-05,0,0.00592705,2.09488e-05,0.00595821,0.2,4,624,40,1248,620,624,297,211,30,30,10,1
977,30,1,1.02152e-05,0,0.00592705,2.09488e-05,0.00595821,0,4,1003,47,1472,999,1003,292,175,30,30,10,1
978,30,1,1.02152e-05,0,0.00592705,2.09488e-05,0.00595821,0.2,4,749,52,1632,745,749,301,191,30,30,10,1
979,30,1,1.02152e-05,0,0.00592705,2.09488e-05,0.00595821,0.4,4,672,40,1248,668,672,284,198,30,30,10,1
980,30,1,1.02152e-05,0,0.00592705,2.09488e-05,0.00595821,0.1,4,811,47,1472,807,811,258,156,30,30,10,1
981,30,1,1.02152e-05,0,0.00592705,2.09488e-05,0.00595821,0.2,4,997,52,1632,993,997,294,178,30,30,10,1
982,30,1,1.02152e-05,0,0.00592705,2.09488e-05,0.00595821,0.1,4,884,45,1408,880,884,273,162,30,30,10,1
983,30,1,1.02152e-05,0,0.00592705,2.09488e-05,0.00595821,0.1,4,1021,53,1664,1017,1021,367,235,30,30,10,1
984,30,1,1.02152e-05,0,0.00592705,2.09488e-05,0.00595821,0.3,4,667,36,1120,663,667,245,175,30,30,10,1
985,30,1,1.02152e-05,0,0.00592705,2.09488e-05,0.00595821,0.2,4,1192,57,1792,1188,1192,357,196,30,30,10,1
986,30,1,1.02152e-05,0,0.00592705,2.09488e-05,0.00595821,0.1,4,852,43,1344,848,852,288,168,30,30,10,1
987,30,1,1.02152e-05,0,0.00592705,2.09488e-05,0.00595821,0.4,4,677,36,1120,673,677,263,177,30,30,10,1
988,30,1,1.02152e-05,0,0.00592705,2.09488e-05,0.00595821,0.4,4,706,42,1312,702,706,296,209,30,30,10,1
989,30,1,1.02152e-05,0,0.00592705,2.09488e-05,0.00595821,0.1,4,700,35,1088,696,700,247,166,30,30,10,1
990,30,1,1.02152e-05,0,0.00592705,2.09488e-05,0.00595821,0.1,4,830,47,1472,826,830,296,180,30,30,10,1
991,30,1,1.02152e-05,0,0.00592705,2.09488e-05,0.00595821,0,4,881,40,1248,877,881,296,200,30,30,10,1
992,30,1,1.02152e-05,0,0.00592705,2.09488e-05,0.00595821,0,4,879,50,1568,875,879,324,201,30,30,10,1
993,30,1,1.02152e-05,0,0.00592705,2.09488e-05,0.00595821,0,4,872,45,1408,868,872,296,195,30,30,10,1
994,30,1,1.02152e-05,0,0.00592705,2.09488e-05,0.00595821,0.5,4,567,38,1184,563,567,253,162,30,30,10,1
995,30,1,1.02152e-05,0,0.00592705,2.09488e-05,0.00595821,0.3,4,1072,54,1696,1068,1072,317,188,30,30,10,1
996,30,1,1.02152e-05,0,0.00592705,2.09488e-05,0.00595821,0,4,893,48,1504,889,893,294,194,30,30,10,1
997,30,1,1.02152e-05,0,0.00592705,2.09488e-05,0.00595821,0.3,4,727,42,1312,723,727,243,164,30,30,10,1
998,30,1,1.02152e-05,0,0.00592705,2.09488e-05,0.00595821,0.4,4,629,39,1216,625,629,296,201,30,30,10,1
999,30,1,1.02152e-05,0,0.00592705,2.09488e-05,0.00595821,0,4,1169,52,1632,1165,1169,313,181,30,30,10,1
