query_id,pq,batch_index,approx_h2d_ms,approx_memset_ms,approx_kernel_ms,approx_d2h_ms,approx_total_ms,recall,seed_count,visited_nodes,expanded_nodes,neighbor_slots_scanned,candidate_nodes,distance_evals,frontier_pushes,result_updates,peak_frontier,peak_results,result_count,early_stopped
0,40,0,1.5334e-05,0,0.0076048,1.96758e-05,0.00763981,0.2,4,1142,61,1920,1138,1142,337,174,40,40,10,1
1,40,0,1.5334e-05,0,0.0076048,1.96758e-05,0.00763981,0,4,1084,57,1792,1080,1084,366,222,40,40,10,1
2,40,0,1.5334e-05,0,0.0076048,1.96758e-05,0.00763981,0,4,1039,51,1600,1035,1039,351,231,40,40,10,1
3,40,0,1.5334e-05,0,0.0076048,1.96758e-05,0.00763981,0.2,4,1022,72,2272,1018,1022,343,200,40,40,10,1
4,40,0,1.5334e-05,0,0.0076048,1.96758e-05,0.00763981,0,4,948,51,1600,944,948,325,217,40,40,10,1
5,40,0,1.5334e-05,0,0.0076048,1.96758e-05,0.00763981,0.1,4,1502,73,2304,1498,1502,427,254,40,40,10,1
6,40,0,1.5334e-05,0,0.0076048,1.96758e-05,0.00763981,0,4,935,50,1568,931,935,304,200,40,40,10,1
7,40,0,1.5334e-05,0,0.0076048,1.96758e-05,0.00763981,0.2,4,815,55,1728,811,815,366,241,40,40,10,1
8,40,0,1.5334e-05,0,0.0076048,1.96758e-05,0.00763981,0,4,1435,73,2304,1431,1435,373,180,40,40,10,1
9,40,0,1.5334e-05,0,0.0076048,1.96758e-05,0.00763981,0.3,4,1097,53,1664,1093,1097,327,226,40,40,10,1
10,40,0,1.5334e-05,0,0.0076048,1.96758e-05,0.00763981,0.1,4,1233,60,1888,1229,1233,338,206,40,40,10,1
11,40,0,1.5334e-05,0,0.0076048,1.96758e-05,0.00763981,0,4,1008,49,1536,1004,1008,325,216,40,40,10,1
12,40,0,1.5334e-05,0,0.0076048,1.96758e-05,0.00763981,0,4,1102,58,1824,1098,1102,331,197,40,40,10,1
13,40,0,1.5334e-05,0,0.0076048,1.96758e-05,0.00763981,0.2,4,1275,64,2016,1271,1275,371,203,40,40,10,1
14,40,0,1.5334e-05,0,0.0076048,1.96758e-05,0.00763981,0.2,4,1013,54,1696,1009,1013,340,229,40,40,10,1
15,40,0,1.5334e-05,0,0.0076048,1.96758e-05,0.00763981,0.1,4,1060,56,1760,1056,1060,308,180,40,40,10,1
16,40,0,1.5334e-05,0,0.0076048,1.96758e-05,0.00763981,0.3,4,1068,54,1696,1064,1068,359,239,40,40,10,1
17,40,0,1.5334e-05,0,0.0076048,1.96758e-05,0.00763981,0.1,4,860,50,1568,856,860,270,152,40,40,10,1
18,40,0,1.5334e-05,0,0.0076048,1.96758e-05,0.00763981,0,4,1312,67,2112,1308,1312,388,200,40,40,10,1
19,40,0,1.5334e-05,0,0.0076048,1.96758e-05,0.00763981,0.2,4,965,59,1856,961,965,286,162,40,40,10,1
20,40,0,1.5334e-05,0,0.0076048,1.96758e-05,0.00763981,0.4,4,832,50,1568,828,832,322,238,40,40,10,1
21,40,0,1.5334e-05,0,0.0076048,1.96758e-05,0.00763981,0.5,4,828,48,1504,824,828,298,186,40,40,10,1
22,40,0,1.5334e-05,0,0.0076048,1.96758e-05,0.00763981,0.1,4,977,54,1696,973,977,354,244,40,40,10,1
23,40,0,1.5334e-05,0,0.0076048,1.96758e-05,0.00763981,0.4,4,1032,60,1888,1028,1032,349,218,40,40,10,1
24,40,0,1.5334e-05,0,0.0076048,1.96758e-05,0.00763981,0.2,4,969,56,1760,965,969,319,190,40,40,10,1
25,40,0,1.5334e-05,0,0.0076048,1.96758e-05,0.00763981,0.3,4,1285,64,2016,1281,1285,410,258,40,40,10,1
26,40,0,1.5334e-05,0,0.0076048,1.96758e-05,0.00763981,0.5,4,1243,63,1984,1239,1243,345,201,40,40,10,1
27,40,0,1.5334e-05,0,0.0076048,1.96758e-05,0.00763981,0.1,4,1052,51,1600,1048,1052,323,207,40,40,10,1
28,40,0,1.5334e-05,0,0.0076048,1.96758e-05,0.00763981,0.1,4,1176,71,2240,1172,1176,380,194,40,40,10,1
29,40,0,1.5334e-05,0,0.0076048,1.96758e-05,0.00763981,0.1,4,803,52,1632,799,803,430,336,40,40,10,1
30,40,0,1.5334e-05,0,0.0076048,1.96758e-05,0.00763981,0.2,4,839,50,1568,835,839,328,219,40,40,10,1
31,40,0,1.5334e-05,0,0.0076048,1.96758e-05,0.00763981,0.5,4,974,50,1568,970,974,365,248,40,40,10,1
32,40,0,1.5334e-05,0,0.0076048,1.96758e-05,0.00763981,0.1,4,1228,64,2016,1224,1228,423,263,40,40,10,1
33,40,0,1.5334e-05,0,0.0076048,1.96758e-05,0.00763981,0.5,4,803,54,1696,799,803,321,212,40,40,10,1
34,40,0,1.5334e-05,0,0.0076048,1.96758e-05,0.00763981,0.2,4,1139,50,1568,1135,1139,332,214,40,40,10,1
35,40,0,1.5334e-05,0,0.0076048,1.96758e-05,0.00763981,0.2,4,960,49,1536,956,960,292,176,40,40,10,1
36,40,0,1.5334e-05,0,0.0076048,1.96758e-05,0.00763981,0,4,1208,60,1888,1204,1208,363,217,40,40,10,1
37,40,0,1.5334e-05,0,0.0076048,1.96758e-05,0.00763981,0.4,4,991,65,2048,987,991,400,248,40,40,10,1
38,40,0,1.5334e-05,0,0.0076048,1.96758e-05,0.00763981,0.4,4,916,54,1696,912,916,309,162,40,40,10,1
39,40,0,1.5334e-05,0,0.0076048,1.96758e-05,0.00763981,0.1,4,903,48,1504,899,903,324,216,40,40,10,1
40,40,0,1.5334e-05,0,0.0076048,1.96758e-05,0.00763981,0.4,4,814,49,1536,810,814,316,218,40,40,10,1
41,40,0,1.5334e-05,0,0.0076048,1.96758e-05,0.00763981,0,4,944,68,2144,940,944,414,285,40,40,10,1
42,40,0,1.5334e-05,0,0.0076048,1.96758e-05,0.00763981,0.2,4,944,51,1600,940,944,333,216,40,40,10,1
43,40,0,1.5334e-05,0,0.0076048,1.96758e-05,0.00763981,0.1,4,1153,61,1920,1149,1153,445,306,40,40,10,1
44,40,0,1.5334e-05,0,0.0076048,1.96758e-05,0.00763981,0.1,4,1013,66,2080,1009,1013,378,228,40,40,10,1
45,40,0,1.5334e-05,0,0.0076048,1.96758e-05,0.00763981,0,4,773,47,1472,769,773,312,227,40,40,10,1
46,40,0,1.5334e-05,0,0.0076048,1.96758e-05,0.00763981,0.2,4,1058,62,1952,1054,1058,413,261,40,40,10,1
47,40,0,1.5334e-05,0,0.0076048,1.96758e-05,0.00763981,0,4,1119,57,1792,1115,1119,327,198,40,40,10,1
48,40,0,1.5334e-05,0,0.0076048,1.96758e-05,0.00763981,0.2,4,894,54,1696,890,894,365,231,40,40,10,1
49,40,0,1.5334e-05,0,0.0076048,1.96758e-05,0.00763981,0.4,4,671,49,1536,667,671,317,213,40,40,10,1
50,40,0,1.5334e-05,0,0.0076048,1.96758e-05,0.00763981,0.6,4,1045,64,2016,1041,1045,478,330,40,40,10,1
51,40,0,1.5334e-05,0,0.0076048,1.96758e-05,0.00763981,0.2,4,971,59,1856,967,971,331,191,40,40,10,1
52,40,0,1.5334e-05,0,0.0076048,1.96758e-05,0.00763981,0.1,4,995,53,1664,991,995,390,258,40,40,10,1
53,40,0,1.5334e-05,0,0.0076048,1.96758e-05,0.00763981,0.2,4,1207,72,2272,1203,1207,432,269,40,40,10,1
54,40,0,1.5334e-05,0,0.0076048,1.96758e-05,0.00763981,0.1,4,877,76,2400,873,877,377,231,40,40,10,1
55,40,0,1.5334e-05,0,0.0076048,1.96758e-05,0.00763981,0.7,4,537,51,1600,533,537,310,227,40,40,10,1
56,40,0,1.5334e-05,0,0.0076048,1.96758e-05,0.00763981,0.1,4,856,48,1504,852,856,316,219,40,40,10,1
57,40,0,1.5334e-05,0,0.0076048,1.96758e-05,0.00763981,0.4,4,1233,62,1952,1229,1233,350,211,40,40,10,1
58,40,0,1.5334e-05,0,0.0076048,1.96758e-05,0.00763981,0.2,4,997,54,1696,993,997,320,201,40,40,10,1
59,40,0,1.5334e-05,0,0.0076048,1.96758e-05,0.00763981,0.2,4,630,62,1952,626,630,360,254,40,40,10,1
60,40,0,1.5334e-05,0,0.0076048,1.96758e-05,0.00763981,0.1,4,947,55,1728,943,947,273,152,40,40,10,1
61,40,0,1.5334e-05,0,0.0076048,1.96758e-05,0.00763981,0.4,4,674,46,1440,670,674,305,194,40,40,10,1
62,40,0,1.5334e-05,0,0.0076048,1.96758e-05,0.00763981,0.4,4,643,49,1536,639,643,279,169,40,40,10,1
63,40,0,1.5334e-05,0,0.0076048,1.96758e-05,0.00763981,0.3,4,1006,58,1824,1002,1006,300,161,40,40,10,1
64,40,0,1.5334e-05,0,0.0076048,1.96758e-05,0.00763981,0.3,4,692,55,1728,688,692,339,223,40,40,10,1
65,40,0,1.5334e-05,0,0.0076048,1.96758e-05,0.00763981,0.4,4,1001,54,1696,997,1001,387,278,40,40,10,1
66,40,0,1.5334e-05,0,0.0076048,1.96758e-05,0.00763981,0.2,4,828,63,1984,824,828,367,221,40,40,10,1
67,40,0,1.5334e-05,0,0.0076048,1.96758e-05,0.00763981,0.3,4,912,67,2112,908,912,364,221,40,40,10,1
68,40,0,1.5334e-05,0,0.0076048,1.96758e-05,0.00763981,0,4,952,49,1536,948,952,324,216,40,40,10,1
69,40,0,1.5334e-05,0,0.0076048,1.96758e-05,0.00763981,0,4,1129,53,1664,1125,1129,404,268,40,40,10,1
70,40,0,1.5334e-05,0,0.0076048,1.96758e-05,0.00763981,0.3,4,823,57,1792,819,823,375,262,40,40,10,1
71,40,0,1.5334e-05,0,0.0076048,1.96758e-05,0.00763981,0.1,4,793,47,1472,789,793,299,188,40,40,10,1
72,40,0,1.5334e-05,0,0.0076048,1.96758e-05,0.00763981,0.1,4,1302,74,2336,1298,1302,420,238,40,40,10,1
73,40,0,1.5334e-05,0,0.0076048,1.96758e-05,0.00763981,0.4,4,1063,58,1824,1059,1063,369,233,40,40,10,1
74,40,0,1.5334e-05,0,0.0076048,1.96758e-05,0.00763981,0,4,1136,56,1760,1132,1136,350,221,40,40,10,1
75,40,0,1.5334e-05,0,0.0076048,1.96758e-05,0.00763981,0.1,4,1073,63,1984,1069,1073,399,255,40,40,10,1
76,40,0,1.5334e-05,0,0.0076048,1.96758e-05,0.00763981,0.4,4,899,52,1632,895,899,353,253,40,40,10,1
77,40,0,1.5334e-05,0,0.0076048,1.96758e-05,0.00763981,0.3,4,945,49,1536,941,945,316,213,40,40,10,1
78,40,0,1.5334e-05,0,0.0076048,1.96758e-05,0.00763981,0.4,4,809,45,1408,805,809,255,170,40,40,10,1
79,40,0,1.5334e-05,0,0.0076048,1.96758e-05,0.00763981,0.2,4,1007,69,2176,1003,1007,463,323,40,40,10,1
80,40,0,1.5334e-05,0,0.0076048,1.96758e-05,0.00763981,0.5,4,1093,65,2048,1089,1093,376,224,40,40,10,1
81,40,0,1.5334e-05,0,0.0076048,1.96758e-05,0.00763981,0.2,4,1428,70,2208,1424,1428,430,247,40,40,10,1
82,40,0,1.5334e-05,0,0.0076048,1.96758e-05,0.00763981,0,4,1171,61,1920,1167,1171,413,258,40,40,10,1
83,40,0,1.5334e-05,0,0.0076048,1.96758e-05,0.00763981,0.1,4,1149,62,1952,1145,1149,376,235,40,40,10,1
84,40,0,1.5334e-05,0,0.0076048,1.96758e-05,0.00763981,0,4,1120,63,1984,1116,1120,336,172,40,40,10,1
85,40,0,1.5334e-05,0,0.0076048,1.96758e-05,0.00763981,0.6,4,636,50,1568,632,636,353,245,40,40,10,1
86,40,0,1.5334e-05,0,0.0076048,1.96758e-05,0.00763981,0.2,4,940,65,2048,936,940,411,274,40,40,10,1
87,40,0,1.5334e-05,0,0.0076048,1.96758e-05,0.00763981,0.3,4,766,58,1824,762,766,394,262,40,40,10,1
88,40,0,1.5334e-05,0,0.0076048,1.96758e-05,0.00763981,0.6,4,763,57,1792,759,763,315,193,40,40,10,1
89,40,0,1.5334e-05,0,0.0076048,1.96758e-05,0.00763981,0.4,4,928,65,2048,924,928,394,275,40,40,10,1
90,40,0,1.5334e-05,0,0.0076048,1.96758e-05,0.00763981,0.3,4,838,64,2016,834,838,370,253,40,40,10,1
91,40,0,1.5334e-05,0,0.0076048,1.96758e-05,0.00763981,0.3,4,725,48,1504,721,725,329,224,40,40,10,1
92,40,0,1.5334e-05,0,0.0076048,1.96758e-05,0.00763981,0.2,4,1205,67,2112,1201,1205,419,251,40,40,10,1
93,40,0,1.5334e-05,0,0.0076048,1.96758e-05,0.00763981,0.1,4,803,54,1696,799,803,280,161,40,40,10,1
94,40,0,1.5334e-05,0,0.0076048,1.96758e-05,0.00763981,0.3,4,659,54,1696,655,659,341,221,40,40,10,1
95,40,0,1.5334e-05,0,0.0076048,1.96758e-05,0.00763981,0.4,4,1197,71,2240,1193,1197,441,293,40,40,10,1
96,40,0,1.5334e-05,0,0.0076048,1.96758e-05,0.00763981,0,4,1071,52,1632,1067,1071,337,217,40,40,10,1
97,40,0,1.5334e-05,0,0.0076048,1.96758e-05,0.00763981,0.1,4,1407,79,2496,1403,1407,479,267,40,40,10,1
98,40,0,1.5334e-05,0,0.0076048,1.96758e-05,0.00763981,0.2,4,879,62,1952,875,879,381,243,40,40,10,1
99,40,0,1.5334e-05,0,0.0076048,1.96758e-05,0.00763981,0.1,4,1112,62,1952,1108,1112,376,211,40,40,10,1
100,40,0,1.5334e-05,0,0.0076048,1.96758e-05,0.00763981,0.2,4,1307,71,2240,1303,1307,447,266,40,40,10,1
101,40,0,1.5334e-05,0,0.0076048,1.96758e-05,0.00763981,0.4,4,787,46,1440,783,787,329,230,40,40,10,1
102,40,0,1.5334e-05,0,0.0076048,1.96758e-05,0.00763981,0.3,4,1045,54,1696,1041,1045,356,233,40,40,10,1
103,40,0,1.5334e-05,0,0.0076048,1.96758e-05,0.00763981,0.2,4,1033,67,2112,1029,1033,392,258,40,40,10,1
104,40,0,1.5334e-05,0,0.0076048,1.96758e-05,0.00763981,0.2,4,831,53,1664,827,831,375,252,40,40,10,1
105,40,0,1.5334e-05,0,0.0076048,1.96758e-05,0.00763981,0.2,4,921,58,1824,917,921,360,235,40,40,10,1
106,40,0,1.5334e-05,0,0.0076048,1.96758e-05,0.00763981,0.2,4,1135,62,1952,1131,1135,332,197,40,40,10,1
107,40,0,1.5334e-05,0,0.0076048,1.96758e-05,0.00763981,0.4,4,866,59,1856,862,866,411,281,40,40,10,1
108,40,0,1.5334e-05,0,0.0076048,1.96758e-05,0.00763981,0.3,4,552,49,1536,548,552,319,234,40,40,10,1
109,40,0,1.5334e-05,0,0.0076048,1.96758e-05,0.00763981,0.3,4,916,50,1568,912,916,358,245,40,40,10,1
110,40,0,1.5334e-05,0,0.0076048,1.96758e-05,0.00763981,0.2,4,1186,75,2368,1182,1186,436,258,40,40,10,1
111,40,0,1.5334e-05,0,0.0076048,1.96758e-05,0.00763981,0,4,1092,52,1632,1088,1092,343,221,40,40,10,1
112,40,0,1.5334e-05,0,0.0076048,1.96758e-05,0.00763981,0.6,4,553,51,1600,549,553,306,209,40,40,10,1
113,40,0,1.5334e-05,0,0.0076048,1.96758e-05,0.00763981,0.1,4,958,56,1760,954,958,367,247,40,40,10,1
114,40,0,1.5334e-05,0,0.0076048,1.96758e-05,0.00763981,0.3,4,809,50,1568,805,809,341,231,40,40,10,1
115,40,0,1.5334e-05,0,0.0076048,1.96758e-05,0.00763981,0,4,947,51,1600,943,947,290,164,40,40,10,1
116,40,0,1.5334e-05,0,0.0076048,1.96758e-05,0.00763981,0.4,4,726,66,2080,722,726,383,259,40,40,10,1
117,40,0,1.5334e-05,0,0.0076048,1.96758e-05,0.00763981,0,4,1219,63,1984,1215,1219,352,182,40,40,10,1
118,40,0,1.5334e-05,0,0.0076048,1.96758e-05,0.00763981,0.3,4,874,46,1440,870,874,276,184,40,40,10,1
119,40,0,1.5334e-05,0,0.0076048,1.96758e-05,0.00763981,0.2,4,708,57,1792,704,708,321,211,40,40,10,1
120,40,0,1.5334e-05,0,0.0076048,1.96758e-05,0.00763981,0.1,4,886,48,1504,882,886,343,241,40,40,10,1
121,40,0,1.5334e-05,0,0.0076048,1.96758e-05,0.00763981,0.1,4,1120,61,1920,1116,1120,359,225,40,40,10,1
122,40,0,1.5334e-05,0,0.0076048,1.96758e-05,0.00763981,0.4,4,967,53,1664,963,967,394,270,40,40,10,1
123,40,0,1.5334e-05,0,0.0076048,1.96758e-05,0.00763981,0.2,4,847,54,1696,843,847,311,196,40,40,10,1
124,40,0,1.5334e-05,0,0.0076048,1.96758e-05,0.00763981,0.4,4,920,50,1568,916,920,319,203,40,40,10,1
125,40,0,1.5334e-05,0,0.0076048,1.96758e-05,0.00763981,0.2,4,948,59,1856,944,948,317,179,40,40,10,1
126,40,0,1.5334e-05,0,0.0076048,1.96758e-05,0.00763981,0.2,4,1113,54,1696,1109,1113,335,223,40,40,10,1
127,40,0,1.5334e-05,0,0.0076048,1.96758e-05,0.00763981,0.4,4,867,52,1632,863,867,300,175,40,40,10,1
128,40,0,1.5334e-05,0,0.0076048,1.96758e-05,0.00763981,0.2,4,825,48,1504,821,825,315,204,40,40,10,1
129,40,0,1.5334e-05,0,0.0076048,1.96758e-05,0.00763981,0.3,4,933,60,1888,929,933,367,246,40,40,10,1
130,40,0,1.5334e-05,0,0.0076048,1.96758e-05,0.00763981,0,4,1133,61,1920,1129,1133,403,281,40,40,10,1
131,40,0,1.5334e-05,0,0.0076048,1.96758e-05,0.00763981,0.2,4,1065,64,2016,1061,1065,423,274,40,40,10,1
132,40,0,1.5334e-05,0,0.0076048,1.96758e-05,0.00763981,0.2,4,1491,73,2304,1487,1491,385,203,40,40,10,1
133,40,0,1.5334e-05,0,0.0076048,1.96758e-05,0.00763981,0.1,4,863,49,1536,859,863,297,192,40,40,10,1
134,40,0,1.5334e-05,0,0.0076048,1.96758e-05,0.00763981,0.1,4,1237,68,2144,1233,1237,450,286,40,40,10,1
135,40,0,1.5334e-05,0,0.0076048,1.96758e-05,0.00763981,0,4,1104,61,1920,1100,1104,369,216,40,40,10,1
136,40,0,1.5334e-05,0,0.0076048,1.96758e-05,0.00763981,0.5,4,1045,53,1664,1041,1045,334,207,40,40,10,1
137,40,0,1.5334e-05,0,0.0076048,1.96758e-05,0.00763981,0.4,4,960,52,1632,956,960,383,269,40,40,10,1
138,40,0,1.5334e-05,0,0.0076048,1.96758e-05,0.00763981,0.5,4,1453,75,2368,1449,1453,477,299,40,40,10,1
139,40,0,1.5334e-05,0,0.0076048,1.96758e-05,0.00763981,0.2,4,1133,64,2016,1129,1133,309,148,40,40,10,1
140,40,0,1.5334e-05,0,0.0076048,1.96758e-05,0.00763981,0,4,1427,73,2304,1423,1427,406,222,40,40,10,1
141,40,0,1.5334e-05,0,0.0076048,1.96758e-05,0.00763981,0.3,4,719,57,1792,715,719,370,273,40,40,10,1
142,40,0,1.5334e-05,0,0.0076048,1.96758e-05,0.00763981,0.1,4,988,54,1696,984,988,328,209,40,40,10,1
143,40,0,1.5334e-05,0,0.0076048,1.96758e-05,0.00763981,0.1,4,1174,70,2208,1170,1174,465,325,40,40,10,1
144,40,0,1.5334e-05,0,0.0076048,1.96758e-05,0.00763981,0.5,4,846,51,1600,842,846,295,183,40,40,10,1
145,40,0,1.5334e-05,0,0.0076048,1.96758e-05,0.00763981,0.2,4,900,53,1664,896,900,355,247,40,40,10,1
146,40,0,1.5334e-05,0,0.0076048,1.96758e-05,0.00763981,0.3,4,1028,54,1696,1024,1028,346,227,40,40,10,1
147,40,0,1.5334e-05,0,0.0076048,1.96758e-05,0.00763981,0.2,4,1122,62,1952,1118,1122,348,203,40,40,10,1
148,40,0,1.5334e-05,0,0.0076048,1.96758e-05,0.00763981,0.1,4,1073,58,1824,1069,1073,301,167,40,40,10,1
149,40,0,1.5334e-05,0,0.0076048,1.96758e-05,0.00763981,0.2,4,1442,82,2592,1438,1442,505,301,40,40,10,1
150,40,0,1.5334e-05,0,0.0076048,1.96758e-05,0.00763981,0.1,4,959,51,1600,955,959,331,196,40,40,10,1
151,40,0,1.5334e-05,0,0.0076048,1.96758e-05,0.00763981,0.2,4,757,55,1728,753,757,305,206,40,40,10,1
152,40,0,1.5334e-05,0,0.0076048,1.96758e-05,0.00763981,0.2,4,692,59,1856,688,692,307,180,40,40,10,1
153,40,0,1.5334e-05,0,0.0076048,1.96758e-05,0.00763981,0.5,4,952,54,1696,948,952,329,205,40,40,10,1
154,40,0,1.5334e-05,0,0.0076048,1.96758e-05,0.00763981,0.1,4,849,54,1696,845,849,349,227,40,40,10,1
155,40,0,1.5334e-05,0,0.0076048,1.96758e-05,0.00763981,0,4,929,45,1408,925,929,297,191,40,40,10,1
156,40,0,1.5334e-05,0,0.0076048,1.96758e-05,0.00763981,0.3,4,862,49,1536,858,862,296,188,40,40,10,1
157,40,0,1.5334e-05,0,0.0076048,1.96758e-05,0.00763981,0,4,992,48,1504,988,992,273,164,40,40,10,1
158,40,0,1.5334e-05,0,0.0076048,1.96758e-05,0.00763981,0,4,1009,48,1504,1005,1009,310,193,40,40,10,1
159,40,0,1.5334e-05,0,0.0076048,1.96758e-05,0.00763981,0,4,1055,51,1600,1051,1055,286,161,40,40,10,1
160,40,0,1.5334e-05,0,0.0076048,1.96758e-05,0.00763981,0.1,4,1102,54,1696,1098,1102,298,184,40,40,10,1
161,40,0,1.5334e-05,0,0.0076048,1.96758e-05,0.00763981,0.1,4,1177,61,1920,1173,1177,338,175,40,40,10,1
162,40,0,1.5334e-05,0,0.0076048,1.96758e-05,0.00763981,0.1,4,1051,54,1696,1047,1051,299,174,40,40,10,1
163,40,0,1.5334e-05,0,0.0076048,1.96758e-05,0.00763981,0.3,4,1133,55,1728,1129,1133,375,249,40,40,10,1
164,40,0,1.5334e-05,0,0.0076048,1.96758e-05,0.00763981,0.2,4,1199,63,1984,1195,1199,357,207,40,40,10,1
165,40,0,1.5334e-05,0,0.0076048,1.96758e-05,0.00763981,0.3,4,886,58,1824,882,886,289,171,40,40,10,1
166,40,0,1.5334e-05,0,0.0076048,1.96758e-05,0.00763981,0.2,4,929,50,1568,925,929,359,247,40,40,10,1
167,40,0,1.5334e-05,0,0.0076048,1.96758e-05,0.00763981,0.2,4,979,53,1664,975,979,319,178,40,40,10,1
168,40,0,1.5334e-05,0,0.0076048,1.96758e-05,0.00763981,0.2,4,1012,59,1856,1008,1012,314,177,40,40,10,1
169,40,0,1.5334e-05,0,0.0076048,1.96758e-05,0.00763981,0.2,4,1000,54,1696,996,1000,257,113,40,40,10,1
170,40,0,1.5334e-05,0,0.0076048,1.96758e-05,0.00763981,0.1,4,900,49,1536,896,900,288,192,40,40,10,1
171,40,0,1.5334e-05,0,0.0076048,1.96758e-05,0.00763981,0.1,4,896,53,1664,892,896,346,222,40,40,10,1
172,40,0,1.5334e-05,0,0.0076048,1.96758e-05,0.00763981,0.1,4,1364,72,2272,1360,1364,412,229,40,40,10,1
173,40,0,1.5334e-05,0,0.0076048,1.96758e-05,0.00763981,0.1,4,902,56,1760,898,902,347,227,40,40,10,1
174,40,0,1.5334e-05,0,0.0076048,1.96758e-05,0.00763981,0,4,954,52,1632,950,954,337,221,40,40,10,1
175,40,0,1.5334e-05,0,0.0076048,1.96758e-05,0.00763981,0.2,4,869,46,1440,865,869,312,204,40,40,10,1
176,40,0,1.5334e-05,0,0.0076048,1.96758e-05,0.00763981,0.1,4,963,48,1504,959,963,312,209,40,40,10,1
177,40,0,1.5334e-05,0,0.0076048,1.96758e-05,0.00763981,0.1,4,1234,68,2144,1230,1234,329,169,40,40,10,1
178,40,0,1.5334e-05,0,0.0076048,1.96758e-05,0.00763981,0.1,4,916,53,1664,912,916,292,160,40,40,10,1
179,40,0,1.5334e-05,0,0.0076048,1.96758e-05,0.00763981,0.1,4,1018,46,1440,1014,1018,308,204,40,40,10,1
180,40,0,1.5334e-05,0,0.0076048,1.96758e-05,0.00763981,0.4,4,1215,68,2144,1211,1215,463,297,40,40,10,1
181,40,0,1.5334e-05,0,0.0076048,1.96758e-05,0.00763981,0.1,4,1009,55,1728,1005,1009,312,178,40,40,10,1
182,40,0,1.5334e-05,0,0.0076048,1.96758e-05,0.00763981,0.3,4,927,55,1728,923,927,361,240,40,40,10,1
183,40,0,1.5334e-05,0,0.0076048,1.96758e-05,0.00763981,0.4,4,921,49,1536,917,921,310,222,40,40,10,1
184,40,0,1.5334e-05,0,0.0076048,1.96758e-05,0.00763981,0.1,4,1139,59,1856,1135,1139,379,242,40,40,10,1
185,40,0,1.5334e-05,0,0.0076048,1.96758e-05,0.00763981,0.4,4,635,51,1600,631,635,306,186,40,40,10,1
186,40,0,1.5334e-05,0,0.0076048,1.96758e-05,0.00763981,0.1,4,758,47,1472,754,758,306,220,40,40,10,1
187,40,0,1.5334e-05,0,0.0076048,1.96758e-05,0.00763981,0.1,4,1299,71,2240,1295,1299,384,216,40,40,10,1
188,40,0,1.5334e-05,0,0.0076048,1.96758e-05,0.00763981,0.1,4,881,51,1600,877,881,353,253,40,40,10,1
189,40,0,1.5334e-05,0,0.0076048,1.96758e-05,0.00763981,0.2,4,805,48,1504,801,805,315,203,40,40,10,1
190,40,0,1.5334e-05,0,0.0076048,1.96758e-05,0.00763981,0.2,4,725,55,1728,721,725,332,214,40,40,10,1
191,40,0,1.5334e-05,0,0.0076048,1.96758e-05,0.00763981,0,4,1081,52,1632,1077,1081,336,224,40,40,10,1
192,40,0,1.5334e-05,0,0.0076048,1.96758e-05,0.00763981,0,4,1048,50,1568,1044,1048,334,220,40,40,10,1
193,40,0,1.5334e-05,0,0.0076048,1.96758e-05,0.00763981,0.4,4,1239,64,2016,1235,1239,375,213,40,40,10,1
194,40,0,1.5334e-05,0,0.0076048,1.96758e-05,0.00763981,0.2,4,1157,56,1760,1153,1157,412,273,40,40,10,1
195,40,0,1.5334e-05,0,0.0076048,1.96758e-05,0.00763981,0.1,4,1025,48,1504,1021,1025,312,212,40,40,10,1
196,40,0,1.5334e-05,0,0.0076048,1.96758e-05,0.00763981,0,4,841,45,1408,837,841,287,184,40,40,10,1
197,40,0,1.5334e-05,0,0.0076048,1.96758e-05,0.00763981,0.2,4,927,48,1504,923,927,345,217,40,40,10,1
198,40,0,1.5334e-05,0,0.0076048,1.96758e-05,0.00763981,0.2,4,1257,82,2592,1253,1257,480,278,40,40,10,1
199,40,0,1.5334e-05,0,0.0076048,1.96758e-05,0.00763981,0.1,4,1009,49,1536,1005,1009,300,177,40,40,10,1
200,40,0,1.5334e-05,0,0.0076048,1.96758e-05,0.00763981,0.3,4,827,45,1408,823,827,277,174,40,40,10,1
201,40,0,1.5334e-05,0,0.0076048,1.96758e-05,0.00763981,0.4,4,1084,59,1856,1080,1084,362,230,40,40,10,1
202,40,0,1.5334e-05,0,0.0076048,1.96758e-05,0.00763981,0.1,4,1036,56,1760,1032,1036,351,216,40,40,10,1
203,40,0,1.5334e-05,0,0.0076048,1.96758e-05,0.00763981,0.3,4,864,60,1888,860,864,343,205,40,40,10,1
204,40,0,1.5334e-05,0,0.0076048,1.96758e-05,0.00763981,0.4,4,721,46,1440,717,721,292,184,40,40,10,1
205,40,0,1.5334e-05,0,0.0076048,1.96758e-05,0.00763981,0.2,4,970,55,1728,966,970,327,214,40,40,10,1
206,40,0,1.5334e-05,0,0.0076048,1.96758e-05,0.00763981,0.2,4,1100,68,2144,1096,1100,396,229,40,40,10,1
207,40,0,1.5334e-05,0,0.0076048,1.96758e-05,0.00763981,0.2,4,1120,70,2208,1116,1120,424,256,40,40,10,1
208,40,0,1.5334e-05,0,0.0076048,1.96758e-05,0.00763981,0,4,1349,76,2400,1345,1349,424,246,40,40,10,1
209,40,0,1.5334e-05,0,0.0076048,1.96758e-05,0.00763981,0.1,4,775,56,1760,771,775,308,185,40,40,10,1
210,40,0,1.5334e-05,0,0.0076048,1.96758e-05,0.00763981,0,4,1177,55,1728,1173,1177,320,198,40,40,10,1
211,40,0,1.5334e-05,0,0.0076048,1.96758e-05,0.00763981,0,4,828,48,1504,824,828,318,219,40,40,10,1
212,40,0,1.5334e-05,0,0.0076048,1.96758e-05,0.00763981,0.1,4,893,55,1728,889,893,369,257,40,40,10,1
213,40,0,1.5334e-05,0,0.0076048,1.96758e-05,0.00763981,0,4,1180,59,1856,1176,1180,364,200,40,40,10,1
214,40,0,1.5334e-05,0,0.0076048,1.96758e-05,0.00763981,0.1,4,1519,82,2592,1515,1519,479,277,40,40,10,1
215,40,0,1.5334e-05,0,0.0076048,1.96758e-05,0.00763981,0.2,4,1094,69,2176,1090,1094,379,241,40,40,10,1
216,40,0,1.5334e-05,0,0.0076048,1.96758e-05,0.00763981,0,4,999,56,1760,995,999,288,162,40,40,10,1
217,40,0,1.5334e-05,0,0.0076048,1.96758e-05,0.00763981,0.1,4,1192,67,2112,1188,1192,387,243,40,40,10,1
218,40,0,1.5334e-05,0,0.0076048,1.96758e-05,0.00763981,0.2,4,1122,60,1888,1118,1122,337,197,40,40,10,1
219,40,0,1.5334e-05,0,0.0076048,1.96758e-05,0.00763981,0.4,4,890,46,1440,886,890,293,197,40,40,10,1
220,40,0,1.5334e-05,0,0.0076048,1.96758e-05,0.00763981,0,4,1268,59,1856,1264,1268,395,263,40,40,10,1
221,40,0,1.5334e-05,0,0.0076048,1.96758e-05,0.00763981,0.4,4,1222,62,1952,1218,1222,371,221,40,40,10,1
222,40,0,1.5334e-05,0,0.0076048,1.96758e-05,0.00763981,0.2,4,840,45,1408,836,840,288,189,40,40,10,1
223,40,0,1.5334e-05,0,0.0076048,1.96758e-05,0.00763981,0.2,4,1230,71,2240,1226,1230,371,184,40,40,10,1
224,40,0,1.5334e-05,0,0.0076048,1.96758e-05,0.00763981,0.3,4,1112,57,1792,1108,1112,356,239,40,40,10,1
225,40,0,1.5334e-05,0,0.0076048,1.96758e-05,0.00763981,0.1,4,1395,65,2048,1391,1395,420,255,40,40,10,1
226,40,0,1.5334e-05,0,0.0076048,1.96758e-05,0.00763981,0.1,4,1194,63,1984,1190,1194,387,237,40,40,10,1
227,40,0,1.5334e-05,0,0.0076048,1.96758e-05,0.00763981,0.1,4,997,57,1792,993,997,329,174,40,40,10,1
228,40,0,1.5334e-05,0,0.0076048,1.96758e-05,0.00763981,0.1,4,1069,57,1792,1065,1069,331,202,40,40,10,1
229,40,0,1.5334e-05,0,0.0076048,1.96758e-05,0.00763981,0.1,4,972,51,1600,968,972,312,206,40,40,10,1
230,40,0,1.5334e-05,0,0.0076048,1.96758e-05,0.00763981,0.5,4,919,62,1952,915,919,345,189,40,40,10,1
231,40,0,1.5334e-05,0,0.0076048,1.96758e-05,0.00763981,0.1,4,1018,57,1792,1014,1018,376,226,40,40,10,1
232,40,0,1.5334e-05,0,0.0076048,1.96758e-05,0.00763981,0.2,4,862,61,1920,858,862,384,245,40,40,10,1
233,40,0,1.5334e-05,0,0.0076048,1.96758e-05,0.00763981,0.3,4,1192,62,1952,1188,1192,357,223,40,40,10,1
234,40,0,1.5334e-05,0,0.0076048,1.96758e-05,0.00763981,0.1,4,865,49,1536,861,865,359,264,40,40,10,1
235,40,0,1.5334e-05,0,0.0076048,1.96758e-05,0.00763981,0.2,4,874,56,1760,870,874,360,230,40,40,10,1
236,40,0,1.5334e-05,0,0.0076048,1.96758e-05,0.00763981,0.3,4,994,63,1984,990,994,346,216,40,40,10,1
237,40,0,1.5334e-05,0,0.0076048,1.96758e-05,0.00763981,0.5,4,852,52,1632,848,852,336,218,40,40,10,1
238,40,0,1.5334e-05,0,0.0076048,1.96758e-05,0.00763981,0,4,866,45,1408,862,866,300,186,40,40,10,1
239,40,0,1.5334e-05,0,0.0076048,1.96758e-05,0.00763981,0.1,4,1390,73,2304,1386,1390,373,188,40,40,10,1
240,40,0,1.5334e-05,0,0.0076048,1.96758e-05,0.00763981,0.1,4,804,44,1376,800,804,258,170,40,40,10,1
241,40,0,1.5334e-05,0,0.0076048,1.96758e-05,0.00763981,0.3,4,943,53,1664,939,943,351,235,40,40,10,1
242,40,0,1.5334e-05,0,0.0076048,1.96758e-05,0.00763981,0.1,4,1044,54,1696,1040,1044,299,170,40,40,10,1
243,40,0,1.5334e-05,0,0.0076048,1.96758e-05,0.00763981,0.2,4,916,48,1504,912,916,332,223,40,40,10,1
244,40,0,1.5334e-05,0,0.0076048,1.96758e-05,0.00763981,0,4,1294,65,2048,1290,1294,352,191,40,40,10,1
245,40,0,1.5334e-05,0,0.0076048,1.96758e-05,0.00763981,0.3,4,1010,52,1632,1006,1010,330,218,40,40,10,1
246,40,0,1.5334e-05,0,0.0076048,1.96758e-05,0.00763981,0,4,1087,53,1664,1083,1087,347,240,40,40,10,1
247,40,0,1.5334e-05,0,0.0076048,1.96758e-05,0.00763981,0.2,4,873,51,1600,869,873,334,250,40,40,10,1
248,40,0,1.5334e-05,0,0.0076048,1.96758e-05,0.00763981,0,4,1299,66,2080,1295,1299,414,252,40,40,10,1
249,40,0,1.5334e-05,0,0.0076048,1.96758e-05,0.00763981,0,4,1415,65,2048,1411,1415,405,229,40,40,10,1
250,40,0,1.5334e-05,0,0.0076048,1.96758e-05,0.00763981,0.3,4,1332,71,2240,1328,1332,406,219,40,40,10,1
251,40,0,1.5334e-05,0,0.0076048,1.96758e-05,0.00763981,0.3,4,1124,56,1760,1120,1124,351,220,40,40,10,1
252,40,0,1.5334e-05,0,0.0076048,1.96758e-05,0.00763981,0.1,4,1044,60,1888,1040,1044,344,199,40,40,10,1
253,40,0,1.5334e-05,0,0.0076048,1.96758e-05,0.00763981,0.3,4,1000,54,1696,996,1000,350,235,40,40,10,1
254,40,0,1.5334e-05,0,0.0076048,1.96758e-05,0.00763981,0,4,1337,67,2112,1333,1337,378,214,40,40,10,1
255,40,0,1.5334e-05,0,0.0076048,1.96758e-05,0.00763981,0.2,4,981,49,1536,977,981,317,211,40,40,10,1
256,40,0,1.5334e-05,0,0.0076048,1.96758e-05,0.00763981,0.3,4,1284,70,2208,1280,1284,403,241,40,40,10,1
257,40,0,1.5334e-05,0,0.0076048,1.96758e-05,0.00763981,0,4,1092,53,1664,1088,1092,349,229,40,40,10,1
258,40,0,1.5334e-05,0,0.0076048,1.96758e-05,0.00763981,0.1,4,1324,76,2400,1320,1324,425,226,40,40,10,1
259,40,0,1.5334e-05,0,0.0076048,1.96758e-05,0.00763981,0,4,1150,55,1728,1146,1150,319,187,40,40,10,1
260,40,0,1.5334e-05,0,0.0076048,1.96758e-05,0.00763981,0.1,4,1206,61,1920,1202,1206,397,245,40,40,10,1
261,40,0,1.5334e-05,0,0.0076048,1.96758e-05,0.00763981,0.2,4,1129,62,1952,1125,1129,378,241,40,40,10,1
262,40,0,1.5334e-05,0,0.0076048,1.96758e-05,0.00763981,0.3,4,929,48,1504,925,929,306,215,40,40,10,1
263,40,0,1.5334e-05,0,0.0076048,1.96758e-05,0.00763981,0.5,4,629,51,1600,625,629,318,216,40,40,10,1
264,40,0,1.5334e-05,0,0.0076048,1.96758e-05,0.00763981,0.1,4,1123,58,1824,1119,1123,373,264,40,40,10,1
265,40,0,1.5334e-05,0,0.0076048,1.96758e-05,0.00763981,0.3,4,849,58,1824,845,849,380,263,40,40,10,1
266,40,0,1.5334e-05,0,0.0076048,1.96758e-05,0.00763981,0.2,4,1067,66,2080,1063,1067,398,246,40,40,10,1
267,40,0,1.5334e-05,0,0.0076048,1.96758e-05,0.00763981,0.2,4,940,52,1632,936,940,365,254,40,40,10,1
268,40,0,1.5334e-05,0,0.0076048,1.96758e-05,0.00763981,0.2,4,1223,63,1984,1219,1223,336,180,40,40,10,1
269,40,0,1.5334e-05,0,0.0076048,1.96758e-05,0.00763981,0.3,4,1032,60,1888,1028,1032,414,283,40,40,10,1
270,40,0,1.5334e-05,0,0.0076048,1.96758e-05,0.00763981,0,4,1067,50,1568,1063,1067,293,186,40,40,10,1
271,40,0,1.5334e-05,0,0.0076048,1.96758e-05,0.00763981,0,4,1159,61,1920,1155,1159,375,240,40,40,10,1
272,40,0,1.5334e-05,0,0.0076048,1.96758e-05,0.00763981,0.3,4,1064,61,1920,1060,1064,336,196,40,40,10,1
273,40,0,1.5334e-05,0,0.0076048,1.96758e-05,0.00763981,0.3,4,1094,62,1952,1090,1094,359,217,40,40,10,1
274,40,0,1.5334e-05,0,0.0076048,1.96758e-05,0.00763981,0.1,4,1440,73,2304,1436,1440,412,225,40,40,10,1
275,40,0,1.5334e-05,0,0.0076048,1.96758e-05,0.00763981,0.2,4,1107,62,1952,1103,1107,418,254,40,40,10,1
276,40,0,1.5334e-05,0,0.0076048,1.96758e-05,0.00763981,0.1,4,875,49,1536,871,875,316,224,40,40,10,1
277,40,0,1.5334e-05,0,0.0076048,1.96758e-05,0.00763981,0.1,4,816,45,1408,812,816,269,169,40,40,10,1
278,40,0,1.5334e-05,0,0.0076048,1.96758e-05,0.00763981,0.1,4,1291,64,2016,1287,1291,391,235,40,40,10,1
279,40,0,1.5334e-05,0,0.0076048,1.96758e-05,0.00763981,0,4,1105,63,1984,1101,1105,364,218,40,40,10,1
280,40,0,1.5334e-05,0,0.0076048,1.96758e-05,0.00763981,0.2,4,1253,68,2144,1249,1253,388,221,40,40,10,1
281,40,0,1.5334e-05,0,0.0076048,1.96758e-05,0.00763981,0.1,4,1082,60,1888,1078,1082,392,258,40,40,10,1
282,40,0,1.5334e-05,0,0.0076048,1.96758e-05,0.00763981,0.1,4,932,52,1632,928,932,330,219,40,40,10,1
283,40,0,1.5334e-05,0,0.0076048,1.96758e-05,0.00763981,0,4,1353,69,2176,1349,1353,404,253,40,40,10,1
284,40,0,1.5334e-05,0,0.0076048,1.96758e-05,0.00763981,0.1,4,774,53,1664,770,774,322,214,40,40,10,1
285,40,0,1.5334e-05,0,0.0076048,1.96758e-05,0.00763981,0,4,837,47,1472,833,837,269,184,40,40,10,1
286,40,0,1.5334e-05,0,0.0076048,1.96758e-05,0.00763981,0.1,4,1248,63,1984,1244,1248,391,258,40,40,10,1
287,40,0,1.5334e-05,0,0.0076048,1.96758e-05,0.00763981,0,4,1044,51,1600,1040,1044,336,221,40,40,10,1
288,40,0,1.5334e-05,0,0.0076048,1.96758e-05,0.00763981,0,4,861,52,1632,857,861,403,279,40,40,10,1
289,40,0,1.5334e-05,0,0.0076048,1.96758e-05,0.00763981,0.3,4,1209,62,1952,1205,1209,387,245,40,40,10,1
290,40,0,1.5334e-05,0,0.0076048,1.96758e-05,0.00763981,0.1,4,1224,64,2016,1220,1224,363,227,40,40,10,1
291,40,0,1.5334e-05,0,0.0076048,1.96758e-05,0.00763981,0.3,4,953,47,1472,949,953,290,166,40,40,10,1
292,40,0,1.5334e-05,0,0.0076048,1.96758e-05,0.00763981,0.2,4,883,50,1568,879,883,329,221,40,40,10,1
293,40,0,1.5334e-05,0,0.0076048,1.96758e-05,0.00763981,0.3,4,1221,61,1920,1217,1221,406,252,40,40,10,1
294,40,0,1.5334e-05,0,0.0076048,1.96758e-05,0.00763981,0.1,4,1172,65,2048,1168,1172,405,242,40,40,10,1
295,40,0,1.5334e-05,0,0.0076048,1.96758e-05,0.00763981,0,4,963,49,1536,959,963,338,230,40,40,10,1
296,40,0,1.5334e-05,0,0.0076048,1.96758e-05,0.00763981,0.2,4,1062,53,1664,1058,1062,315,191,40,40,10,1
297,40,0,1.5334e-05,0,0.0076048,1.96758e-05,0.00763981,0.2,4,1026,56,1760,1022,1026,346,219,40,40,10,1
298,40,0,1.5334e-05,0,0.0076048,1.96758e-05,0.00763981,0.1,4,1482,69,2176,1478,1482,399,227,40,40,10,1
299,40,0,1.5334e-05,0,0.0076048,1.96758e-05,0.00763981,0,4,857,50,1568,853,857,306,200,40,40,10,1
300,40,0,1.5334e-05,0,0.0076048,1.96758e-05,0.00763981,0.1,4,1560,78,2464,1556,1560,386,194,40,40,10,1
301,40,0,1.5334e-05,0,0.0076048,1.96758e-05,0.00763981,0.1,4,1244,77,2432,1240,1244,442,261,40,40,10,1
302,40,0,1.5334e-05,0,0.0076048,1.96758e-05,0.00763981,0.1,4,1090,57,1792,1086,1090,375,235,40,40,10,1
303,40,0,1.5334e-05,0,0.0076048,1.96758e-05,0.00763981,0.1,4,873,47,1472,869,873,330,228,40,40,10,1
304,40,0,1.5334e-05,0,0.0076048,1.96758e-05,0.00763981,0,4,1086,56,1760,1082,1086,347,221,40,40,10,1
305,40,0,1.5334e-05,0,0.0076048,1.96758e-05,0.00763981,0.1,4,1162,57,1792,1158,1162,356,224,40,40,10,1
306,40,0,1.5334e-05,0,0.0076048,1.96758e-05,0.00763981,0.4,4,1299,67,2112,1295,1299,383,227,40,40,10,1
307,40,0,1.5334e-05,0,0.0076048,1.96758e-05,0.00763981,0,4,1242,62,1952,1238,1242,367,207,40,40,10,1
308,40,0,1.5334e-05,0,0.0076048,1.96758e-05,0.00763981,0.2,4,941,49,1536,937,941,318,208,40,40,10,1
309,40,0,1.5334e-05,0,0.0076048,1.96758e-05,0.00763981,0.2,4,1290,62,1952,1286,1290,372,209,40,40,10,1
310,40,0,1.5334e-05,0,0.0076048,1.96758e-05,0.00763981,0.1,4,998,53,1664,994,998,304,192,40,40,10,1
311,40,0,1.5334e-05,0,0.0076048,1.96758e-05,0.00763981,0,4,1288,70,2208,1284,1288,386,222,40,40,10,1
312,40,0,1.5334e-05,0,0.0076048,1.96758e-05,0.00763981,0.1,4,1277,61,1920,1273,1277,361,207,40,40,10,1
313,40,0,1.5334e-05,0,0.0076048,1.96758e-05,0.00763981,0.2,4,1275,65,2048,1271,1275,344,189,40,40,10,1
314,40,0,1.5334e-05,0,0.0076048,1.96758e-05,0.00763981,0.5,4,1099,59,1856,1095,1099,378,236,40,40,10,1
315,40,0,1.5334e-05,0,0.0076048,1.96758e-05,0.00763981,0.2,4,920,45,1408,916,920,278,184,40,40,10,1
316,40,0,1.5334e-05,0,0.0076048,1.96758e-05,0.00763981,0.1,4,1265,64,2016,1261,1265,388,233,40,40,10,1
317,40,0,1.5334e-05,0,0.0076048,1.96758e-05,0.00763981,0,4,1111,56,1760,1107,1111,364,235,40,40,10,1
318,40,0,1.5334e-05,0,0.0076048,1.96758e-05,0.00763981,0,4,1185,65,2048,1181,1185,436,234,40,40,10,1
319,40,0,1.5334e-05,0,0.0076048,1.96758e-05,0.00763981,0,4,1149,55,1728,1145,1149,353,214,40,40,10,1
320,40,0,1.5334e-05,0,0.0076048,1.96758e-05,0.00763981,0,4,1666,81,2560,1662,1666,430,226,40,40,10,1
321,40,0,1.5334e-05,0,0.0076048,1.96758e-05,0.00763981,0,4,1254,62,1952,1250,1254,361,213,40,40,10,1
322,40,0,1.5334e-05,0,0.0076048,1.96758e-05,0.00763981,0,4,1303,67,2112,1299,1303,379,214,40,40,10,1
323,40,0,1.5334e-05,0,0.0076048,1.96758e-05,0.00763981,0.1,4,1195,62,1952,1191,1195,371,220,40,40,10,1
324,40,0,1.5334e-05,0,0.0076048,1.96758e-05,0.00763981,0,4,1086,54,1696,1082,1086,289,177,40,40,10,1
325,40,0,1.5334e-05,0,0.0076048,1.96758e-05,0.00763981,0.2,4,1005,57,1792,1001,1005,320,195,40,40,10,1
326,40,0,1.5334e-05,0,0.0076048,1.96758e-05,0.00763981,0,4,1164,57,1792,1160,1164,356,226,40,40,10,1
327,40,0,1.5334e-05,0,0.0076048,1.96758e-05,0.00763981,0.5,4,1113,55,1728,1109,1113,320,188,40,40,10,1
328,40,0,1.5334e-05,0,0.0076048,1.96758e-05,0.00763981,0.1,4,853,48,1504,849,853,308,213,40,40,10,1
329,40,0,1.5334e-05,0,0.0076048,1.96758e-05,0.00763981,0.2,4,810,54,1696,806,810,319,203,40,40,10,1
330,40,0,1.5334e-05,0,0.0076048,1.96758e-05,0.00763981,0,4,1038,58,1824,1034,1038,344,229,40,40,10,1
331,40,0,1.5334e-05,0,0.0076048,1.96758e-05,0.00763981,0.1,4,1207,62,1952,1203,1207,373,224,40,40,10,1
332,40,0,1.5334e-05,0,0.0076048,1.96758e-05,0.00763981,0,4,1015,54,1696,1011,1015,285,151,40,40,10,1
333,40,0,1.5334e-05,0,0.0076048,1.96758e-05,0.00763981,0.2,4,1245,66,2080,1241,1245,344,190,40,40,10,1
334,40,0,1.5334e-05,0,0.0076048,1.96758e-05,0.00763981,0,4,1315,62,1952,1311,1315,409,247,40,40,10,1
335,40,0,1.5334e-05,0,0.0076048,1.96758e-05,0.00763981,0.4,4,1464,79,2496,1460,1464,451,229,40,40,10,1
336,40,0,1.5334e-05,0,0.0076048,1.96758e-05,0.00763981,0,4,1165,61,1920,1161,1165,363,224,40,40,10,1
337,40,0,1.5334e-05,0,0.0076048,1.96758e-05,0.00763981,0.1,4,1432,72,2272,1428,1432,439,273,40,40,10,1
338,40,0,1.5334e-05,0,0.0076048,1.96758e-05,0.00763981,0.2,4,1131,56,1760,1127,1131,356,229,40,40,10,1
339,40,0,1.5334e-05,0,0.0076048,1.96758e-05,0.00763981,0.2,4,1140,58,1824,1136,1140,362,226,40,40,10,1
340,40,0,1.5334e-05,0,0.0076048,1.96758e-05,0.00763981,0.1,4,957,49,1536,953,957,336,232,40,40,10,1
341,40,0,1.5334e-05,0,0.0076048,1.96758e-05,0.00763981,0.4,4,1166,60,1888,1162,1166,333,177,40,40,10,1
342,40,0,1.5334e-05,0,0.0076048,1.96758e-05,0.00763981,0.3,4,1031,54,1696,1027,1031,311,183,40,40,10,1
343,40,0,1.5334e-05,0,0.0076048,1.96758e-05,0.00763981,0.3,4,1164,61,1920,1160,1164,347,205,40,40,10,1
344,40,0,1.5334e-05,0,0.0076048,1.96758e-05,0.00763981,0,4,1289,69,2176,1285,1289,405,240,40,40,10,1
345,40,0,1.5334e-05,0,0.0076048,1.96758e-05,0.00763981,0.2,4,1141,64,2016,1137,1141,376,216,40,40,10,1
346,40,0,1.5334e-05,0,0.0076048,1.96758e-05,0.00763981,0.2,4,971,56,1760,967,971,342,222,40,40,10,1
347,40,0,1.5334e-05,0,0.0076048,1.96758e-05,0.00763981,0.2,4,966,50,1568,962,966,323,216,40,40,10,1
348,40,0,1.5334e-05,0,0.0076048,1.96758e-05,0.00763981,0.1,4,1126,55,1728,1122,1126,336,196,40,40,10,1
349,40,0,1.5334e-05,0,0.0076048,1.96758e-05,0.00763981,0.1,4,1163,63,1984,1159,1163,349,212,40,40,10,1
350,40,0,1.5334e-05,0,0.0076048,1.96758e-05,0.00763981,0.2,4,1106,61,1920,1102,1106,376,249,40,40,10,1
351,40,0,1.5334e-05,0,0.0076048,1.96758e-05,0.00763981,0.3,4,1299,70,2208,1295,1299,332,171,40,40,10,1
352,40,0,1.5334e-05,0,0.0076048,1.96758e-05,0.00763981,0.1,4,951,54,1696,947,951,320,208,40,40,10,1
353,40,0,1.5334e-05,0,0.0076048,1.96758e-05,0.00763981,0.2,4,1403,78,2464,1399,1403,416,218,40,40,10,1
354,40,0,1.5334e-05,0,0.0076048,1.96758e-05,0.00763981,0.4,4,1228,63,1984,1224,1228,401,261,40,40,10,1
355,40,0,1.5334e-05,0,0.0076048,1.96758e-05,0.00763981,0,4,1249,68,2144,1245,1249,347,158,40,40,10,1
356,40,0,1.5334e-05,0,0.0076048,1.96758e-05,0.00763981,0.3,4,989,52,1632,985,989,372,245,40,40,10,1
357,40,0,1.5334e-05,0,0.0076048,1.96758e-05,0.00763981,0.1,4,1181,73,2304,1177,1181,343,169,40,40,10,1
358,40,0,1.5334e-05,0,0.0076048,1.96758e-05,0.00763981,0.3,4,1359,65,2048,1355,1359,374,230,40,40,10,1
359,40,0,1.5334e-05,0,0.0076048,1.96758e-05,0.00763981,0.2,4,1203,62,1952,1199,1203,399,249,40,40,10,1
360,40,0,1.5334e-05,0,0.0076048,1.96758e-05,0.00763981,0,4,895,62,1952,891,895,386,256,40,40,10,1
361,40,0,1.5334e-05,0,0.0076048,1.96758e-05,0.00763981,0,4,1180,56,1760,1176,1180,328,207,40,40,10,1
362,40,0,1.5334e-05,0,0.0076048,1.96758e-05,0.00763981,0.2,4,1012,52,1632,1008,1012,317,201,40,40,10,1
363,40,0,1.5334e-05,0,0.0076048,1.96758e-05,0.00763981,0,4,836,57,1792,832,836,372,252,40,40,10,1
364,40,0,1.5334e-05,0,0.0076048,1.96758e-05,0.00763981,0.3,4,1104,54,1696,1100,1104,352,213,40,40,10,1
365,40,0,1.5334e-05,0,0.0076048,1.96758e-05,0.00763981,0.4,4,868,46,1440,864,868,329,219,40,40,10,1
366,40,0,1.5334e-05,0,0.0076048,1.96758e-05,0.00763981,0.1,4,1045,59,1856,1041,1045,374,253,40,40,10,1
367,40,0,1.5334e-05,0,0.0076048,1.96758e-05,0.00763981,0.2,4,1232,65,2048,1228,1232,402,267,40,40,10,1
368,40,0,1.5334e-05,0,0.0076048,1.96758e-05,0.00763981,0.2,4,1169,62,1952,1165,1169,352,219,40,40,10,1
369,40,0,1.5334e-05,0,0.0076048,1.96758e-05,0.00763981,0.3,4,1163,56,1760,1159,1163,368,231,40,40,10,1
370,40,0,1.5334e-05,0,0.0076048,1.96758e-05,0.00763981,0.3,4,1211,66,2080,1207,1211,370,218,40,40,10,1
371,40,0,1.5334e-05,0,0.0076048,1.96758e-05,0.00763981,0.1,4,880,45,1408,876,880,243,154,40,40,10,1
372,40,0,1.5334e-05,0,0.0076048,1.96758e-05,0.00763981,0.2,4,843,48,1504,839,843,324,215,40,40,10,1
373,40,0,1.5334e-05,0,0.0076048,1.96758e-05,0.00763981,0,4,789,49,1536,785,789,283,182,40,40,10,1
374,40,0,1.5334e-05,0,0.0076048,1.96758e-05,0.00763981,0.1,4,861,53,1664,857,861,379,265,40,40,10,1
375,40,0,1.5334e-05,0,0.0076048,1.96758e-05,0.00763981,0.2,4,1262,61,1920,1258,1262,342,180,40,40,10,1
376,40,0,1.5334e-05,0,0.0076048,1.96758e-05,0.00763981,0,4,1147,60,1888,1143,1147,370,238,40,40,10,1
377,40,0,1.5334e-05,0,0.0076048,1.96758e-05,0.00763981,0,4,1111,64,2016,1107,1111,396,234,40,40,10,1
378,40,0,1.5334e-05,0,0.0076048,1.96758e-05,0.00763981,0.2,4,897,46,1440,893,897,299,192,40,40,10,1
379,40,0,1.5334e-05,0,0.0076048,1.96758e-05,0.00763981,0,4,1128,53,1664,1124,1128,363,245,40,40,10,1
380,40,0,1.5334e-05,0,0.0076048,1.96758e-05,0.00763981,0.2,4,856,51,1600,852,856,310,197,40,40,10,1
381,40,0,1.5334e-05,0,0.0076048,1.96758e-05,0.00763981,0.1,4,972,50,1568,968,972,263,129,40,40,10,1
382,40,0,1.5334e-05,0,0.0076048,1.96758e-05,0.00763981,0.2,4,968,50,1568,964,968,327,202,40,40,10,1
383,40,0,1.5334e-05,0,0.0076048,1.96758e-05,0.00763981,0.1,4,1127,59,1856,1123,1127,342,185,40,40,10,1
384,40,0,1.5334e-05,0,0.0076048,1.96758e-05,0.00763981,0,4,959,49,1536,955,959,306,204,40,40,10,1
385,40,0,1.5334e-05,0,0.0076048,1.96758e-05,0.00763981,0,4,1408,68,2144,1404,1408,411,262,40,40,10,1
386,40,0,1.5334e-05,0,0.0076048,1.96758e-05,0.00763981,0.3,4,1138,61,1920,1134,1138,298,166,40,40,10,1
387,40,0,1.5334e-05,0,0.0076048,1.96758e-05,0.00763981,0.3,4,1033,52,1632,1029,1033,299,169,40,40,10,1
388,40,0,1.5334e-05,0,0.0076048,1.96758e-05,0.00763981,0.1,4,1371,73,2304,1367,1371,405,247,40,40,10,1
389,40,0,1.5334e-05,0,0.0076048,1.96758e-05,0.00763981,0,4,1386,74,2336,1382,1386,367,186,40,40,10,1
390,40,0,1.5334e-05,0,0.0076048,1.96758e-05,0.00763981,0,4,1207,58,1824,1203,1207,383,231,40,40,10,1
391,40,0,1.5334e-05,0,0.0076048,1.96758e-05,0.00763981,0.3,4,849,45,1408,845,849,253,160,40,40,10,1
392,40,0,1.5334e-05,0,0.0076048,1.96758e-05,0.00763981,0.3,4,1249,66,2080,1245,1249,417,268,40,40,10,1
393,40,0,1.5334e-05,0,0.0076048,1.96758e-05,0.00763981,0,4,865,50,1568,861,865,321,223,40,40,10,1
394,40,0,1.5334e-05,0,0.0076048,1.96758e-05,0.00763981,0.3,4,804,48,1504,800,804,267,145,40,40,10,1
395,40,0,1.5334e-05,0,0.0076048,1.96758e-05,0.00763981,0.2,4,1264,67,2112,1260,1264,384,233,40,40,10,1
396,40,0,1.5334e-05,0,0.0076048,1.96758e-05,0.00763981,0.1,4,993,50,1568,989,993,294,172,40,40,10,1
397,40,0,1.5334e-05,0,0.0076048,1.96758e-05,0.00763981,0.1,4,947,46,1440,943,947,275,157,40,40,10,1
398,40,0,1.5334e-05,0,0.0076048,1.96758e-05,0.00763981,0.2,4,1255,66,2080,1251,1255,368,200,40,40,10,1
399,40,0,1.5334e-05,0,0.0076048,1.96758e-05,0.00763981,0.6,4,764,49,1536,760,764,294,174,40,40,10,1
400,40,0,1.5334e-05,0,0.0076048,1.96758e-05,0.00763981,0.3,4,995,60,1888,991,995,343,207,40,40,10,1
401,40,0,1.5334e-05,0,0.0076048,1.96758e-05,0.00763981,0,4,1180,55,1728,1176,1180,315,192,40,40,10,1
402,40,0,1.5334e-05,0,0.0076048,1.96758e-05,0.00763981,0,4,1652,81,2560,1648,1652,416,213,40,40,10,1
403,40,0,1.5334e-05,0,0.0076048,1.96758e-05,0.00763981,0.1,4,1156,62,1952,1152,1156,345,222,40,40,10,1
404,40,0,1.5334e-05,0,0.0076048,1.96758e-05,0.00763981,0.2,4,1044,55,1728,1040,1044,377,264,40,40,10,1
405,40,0,1.5334e-05,0,0.0076048,1.96758e-05,0.00763981,0.1,4,1028,51,1600,1024,1028,320,203,40,40,10,1
406,40,0,1.5334e-05,0,0.0076048,1.96758e-05,0.00763981,0.2,4,1232,62,1952,1228,1232,390,258,40,40,10,1
407,40,0,1.5334e-05,0,0.0076048,1.96758e-05,0.00763981,0.1,4,1080,61,1920,1076,1080,321,180,40,40,10,1
408,40,0,1.5334e-05,0,0.0076048,1.96758e-05,0.00763981,0.4,4,904,48,1504,900,904,311,195,40,40,10,1
409,40,0,1.5334e-05,0,0.0076048,1.96758e-05,0.00763981,0.2,4,1106,57,1792,1102,1106,344,206,40,40,10,1
410,40,0,1.5334e-05,0,0.0076048,1.96758e-05,0.00763981,0.2,4,915,47,1472,911,915,275,165,40,40,10,1
411,40,0,1.5334e-05,0,0.0076048,1.96758e-05,0.00763981,0.1,4,1088,55,1728,1084,1088,346,230,40,40,10,1
412,40,0,1.5334e-05,0,0.0076048,1.96758e-05,0.00763981,0.2,4,1019,59,1856,1015,1019,322,180,40,40,10,1
413,40,0,1.5334e-05,0,0.0076048,1.96758e-05,0.00763981,0.2,4,1152,54,1696,1148,1152,338,205,40,40,10,1
414,40,0,1.5334e-05,0,0.0076048,1.96758e-05,0.00763981,0.2,4,1398,66,2080,1394,1398,375,211,40,40,10,1
415,40,0,1.5334e-05,0,0.0076048,1.96758e-05,0.00763981,0.1,4,1286,65,2048,1282,1286,362,202,40,40,10,1
416,40,0,1.5334e-05,0,0.0076048,1.96758e-05,0.00763981,0.1,4,753,46,1440,749,753,288,193,40,40,10,1
417,40,0,1.5334e-05,0,0.0076048,1.96758e-05,0.00763981,0.1,4,880,46,1440,876,880,308,212,40,40,10,1
418,40,0,1.5334e-05,0,0.0076048,1.96758e-05,0.00763981,0,4,977,51,1600,973,977,324,190,40,40,10,1
419,40,0,1.5334e-05,0,0.0076048,1.96758e-05,0.00763981,0,4,987,47,1472,983,987,309,187,40,40,10,1
420,40,0,1.5334e-05,0,0.0076048,1.96758e-05,0.00763981,0.4,4,1246,69,2176,1242,1246,394,236,40,40,10,1
421,40,0,1.5334e-05,0,0.0076048,1.96758e-05,0.00763981,0.1,4,1057,58,1824,1053,1057,324,196,40,40,10,1
422,40,0,1.5334e-05,0,0.0076048,1.96758e-05,0.00763981,0.3,4,1020,58,1824,1016,1020,353,229,40,40,10,1
423,40,0,1.5334e-05,0,0.0076048,1.96758e-05,0.00763981,0.1,4,1119,60,1888,1115,1119,371,242,40,40,10,1
424,40,0,1.5334e-05,0,0.0076048,1.96758e-05,0.00763981,0,4,1125,58,1824,1121,1125,351,206,40,40,10,1
425,40,0,1.5334e-05,0,0.0076048,1.96758e-05,0.00763981,0.2,4,1086,53,1664,1082,1086,352,235,40,40,10,1
426,40,0,1.5334e-05,0,0.0076048,1.96758e-05,0.00763981,0,4,977,48,1504,973,977,326,228,40,40,10,1
427,40,0,1.5334e-05,0,0.0076048,1.96758e-05,0.00763981,0.1,4,969,50,1568,965,969,295,182,40,40,10,1
428,40,0,1.5334e-05,0,0.0076048,1.96758e-05,0.00763981,0,4,965,50,1568,961,965,315,192,40,40,10,1
429,40,0,1.5334e-05,0,0.0076048,1.96758e-05,0.00763981,0.2,4,1221,61,1920,1217,1221,392,222,40,40,10,1
430,40,0,1.5334e-05,0,0.0076048,1.96758e-05,0.00763981,0,4,932,48,1504,928,932,378,261,40,40,10,1
431,40,0,1.5334e-05,0,0.0076048,1.96758e-05,0.00763981,0,4,1149,58,1824,1145,1149,343,210,40,40,10,1
432,40,0,1.5334e-05,0,0.0076048,1.96758e-05,0.00763981,0.3,4,977,50,1568,973,977,337,223,40,40,10,1
433,40,0,1.5334e-05,0,0.0076048,1.96758e-05,0.00763981,0.3,4,1013,50,1568,1009,1013,288,171,40,40,10,1
434,40,0,1.5334e-05,0,0.0076048,1.96758e-05,0.00763981,0.3,4,1059,51,1600,1055,1059,332,227,40,40,10,1
435,40,0,1.5334e-05,0,0.0076048,1.96758e-05,0.00763981,0,4,893,47,1472,889,893,293,191,40,40,10,1
436,40,0,1.5334e-05,0,0.0076048,1.96758e-05,0.00763981,0.6,4,1476,80,2528,1472,1476,405,230,40,40,10,1
437,40,0,1.5334e-05,0,0.0076048,1.96758e-05,0.00763981,0.5,4,1292,63,1984,1288,1292,352,201,40,40,10,1
438,40,0,1.5334e-05,0,0.0076048,1.96758e-05,0.00763981,0,4,1238,65,2048,1234,1238,373,205,40,40,10,1
439,40,0,1.5334e-05,0,0.0076048,1.96758e-05,0.00763981,0.1,4,1126,60,1888,1122,1126,323,189,40,40,10,1
440,40,0,1.5334e-05,0,0.0076048,1.96758e-05,0.00763981,0.5,4,1187,59,1856,1183,1187,377,225,40,40,10,1
441,40,0,1.5334e-05,0,0.0076048,1.96758e-05,0.00763981,0.1,4,1131,66,2080,1127,1131,375,229,40,40,10,1
442,40,0,1.5334e-05,0,0.0076048,1.96758e-05,0.00763981,0.1,4,826,47,1472,822,826,321,232,40,40,10,1
443,40,0,1.5334e-05,0,0.0076048,1.96758e-05,0.00763981,0.1,4,1152,65,2048,1148,1152,364,190,40,40,10,1
444,40,0,1.5334e-05,0,0.0076048,1.96758e-05,0.00763981,0,4,1162,54,1696,1158,1162,331,208,40,40,10,1
445,40,0,1.5334e-05,0,0.0076048,1.96758e-05,0.00763981,0.2,4,1036,51,1600,1032,1036,318,219,40,40,10,1
446,40,0,1.5334e-05,0,0.0076048,1.96758e-05,0.00763981,0,4,1149,62,1952,1145,1149,349,214,40,40,10,1
447,40,0,1.5334e-05,0,0.0076048,1.96758e-05,0.00763981,0.1,4,1031,49,1536,1027,1031,316,197,40,40,10,1
448,40,0,1.5334e-05,0,0.0076048,1.96758e-05,0.00763981,0,4,874,48,1504,870,874,320,220,40,40,10,1
449,40,0,1.5334e-05,0,0.0076048,1.96758e-05,0.00763981,0.4,4,1039,70,2208,1035,1039,412,264,40,40,10,1
450,40,0,1.5334e-05,0,0.0076048,1.96758e-05,0.00763981,0.4,4,1167,67,2112,1163,1167,371,203,40,40,10,1
451,40,0,1.5334e-05,0,0.0076048,1.96758e-05,0.00763981,0.1,4,990,50,1568,986,990,321,201,40,40,10,1
452,40,0,1.5334e-05,0,0.0076048,1.96758e-05,0.00763981,0.1,4,1432,69,2176,1428,1432,392,234,40,40,10,1
453,40,0,1.5334e-05,0,0.0076048,1.96758e-05,0.00763981,0.2,4,1085,48,1504,1081,1085,292,185,40,40,10,1
454,40,0,1.5334e-05,0,0.0076048,1.96758e-05,0.00763981,0.1,4,1233,64,2016,1229,1233,373,212,40,40,10,1
455,40,0,1.5334e-05,0,0.0076048,1.96758e-05,0.00763981,0,4,1245,63,1984,1241,1245,390,247,40,40,10,1
456,40,0,1.5334e-05,0,0.0076048,1.96758e-05,0.00763981,0,4,1057,57,1792,1053,1057,342,191,40,40,10,1
457,40,0,1.5334e-05,0,0.0076048,1.96758e-05,0.00763981,0.4,4,1087,56,1760,1083,1087,340,203,40,40,10,1
458,40,0,1.5334e-05,0,0.0076048,1.96758e-05,0.00763981,0.3,4,1010,57,1792,1006,1010,350,220,40,40,10,1
459,40,0,1.5334e-05,0,0.0076048,1.96758e-05,0.00763981,0.1,4,1202,61,1920,1198,1202,371,243,40,40,10,1
460,40,0,1.5334e-05,0,0.0076048,1.96758e-05,0.00763981,0.1,4,1004,53,1664,1000,1004,304,187,40,40,10,1
461,40,0,1.5334e-05,0,0.0076048,1.96758e-05,0.00763981,0.3,4,1073,51,1600,1069,1073,361,252,40,40,10,1
462,40,0,1.5334e-05,0,0.0076048,1.96758e-05,0.00763981,0.1,4,906,60,1888,902,906,361,229,40,40,10,1
463,40,0,1.5334e-05,0,0.0076048,1.96758e-05,0.00763981,0.1,4,875,57,1792,871,875,360,234,40,40,10,1
464,40,0,1.5334e-05,0,0.0076048,1.96758e-05,0.00763981,0.2,4,884,54,1696,880,884,356,238,40,40,10,1
465,40,0,1.5334e-05,0,0.0076048,1.96758e-05,0.00763981,0,4,744,48,1504,740,744,300,203,40,40,10,1
466,40,0,1.5334e-05,0,0.0076048,1.96758e-05,0.00763981,0.1,4,898,47,1472,894,898,307,217,40,40,10,1
467,40,0,1.5334e-05,0,0.0076048,1.96758e-05,0.00763981,0.3,4,1096,52,1632,1092,1096,368,265,40,40,10,1
468,40,0,1.5334e-05,0,0.0076048,1.96758e-05,0.00763981,0,4,1067,51,1600,1063,1067,296,169,40,40,10,1
469,40,0,1.5334e-05,0,0.0076048,1.96758e-05,0.00763981,0.2,4,804,49,1536,800,804,320,231,40,40,10,1
470,40,0,1.5334e-05,0,0.0076048,1.96758e-05,0.00763981,0,4,1046,62,1952,1042,1046,352,226,40,40,10,1
471,40,0,1.5334e-05,0,0.0076048,1.96758e-05,0.00763981,0.4,4,945,49,1536,941,945,326,210,40,40,10,1
472,40,0,1.5334e-05,0,0.0076048,1.96758e-05,0.00763981,0,4,934,54,1696,930,934,305,203,40,40,10,1
473,40,0,1.5334e-05,0,0.0076048,1.96758e-05,0.00763981,0.4,4,962,60,1888,958,962,370,239,40,40,10,1
474,40,0,1.5334e-05,0,0.0076048,1.96758e-05,0.00763981,0.4,4,1050,58,1824,1046,1050,314,168,40,40,10,1
475,40,0,1.5334e-05,0,0.0076048,1.96758e-05,0.00763981,0.4,4,956,59,1856,952,956,370,227,40,40,10,1
476,40,0,1.5334e-05,0,0.0076048,1.96758e-05,0.00763981,0,4,934,60,1888,930,934,338,200,40,40,10,1
477,40,0,1.5334e-05,0,0.0076048,1.96758e-05,0.00763981,0.3,4,1091,69,2176,1087,1091,384,221,40,40,10,1
478,40,0,1.5334e-05,0,0.0076048,1.96758e-05,0.00763981,0.4,4,579,61,1920,575,579,313,185,40,40,10,1
479,40,0,1.5334e-05,0,0.0076048,1.96758e-05,0.00763981,0.2,4,946,58,1824,942,946,359,216,40,40,10,1
480,40,0,1.5334e-05,0,0.0076048,1.96758e-05,0.00763981,0.6,4,476,51,1600,472,476,338,252,40,40,10,1
481,40,0,1.5334e-05,0,0.0076048,1.96758e-05,0.00763981,0.1,4,926,63,1984,922,926,372,237,40,40,10,1
482,40,0,1.5334e-05,0,0.0076048,1.96758e-05,0.00763981,0.2,4,931,61,1920,927,931,387,259,40,40,10,1
483,40,0,1.5334e-05,0,0.0076048,1.96758e-05,0.00763981,0.3,4,1548,76,2400,1544,1548,428,247,40,40,10,1
484,40,0,1.5334e-05,0,0.0076048,1.96758e-05,0.00763981,0.3,4,1049,66,2080,1045,1049,379,208,40,40,10,1
485,40,0,1.5334e-05,0,0.0076048,1.96758e-05,0.00763981,0.5,4,785,56,1760,781,785,343,227,40,40,10,1
486,40,0,1.5334e-05,0,0.0076048,1.96758e-05,0.00763981,0.5,4,1363,73,2304,1359,1363,460,293,40,40,10,1
487,40,0,1.5334e-05,0,0.0076048,1.96758e-05,0.00763981,0.2,4,985,57,1792,981,985,367,234,40,40,10,1
488,40,0,1.5334e-05,0,0.0076048,1.96758e-05,0.00763981,0.3,4,976,53,1664,972,976,367,254,40,40,10,1
489,40,0,1.5334e-05,0,0.0076048,1.96758e-05,0.00763981,0.1,4,1433,72,2272,1429,1433,415,255,40,40,10,1
490,40,0,1.5334e-05,0,0.0076048,1.96758e-05,0.00763981,0.1,4,962,55,1728,958,962,318,192,40,40,10,1
491,40,0,1.5334e-05,0,0.0076048,1.96758e-05,0.00763981,0.2,4,1234,72,2272,1230,1234,421,244,40,40,10,1
492,40,0,1.5334e-05,0,0.0076048,1.96758e-05,0.00763981,0.2,4,935,51,1600,931,935,364,259,40,40,10,1
493,40,0,1.5334e-05,0,0.0076048,1.96758e-05,0.00763981,0.5,4,766,61,1920,762,766,324,193,40,40,10,1
494,40,0,1.5334e-05,0,0.0076048,1.96758e-05,0.00763981,0.3,4,990,57,1792,986,990,342,205,40,40,10,1
495,40,0,1.5334e-05,0,0.0076048,1.96758e-05,0.00763981,0.3,4,883,62,1952,879,883,342,190,40,40,10,1
496,40,0,1.5334e-05,0,0.0076048,1.96758e-05,0.00763981,0.3,4,839,63,1984,835,839,381,243,40,40,10,1
497,40,0,1.5334e-05,0,0.0076048,1.96758e-05,0.00763981,0.1,4,1070,53,1664,1066,1070,328,196,40,40,10,1
498,40,0,1.5334e-05,0,0.0076048,1.96758e-05,0.00763981,0.1,4,1091,68,2144,1087,1091,358,209,40,40,10,1
499,40,0,1.5334e-05,0,0.0076048,1.96758e-05,0.00763981,0.1,4,957,55,1728,953,957,307,183,40,40,10,1
500,40,0,1.5334e-05,0,0.0076048,1.96758e-05,0.00763981,0,4,928,47,1472,924,928,289,165,40,40,10,1
501,40,0,1.5334e-05,0,0.0076048,1.96758e-05,0.00763981,0.2,4,1322,68,2144,1318,1322,390,204,40,40,10,1
502,40,0,1.5334e-05,0,0.0076048,1.96758e-05,0.00763981,0.6,4,765,55,1728,761,765,348,230,40,40,10,1
503,40,0,1.5334e-05,0,0.0076048,1.96758e-05,0.00763981,0.3,4,957,49,1536,953,957,348,235,40,40,10,1
504,40,0,1.5334e-05,0,0.0076048,1.96758e-05,0.00763981,0.2,4,831,54,1696,827,831,314,189,40,40,10,1
505,40,0,1.5334e-05,0,0.0076048,1.96758e-05,0.00763981,0.1,4,1025,60,1888,1021,1025,350,215,40,40,10,1
506,40,0,1.5334e-05,0,0.0076048,1.96758e-05,0.00763981,0.6,4,1071,58,1824,1067,1071,321,179,40,40,10,1
507,40,0,1.5334e-05,0,0.0076048,1.96758e-05,0.00763981,0.1,4,823,47,1472,819,823,318,209,40,40,10,1
508,40,0,1.5334e-05,0,0.0076048,1.96758e-05,0.00763981,0,4,1328,70,2208,1324,1328,369,201,40,40,10,1
509,40,0,1.5334e-05,0,0.0076048,1.96758e-05,0.00763981,0.1,4,761,51,1600,757,761,292,190,40,40,10,1
510,40,0,1.5334e-05,0,0.0076048,1.96758e-05,0.00763981,0.2,4,854,61,1920,850,854,409,266,40,40,10,1
511,40,0,1.5334e-05,0,0.0076048,1.96758e-05,0.00763981,0,4,1070,53,1664,1066,1070,333,211,40,40,10,1
512,40,1,9.7623e-06,0,0.00838317,1.6623e-05,0.00840955,0,4,1268,70,2208,1264,1268,399,215,40,40,10,1
513,40,1,9.7623e-06,0,0.00838317,1.6623e-05,0.00840955,0,4,1109,65,2048,1105,1109,348,205,40,40,10,1
514,40,1,9.7623e-06,0,0.00838317,1.6623e-05,0.00840955,0.1,4,590,54,1696,586,590,315,207,40,40,10,1
515,40,1,9.7623e-06,0,0.00838317,1.6623e-05,0.00840955,0.1,4,1173,60,1888,1169,1173,339,194,40,40,10,1
516,40,1,9.7623e-06,0,0.00838317,1.6623e-05,0.00840955,0.2,4,1250,72,2272,1246,1250,449,266,40,40,10,1
517,40,1,9.7623e-06,0,0.00838317,1.6623e-05,0.00840955,0.1,4,610,66,2080,606,610,321,206,40,40,10,1
518,40,1,9.7623e-06,0,0.00838317,1.6623e-05,0.00840955,0.3,4,905,65,2048,901,905,322,168,40,40,10,1
519,40,1,9.7623e-06,0,0.00838317,1.6623e-05,0.00840955,0,4,1210,60,1888,1206,1210,384,251,40,40,10,1
520,40,1,9.7623e-06,0,0.00838317,1.6623e-05,0.00840955,0.1,4,882,55,1728,878,882,298,192,40,40,10,1
521,40,1,9.7623e-06,0,0.00838317,1.6623e-05,0.00840955,0.3,4,652,54,1696,648,652,375,287,40,40,10,1
522,40,1,9.7623e-06,0,0.00838317,1.6623e-05,0.00840955,0,4,985,58,1824,981,985,391,258,40,40,10,1
523,40,1,9.7623e-06,0,0.00838317,1.6623e-05,0.00840955,0.4,4,840,47,1472,836,840,304,202,40,40,10,1
524,40,1,9.7623e-06,0,0.00838317,1.6623e-05,0.00840955,0.1,4,1185,67,2112,1181,1185,392,225,40,40,10,1
525,40,1,9.7623e-06,0,0.00838317,1.6623e-05,0.00840955,0.5,4,1355,69,2176,1351,1355,385,207,40,40,10,1
526,40,1,9.7623e-06,0,0.00838317,1.6623e-05,0.00840955,0.3,4,834,52,1632,830,834,341,220,40,40,10,1
527,40,1,9.7623e-06,0,0.00838317,1.6623e-05,0.00840955,0.4,4,783,53,1664,779,783,345,240,40,40,10,1
528,40,1,9.7623e-06,0,0.00838317,1.6623e-05,0.00840955,0.1,4,1425,69,2176,1421,1425,426,261,40,40,10,1
529,40,1,9.7623e-06,0,0.00838317,1.6623e-05,0.00840955,0,4,901,54,1696,897,901,319,208,40,40,10,1
530,40,1,9.7623e-06,0,0.00838317,1.6623e-05,0.00840955,0.2,4,1016,59,1856,1012,1016,373,237,40,40,10,1
531,40,1,9.7623e-06,0,0.00838317,1.6623e-05,0.00840955,0,4,1298,72,2272,1294,1298,422,249,40,40,10,1
532,40,1,9.7623e-06,0,0.00838317,1.6623e-05,0.00840955,0.4,4,574,61,1920,570,574,315,210,40,40,10,1
533,40,1,9.7623e-06,0,0.00838317,1.6623e-05,0.00840955,0.1,4,1050,62,1952,1046,1050,374,227,40,40,10,1
534,40,1,9.7623e-06,0,0.00838317,1.6623e-05,0.00840955,0.1,4,1171,61,1920,1167,1171,393,259,40,40,10,1
535,40,1,9.7623e-06,0,0.00838317,1.6623e-05,0.00840955,0,4,1260,64,2016,1256,1260,373,220,40,40,10,1
536,40,1,9.7623e-06,0,0.00838317,1.6623e-05,0.00840955,0.4,4,1063,62,1952,1059,1063,374,233,40,40,10,1
537,40,1,9.7623e-06,0,0.00838317,1.6623e-05,0.00840955,0.1,4,1001,48,1504,997,1001,344,249,40,40,10,1
538,40,1,9.7623e-06,0,0.00838317,1.6623e-05,0.00840955,0,4,963,52,1632,959,963,311,206,40,40,10,1
539,40,1,9.7623e-06,0,0.00838317,1.6623e-05,0.00840955,0.1,4,1152,55,1728,1148,1152,361,239,40,40,10,1
540,40,1,9.7623e-06,0,0.00838317,1.6623e-05,0.00840955,0.7,4,959,54,1696,955,959,334,195,40,40,10,1
541,40,1,9.7623e-06,0,0.00838317,1.6623e-05,0.00840955,0.2,4,1141,54,1696,1137,1141,325,192,40,40,10,1
542,40,1,9.7623e-06,0,0.00838317,1.6623e-05,0.00840955,0.1,4,1116,52,1632,1112,1116,361,251,40,40,10,1
543,40,1,9.7623e-06,0,0.00838317,1.6623e-05,0.00840955,0.1,4,1018,58,1824,1014,1018,348,214,40,40,10,1
544,40,1,9.7623e-06,0,0.00838317,1.6623e-05,0.00840955,0.2,4,1188,63,1984,1184,1188,361,202,40,40,10,1
545,40,1,9.7623e-06,0,0.00838317,1.6623e-05,0.00840955,0.2,4,1055,56,1760,1051,1055,382,255,40,40,10,1
546,40,1,9.7623e-06,0,0.00838317,1.6623e-05,0.00840955,0,4,1448,73,2304,1444,1448,406,230,40,40,10,1
547,40,1,9.7623e-06,0,0.00838317,1.6623e-05,0.00840955,0.1,4,1257,56,1760,1253,1257,380,245,40,40,10,1
548,40,1,9.7623e-06,0,0.00838317,1.6623e-05,0.00840955,0,4,1159,63,1984,1155,1159,391,243,40,40,10,1
549,40,1,9.7623e-06,0,0.00838317,1.6623e-05,0.00840955,0.4,4,1204,68,2144,1200,1204,366,210,40,40,10,1
550,40,1,9.7623e-06,0,0.00838317,1.6623e-05,0.00840955,0.1,4,959,64,2016,955,959,292,136,40,40,10,1
551,40,1,9.7623e-06,0,0.00838317,1.6623e-05,0.00840955,0.2,4,1236,61,1920,1232,1236,358,214,40,40,10,1
552,40,1,9.7623e-06,0,0.00838317,1.6623e-05,0.00840955,0.2,4,1150,66,2080,1146,1150,360,206,40,40,10,1
553,40,1,9.7623e-06,0,0.00838317,1.6623e-05,0.00840955,0.2,4,997,52,1632,993,997,344,230,40,40,10,1
554,40,1,9.7623e-06,0,0.00838317,1.6623e-05,0.00840955,0,4,974,65,2048,970,974,376,219,40,40,10,1
555,40,1,9.7623e-06,0,0.00838317,1.6623e-05,0.00840955,0.2,4,1156,62,1952,1152,1156,402,264,40,40,10,1
556,40,1,9.7623e-06,0,0.00838317,1.6623e-05,0.00840955,0.2,4,855,44,1376,851,855,307,196,40,40,10,1
557,40,1,9.7623e-06,0,0.00838317,1.6623e-05,0.00840955,0.4,4,820,48,1504,816,820,343,245,40,40,10,1
558,40,1,9.7623e-06,0,0.00838317,1.6623e-05,0.00840955,0.1,4,1120,58,1824,1116,1120,280,153,40,40,10,1
559,40,1,9.7623e-06,0,0.00838317,1.6623e-05,0.00840955,0.3,4,1075,54,1696,1071,1075,370,258,40,40,10,1
560,40,1,9.7623e-06,0,0.00838317,1.6623e-05,0.00840955,0,4,1375,78,2464,1371,1375,449,281,40,40,10,1
561,40,1,9.7623e-06,0,0.00838317,1.6623e-05,0.00840955,0.3,4,893,47,1472,889,893,318,225,40,40,10,1
562,40,1,9.7623e-06,0,0.00838317,1.6623e-05,0.00840955,0.1,4,968,58,1824,964,968,298,171,40,40,10,1
563,40,1,9.7623e-06,0,0.00838317,1.6623e-05,0.00840955,0,4,1153,55,1728,1149,1153,306,173,40,40,10,1
564,40,1,9.7623e-06,0,0.00838317,1.6623e-05,0.00840955,0.1,4,900,51,1600,896,900,364,246,40,40,10,1
565,40,1,9.7623e-06,0,0.00838317,1.6623e-05,0.00840955,0.1,4,1252,62,1952,1248,1252,385,245,40,40,10,1
566,40,1,9.7623e-06,0,0.00838317,1.6623e-05,0.00840955,0.1,4,1031,60,1888,1027,1031,382,244,40,40,10,1
567,40,1,9.7623e-06,0,0.00838317,1.6623e-05,0.00840955,0.2,4,1057,66,2080,1053,1057,383,235,40,40,10,1
568,40,1,9.7623e-06,0,0.00838317,1.6623e-05,0.00840955,0.3,4,1093,51,1600,1089,1093,361,234,40,40,10,1
569,40,1,9.7623e-06,0,0.00838317,1.6623e-05,0.00840955,0.6,4,815,59,1856,811,815,426,300,40,40,10,1
570,40,1,9.7623e-06,0,0.00838317,1.6623e-05,0.00840955,0.3,4,971,51,1600,967,971,365,253,40,40,10,1
571,40,1,9.7623e-06,0,0.00838317,1.6623e-05,0.00840955,0.1,4,1013,49,1536,1009,1013,315,201,40,40,10,1
572,40,1,9.7623e-06,0,0.00838317,1.6623e-05,0.00840955,0.4,4,1357,69,2176,1353,1357,407,233,40,40,10,1
573,40,1,9.7623e-06,0,0.00838317,1.6623e-05,0.00840955,0.1,4,1561,75,2368,1557,1561,422,225,40,40,10,1
574,40,1,9.7623e-06,0,0.00838317,1.6623e-05,0.00840955,0.2,4,1029,58,1824,1025,1029,311,168,40,40,10,1
575,40,1,9.7623e-06,0,0.00838317,1.6623e-05,0.00840955,0.1,4,1385,69,2176,1381,1385,373,183,40,40,10,1
576,40,1,9.7623e-06,0,0.00838317,1.6623e-05,0.00840955,0.1,4,1079,55,1728,1075,1079,302,170,40,40,10,1
577,40,1,9.7623e-06,0,0.00838317,1.6623e-05,0.00840955,0.2,4,995,55,1728,991,995,402,281,40,40,10,1
578,40,1,9.7623e-06,0,0.00838317,1.6623e-05,0.00840955,0.2,4,1107,61,1920,1103,1107,369,219,40,40,10,1
579,40,1,9.7623e-06,0,0.00838317,1.6623e-05,0.00840955,0.2,4,1104,68,2144,1100,1104,473,330,40,40,10,1
580,40,1,9.7623e-06,0,0.00838317,1.6623e-05,0.00840955,0.3,4,1434,78,2464,1430,1434,387,194,40,40,10,1
581,40,1,9.7623e-06,0,0.00838317,1.6623e-05,0.00840955,0.1,4,1252,76,2400,1248,1252,408,242,40,40,10,1
582,40,1,9.7623e-06,0,0.00838317,1.6623e-05,0.00840955,0.1,4,904,53,1664,900,904,336,222,40,40,10,1
583,40,1,9.7623e-06,0,0.00838317,1.6623e-05,0.00840955,0,4,929,48,1504,925,929,274,163,40,40,10,1
584,40,1,9.7623e-06,0,0.00838317,1.6623e-05,0.00840955,0,4,1064,50,1568,1060,1064,305,207,40,40,10,1
585,40,1,9.7623e-06,0,0.00838317,1.6623e-05,0.00840955,0.5,4,988,67,2112,984,988,349,212,40,40,10,1
586,40,1,9.7623e-06,0,0.00838317,1.6623e-05,0.00840955,0.3,4,1108,55,1728,1104,1108,311,167,40,40,10,1
587,40,1,9.7623e-06,0,0.00838317,1.6623e-05,0.00840955,0.1,4,956,46,1440,952,956,277,170,40,40,10,1
588,40,1,9.7623e-06,0,0.00838317,1.6623e-05,0.00840955,0,4,1189,56,1760,1185,1189,345,209,40,40,10,1
589,40,1,9.7623e-06,0,0.00838317,1.6623e-05,0.00840955,0,4,1297,76,2400,1293,1297,390,200,40,40,10,1
590,40,1,9.7623e-06,0,0.00838317,1.6623e-05,0.00840955,0.1,4,1241,75,2368,1237,1241,417,257,40,40,10,1
591,40,1,9.7623e-06,0,0.00838317,1.6623e-05,0.00840955,0.2,4,923,52,1632,919,923,289,166,40,40,10,1
592,40,1,9.7623e-06,0,0.00838317,1.6623e-05,0.00840955,0.1,4,1136,63,1984,1132,1136,360,217,40,40,10,1
593,40,1,9.7623e-06,0,0.00838317,1.6623e-05,0.00840955,0.2,4,785,51,1600,781,785,332,209,40,40,10,1
594,40,1,9.7623e-06,0,0.00838317,1.6623e-05,0.00840955,0.2,4,877,70,2208,873,877,370,220,40,40,10,1
595,40,1,9.7623e-06,0,0.00838317,1.6623e-05,0.00840955,0.4,4,976,59,1856,972,976,361,228,40,40,10,1
596,40,1,9.7623e-06,0,0.00838317,1.6623e-05,0.00840955,0.3,4,1085,65,2048,1081,1085,364,199,40,40,10,1
597,40,1,9.7623e-06,0,0.00838317,1.6623e-05,0.00840955,0.5,4,909,54,1696,905,909,364,235,40,40,10,1
598,40,1,9.7623e-06,0,0.00838317,1.6623e-05,0.00840955,0.4,4,948,52,1632,944,948,293,185,40,40,10,1
599,40,1,9.7623e-06,0,0.00838317,1.6623e-05,0.00840955,0.3,4,1403,72,2272,1399,1403,439,247,40,40,10,1
600,40,1,9.7623e-06,0,0.00838317,1.6623e-05,0.00840955,0.1,4,948,58,1824,944,948,369,258,40,40,10,1
601,40,1,9.7623e-06,0,0.00838317,1.6623e-05,0.00840955,0.6,4,1261,62,1952,1257,1261,343,189,40,40,10,1
602,40,1,9.7623e-06,0,0.00838317,1.6623e-05,0.00840955,0.1,4,1274,68,2144,1270,1274,399,262,40,40,10,1
603,40,1,9.7623e-06,0,0.00838317,1.6623e-05,0.00840955,0,4,1154,68,2144,1150,1154,412,249,40,40,10,1
604,40,1,9.7623e-06,0,0.00838317,1.6623e-05,0.00840955,0,4,1109,53,1664,1105,1109,269,164,40,40,10,1
605,40,1,9.7623e-06,0,0.00838317,1.6623e-05,0.00840955,0.1,4,1039,54,1696,1035,1039,359,236,40,40,10,1
606,40,1,9.7623e-06,0,0.00838317,1.6623e-05,0.00840955,0.1,4,1425,72,2272,1421,1425,397,219,40,40,10,1
607,40,1,9.7623e-06,0,0.00838317,1.6623e-05,0.00840955,0.2,4,1230,73,2304,1226,1230,482,285,40,40,10,1
608,40,1,9.7623e-06,0,0.00838317,1.6623e-05,0.00840955,0.1,4,971,51,1600,967,971,323,224,40,40,10,1
609,40,1,9.7623e-06,0,0.00838317,1.6623e-05,0.00840955,0.2,4,950,54,1696,946,950,346,232,40,40,10,1
610,40,1,9.7623e-06,0,0.00838317,1.6623e-05,0.00840955,0.2,4,1386,68,2144,1382,1386,392,222,40,40,10,1
611,40,1,9.7623e-06,0,0.00838317,1.6623e-05,0.00840955,0.2,4,899,45,1408,895,899,316,208,40,40,10,1
612,40,1,9.7623e-06,0,0.00838317,1.6623e-05,0.00840955,0.1,4,1203,61,1920,1199,1203,362,221,40,40,10,1
613,40,1,9.7623e-06,0,0.00838317,1.6623e-05,0.00840955,0.1,4,1086,60,1888,1082,1086,358,213,40,40,10,1
614,40,1,9.7623e-06,0,0.00838317,1.6623e-05,0.00840955,0.1,4,1359,70,2208,1355,1359,338,178,40,40,10,1
615,40,1,9.7623e-06,0,0.00838317,1.6623e-05,0.00840955,0.1,4,1120,58,1824,1116,1120,368,245,40,40,10,1
616,40,1,9.7623e-06,0,0.00838317,1.6623e-05,0.00840955,0.3,4,1036,53,1664,1032,1036,352,237,40,40,10,1
617,40,1,9.7623e-06,0,0.00838317,1.6623e-05,0.00840955,0.2,4,1145,57,1792,1141,1145,345,216,40,40,10,1
618,40,1,9.7623e-06,0,0.00838317,1.6623e-05,0.00840955,0.3,4,1246,65,2048,1242,1246,472,316,40,40,10,1
619,40,1,9.7623e-06,0,0.00838317,1.6623e-05,0.00840955,0.1,4,1199,70,2208,1195,1199,299,142,40,40,10,1
620,40,1,9.7623e-06,0,0.00838317,1.6623e-05,0.00840955,0,4,996,54,1696,992,996,310,188,40,40,10,1
621,40,1,9.7623e-06,0,0.00838317,1.6623e-05,0.00840955,0.4,4,969,55,1728,965,969,386,254,40,40,10,1
622,40,1,9.7623e-06,0,0.00838317,1.6623e-05,0.00840955,0.1,4,714,55,1728,710,714,309,203,40,40,10,1
623,40,1,9.7623e-06,0,0.00838317,1.6623e-05,0.00840955,0.5,4,539,52,1632,535,539,298,198,40,40,10,1
624,40,1,9.7623e-06,0,0.00838317,1.6623e-05,0.00840955,0.6,4,1149,64,2016,1145,1149,377,255,40,40,10,1
625,40,1,9.7623e-06,0,0.00838317,1.6623e-05,0.00840955,0.3,4,383,46,1440,379,383,251,169,40,40,10,1
626,40,1,9.7623e-06,0,0.00838317,1.6623e-05,0.00840955,0.2,4,728,48,1504,724,728,351,265,40,40,10,1
627,40,1,9.7623e-06,0,0.00838317,1.6623e-05,0.00840955,0.3,4,686,51,1600,682,686,315,212,40,40,10,1
628,40,1,9.7623e-06,0,0.00838317,1.6623e-05,0.00840955,0.5,4,364,44,1376,360,364,219,144,40,40,10,1
629,40,1,9.7623e-06,0,0.00838317,1.6623e-05,0.00840955,0.4,4,542,56,1760,538,542,335,226,40,40,10,1
630,40,1,9.7623e-06,0,0.00838317,1.6623e-05,0.00840955,0.6,4,782,69,2176,778,782,476,356,40,40,10,1
631,40,1,9.7623e-06,0,0.00838317,1.6623e-05,0.00840955,0.1,4,505,48,1504,501,505,314,216,40,40,10,1
632,40,1,9.7623e-06,0,0.00838317,1.6623e-05,0.00840955,0.7,4,600,48,1504,596,600,329,244,40,40,10,1
633,40,1,9.7623e-06,0,0.00838317,1.6623e-05,0.00840955,0.5,4,477,58,1824,473,477,362,269,40,40,10,1
634,40,1,9.7623e-06,0,0.00838317,1.6623e-05,0.00840955,0.5,4,640,55,1728,636,640,334,234,40,40,10,1
635,40,1,9.7623e-06,0,0.00838317,1.6623e-05,0.00840955,0.4,4,708,55,1728,704,708,363,266,40,40,10,1
636,40,1,9.7623e-06,0,0.00838317,1.6623e-05,0.00840955,0.2,4,836,68,2144,832,836,327,198,40,40,10,1
637,40,1,9.7623e-06,0,0.00838317,1.6623e-05,0.00840955,0,4,886,57,1792,882,886,315,189,40,40,10,1
638,40,1,9.7623e-06,0,0.00838317,1.6623e-05,0.00840955,0.5,4,973,63,1984,969,973,453,313,40,40,10,1
639,40,1,9.7623e-06,0,0.00838317,1.6623e-05,0.00840955,0.7,4,598,60,1888,594,598,325,218,40,40,10,1
640,40,1,9.7623e-06,0,0.00838317,1.6623e-05,0.00840955,0.2,4,910,55,1728,906,910,387,270,40,40,10,1
641,40,1,9.7623e-06,0,0.00838317,1.6623e-05,0.00840955,0.2,4,905,53,1664,901,905,358,256,40,40,10,1
642,40,1,9.7623e-06,0,0.00838317,1.6623e-05,0.00840955,0.6,4,608,50,1568,604,608,343,246,40,40,10,1
643,40,1,9.7623e-06,0,0.00838317,1.6623e-05,0.00840955,0.4,4,828,51,1600,824,828,276,163,40,40,10,1
644,40,1,9.7623e-06,0,0.00838317,1.6623e-05,0.00840955,0.2,4,1172,69,2176,1168,1172,346,183,40,40,10,1
645,40,1,9.7623e-06,0,0.00838317,1.6623e-05,0.00840955,0,4,1129,60,1888,1125,1129,365,213,40,40,10,1
646,40,1,9.7623e-06,0,0.00838317,1.6623e-05,0.00840955,0.2,4,840,48,1504,836,840,291,196,40,40,10,1
647,40,1,9.7623e-06,0,0.00838317,1.6623e-05,0.00840955,0,4,1088,56,1760,1084,1088,329,195,40,40,10,1
648,40,1,9.7623e-06,0,0.00838317,1.6623e-05,0.00840955,0.3,4,864,55,1728,860,864,289,165,40,40,10,1
649,40,1,9.7623e-06,0,0.00838317,1.6623e-05,0.00840955,0.1,4,1196,61,1920,1192,1196,431,303,40,40,10,1
650,40,1,9.7623e-06,0,0.00838317,1.6623e-05,0.00840955,0.3,4,1274,67,2112,1270,1274,391,237,40,40,10,1
651,40,1,9.7623e-06,0,0.00838317,1.6623e-05,0.00840955,0.2,4,791,57,1792,787,791,373,273,40,40,10,1
652,40,1,9.7623e-06,0,0.00838317,1.6623e-05,0.00840955,0.3,4,791,60,1888,787,791,353,232,40,40,10,1
653,40,1,9.7623e-06,0,0.00838317,1.6623e-05,0.00840955,0.3,4,848,49,1536,844,848,285,192,40,40,10,1
654,40,1,9.7623e-06,0,0.00838317,1.6623e-05,0.00840955,0,4,611,47,1472,607,611,281,187,40,40,10,1
655,40,1,9.7623e-06,0,0.00838317,1.6623e-05,0.00840955,0.3,4,974,53,1664,970,974,354,241,40,40,10,1
656,40,1,9.7623e-06,0,0.00838317,1.6623e-05,0.00840955,0.2,4,766,46,1440,762,766,283,193,40,40,10,1
657,40,1,9.7623e-06,0,0.00838317,1.6623e-05,0.00840955,0.2,4,1052,58,1824,1048,1052,341,185,40,40,10,1
658,40,1,9.7623e-06,0,0.00838317,1.6623e-05,0.00840955,0.4,4,584,68,2144,580,584,331,204,40,40,10,1
659,40,1,9.7623e-06,0,0.00838317,1.6623e-05,0.00840955,0.3,4,845,56,1760,841,845,353,234,40,40,10,1
660,40,1,9.7623e-06,0,0.00838317,1.6623e-05,0.00840955,0.2,4,958,77,2432,954,958,403,250,40,40,10,1
661,40,1,9.7623e-06,0,0.00838317,1.6623e-05,0.00840955,0.1,4,1355,69,2176,1351,1355,381,220,40,40,10,1
662,40,1,9.7623e-06,0,0.00838317,1.6623e-05,0.00840955,0.1,4,870,66,2080,866,870,314,186,40,40,10,1
663,40,1,9.7623e-06,0,0.00838317,1.6623e-05,0.00840955,0.2,4,885,56,1760,881,885,361,225,40,40,10,1
664,40,1,9.7623e-06,0,0.00838317,1.6623e-05,0.00840955,0.1,4,1196,69,2176,1192,1196,418,259,40,40,10,1
665,40,1,9.7623e-06,0,0.00838317,1.6623e-05,0.00840955,0.3,4,920,52,1632,916,920,367,272,40,40,10,1
666,40,1,9.7623e-06,0,0.00838317,1.6623e-05,0.00840955,0.1,4,1636,79,2496,1632,1636,446,243,40,40,10,1
667,40,1,9.7623e-06,0,0.00838317,1.6623e-05,0.00840955,0.2,4,963,62,1952,959,963,379,245,40,40,10,1
668,40,1,9.7623e-06,0,0.00838317,1.6623e-05,0.00840955,0.4,4,766,50,1568,762,766,299,195,40,40,10,1
669,40,1,9.7623e-06,0,0.00838317,1.6623e-05,0.00840955,0,4,999,51,1600,995,999,354,242,40,40,10,1
670,40,1,9.7623e-06,0,0.00838317,1.6623e-05,0.00840955,0,4,876,58,1824,872,876,312,166,40,40,10,1
671,40,1,9.7623e-06,0,0.00838317,1.6623e-05,0.00840955,0.2,4,768,49,1536,764,768,361,268,40,40,10,1
672,40,1,9.7623e-06,0,0.00838317,1.6623e-05,0.00840955,0.6,4,726,51,1600,722,726,355,252,40,40,10,1
673,40,1,9.7623e-06,0,0.00838317,1.6623e-05,0.00840955,0.4,4,880,59,1856,876,880,356,209,40,40,10,1
674,40,1,9.7623e-06,0,0.00838317,1.6623e-05,0.00840955,0.1,4,897,63,1984,893,897,386,222,40,40,10,1
675,40,1,9.7623e-06,0,0.00838317,1.6623e-05,0.00840955,0.3,4,1033,63,1984,1029,1033,335,197,40,40,10,1
676,40,1,9.7623e-06,0,0.00838317,1.6623e-05,0.00840955,0.1,4,967,56,1760,963,967,352,231,40,40,10,1
677,40,1,9.7623e-06,0,0.00838317,1.6623e-05,0.00840955,0.5,4,789,51,1600,785,789,355,242,40,40,10,1
678,40,1,9.7623e-06,0,0.00838317,1.6623e-05,0.00840955,0.1,4,709,57,1792,705,709,341,240,40,40,10,1
679,40,1,9.7623e-06,0,0.00838317,1.6623e-05,0.00840955,0,4,872,47,1472,868,872,287,178,40,40,10,1
680,40,1,9.7623e-06,0,0.00838317,1.6623e-05,0.00840955,0.1,4,813,44,1376,809,813,285,173,40,40,10,1
681,40,1,9.7623e-06,0,0.00838317,1.6623e-05,0.00840955,0.5,4,816,47,1472,812,816,253,142,40,40,10,1
682,40,1,9.7623e-06,0,0.00838317,1.6623e-05,0.00840955,0.4,4,819,46,1440,815,819,306,203,40,40,10,1
683,40,1,9.7623e-06,0,0.00838317,1.6623e-05,0.00840955,0.1,4,810,51,1600,806,810,303,196,40,40,10,1
684,40,1,9.7623e-06,0,0.00838317,1.6623e-05,0.00840955,0.5,4,931,71,2240,927,931,365,226,40,40,10,1
685,40,1,9.7623e-06,0,0.00838317,1.6623e-05,0.00840955,0.2,4,1767,90,2848,1763,1767,476,259,40,40,10,1
686,40,1,9.7623e-06,0,0.00838317,1.6623e-05,0.00840955,0.5,4,753,61,1920,749,753,341,218,40,40,10,1
687,40,1,9.7623e-06,0,0.00838317,1.6623e-05,0.00840955,0.3,4,870,53,1664,866,870,337,224,40,40,10,1
688,40,1,9.7623e-06,0,0.00838317,1.6623e-05,0.00840955,0.5,4,798,48,1504,794,798,297,205,40,40,10,1
689,40,1,9.7623e-06,0,0.00838317,1.6623e-05,0.00840955,0.7,4,892,57,1792,888,892,372,261,40,40,10,1
690,40,1,9.7623e-06,0,0.00838317,1.6623e-05,0.00840955,0.2,4,833,45,1408,829,833,296,201,40,40,10,1
691,40,1,9.7623e-06,0,0.00838317,1.6623e-05,0.00840955,0.1,4,845,52,1632,841,845,333,220,40,40,10,1
692,40,1,9.7623e-06,0,0.00838317,1.6623e-05,0.00840955,0.5,4,788,48,1504,784,788,314,209,40,40,10,1
693,40,1,9.7623e-06,0,0.00838317,1.6623e-05,0.00840955,0.1,4,1241,65,2048,1237,1241,367,217,40,40,10,1
694,40,1,9.7623e-06,0,0.00838317,1.6623e-05,0.00840955,0.3,4,1098,68,2144,1094,1098,419,268,40,40,10,1
695,40,1,9.7623e-06,0,0.00838317,1.6623e-05,0.00840955,0.1,4,965,56,1760,961,965,376,254,40,40,10,1
696,40,1,9.7623e-06,0,0.00838317,1.6623e-05,0.00840955,0.2,4,706,53,1664,702,706,282,172,40,40,10,1
697,40,1,9.7623e-06,0,0.00838317,1.6623e-05,0.00840955,0.5,4,568,54,1696,564,568,346,255,40,40,10,1
698,40,1,9.7623e-06,0,0.00838317,1.6623e-05,0.00840955,0.3,4,716,54,1696,712,716,367,269,40,40,10,1
699,40,1,9.7623e-06,0,0.00838317,1.6623e-05,0.00840955,0.6,4,650,60,1888,646,650,381,277,40,40,10,1
700,40,1,9.7623e-06,0,0.00838317,1.6623e-05,0.00840955,0.5,4,622,49,1536,618,622,285,188,40,40,10,1
701,40,1,9.7623e-06,0,0.00838317,1.6623e-05,0.00840955,0,4,1231,64,2016,1227,1231,328,185,40,40,10,1
702,40,1,9.7623e-06,0,0.00838317,1.6623e-05,0.00840955,0.3,4,890,51,1600,886,890,336,233,40,40,10,1
703,40,1,9.7623e-06,0,0.00838317,1.6623e-05,0.00840955,0.1,4,1197,58,1824,1193,1197,324,182,40,40,10,1
704,40,1,9.7623e-06,0,0.00838317,1.6623e-05,0.00840955,0.4,4,833,49,1536,829,833,273,181,40,40,10,1
705,40,1,9.7623e-06,0,0.00838317,1.6623e-05,0.00840955,0.1,4,932,58,1824,928,932,333,189,40,40,10,1
706,40,1,9.7623e-06,0,0.00838317,1.6623e-05,0.00840955,0.2,4,907,51,1600,903,907,253,147,40,40,10,1
707,40,1,9.7623e-06,0,0.00838317,1.6623e-05,0.00840955,0,4,746,48,1504,742,746,313,203,40,40,10,1
708,40,1,9.7623e-06,0,0.00838317,1.6623e-05,0.00840955,0.2,4,759,51,1600,755,759,299,195,40,40,10,1
709,40,1,9.7623e-06,0,0.00838317,1.6623e-05,0.00840955,0.2,4,854,53,1664,850,854,355,233,40,40,10,1
710,40,1,9.7623e-06,0,0.00838317,1.6623e-05,0.00840955,0.4,4,840,46,1440,836,840,290,195,40,40,10,1
711,40,1,9.7623e-06,0,0.00838317,1.6623e-05,0.00840955,0,4,1420,68,2144,1416,1420,384,223,40,40,10,1
712,40,1,9.7623e-06,0,0.00838317,1.6623e-05,0.00840955,0.3,4,934,47,1472,930,934,323,211,40,40,10,1
713,40,1,9.7623e-06,0,0.00838317,1.6623e-05,0.00840955,0,4,1374,76,2400,1370,1374,376,209,40,40,10,1
714,40,1,9.7623e-06,0,0.00838317,1.6623e-05,0.00840955,0,4,1381,65,2048,1377,1381,362,228,40,40,10,1
715,40,1,9.7623e-06,0,0.00838317,1.6623e-05,0.00840955,0.2,4,1141,54,1696,1137,1141,337,183,40,40,10,1
716,40,1,9.7623e-06,0,0.00838317,1.6623e-05,0.00840955,0.2,4,727,48,1504,723,727,352,244,40,40,10,1
717,40,1,9.7623e-06,0,0.00838317,1.6623e-05,0.00840955,0.1,4,1105,57,1792,1101,1105,377,251,40,40,10,1
718,40,1,9.7623e-06,0,0.00838317,1.6623e-05,0.00840955,0.2,4,1077,56,1760,1073,1077,322,191,40,40,10,1
719,40,1,9.7623e-06,0,0.00838317,1.6623e-05,0.00840955,0.1,4,1033,54,1696,1029,1033,334,191,40,40,10,1
720,40,1,9.7623e-06,0,0.00838317,1.6623e-05,0.00840955,0.1,4,1042,54,1696,1038,1042,309,189,40,40,10,1
721,40,1,9.7623e-06,0,0.00838317,1.6623e-05,0.00840955,0.3,4,1127,63,1984,1123,1127,357,219,40,40,10,1
722,40,1,9.7623e-06,0,0.00838317,1.6623e-05,0.00840955,0.1,4,1091,56,1760,1087,1091,353,213,40,40,10,1
723,40,1,9.7623e-06,0,0.00838317,1.6623e-05,0.00840955,0,4,1048,56,1760,1044,1048,358,229,40,40,10,1
724,40,1,9.7623e-06,0,0.00838317,1.6623e-05,0.00840955,0.1,4,1207,70,2208,1203,1207,434,262,40,40,10,1
725,40,1,9.7623e-06,0,0.00838317,1.6623e-05,0.00840955,0,4,822,52,1632,818,822,382,252,40,40,10,1
726,40,1,9.7623e-06,0,0.00838317,1.6623e-05,0.00840955,0.3,4,920,54,1696,916,920,322,214,40,40,10,1
727,40,1,9.7623e-06,0,0.00838317,1.6623e-05,0.00840955,0.2,4,1142,59,1856,1138,1142,380,245,40,40,10,1
728,40,1,9.7623e-06,0,0.00838317,1.6623e-05,0.00840955,0.2,4,1110,59,1856,1106,1110,367,227,40,40,10,1
729,40,1,9.7623e-06,0,0.00838317,1.6623e-05,0.00840955,0.3,4,1214,61,1920,1210,1214,375,238,40,40,10,1
730,40,1,9.7623e-06,0,0.00838317,1.6623e-05,0.00840955,0,4,1090,54,1696,1086,1090,340,230,40,40,10,1
731,40,1,9.7623e-06,0,0.00838317,1.6623e-05,0.00840955,0.1,4,968,56,1760,964,968,308,179,40,40,10,1
732,40,1,9.7623e-06,0,0.00838317,1.6623e-05,0.00840955,0.4,4,574,45,1408,570,574,300,196,40,40,10,1
733,40,1,9.7623e-06,0,0.00838317,1.6623e-05,0.00840955,0,4,662,70,2208,658,662,362,236,40,40,10,1
734,40,1,9.7623e-06,0,0.00838317,1.6623e-05,0.00840955,0.1,4,936,52,1632,932,936,339,218,40,40,10,1
735,40,1,9.7623e-06,0,0.00838317,1.6623e-05,0.00840955,0,4,1293,64,2016,1289,1293,397,250,40,40,10,1
736,40,1,9.7623e-06,0,0.00838317,1.6623e-05,0.00840955,0.1,4,1315,63,1984,1311,1315,431,284,40,40,10,1
737,40,1,9.7623e-06,0,0.00838317,1.6623e-05,0.00840955,0,4,1412,70,2208,1408,1412,423,266,40,40,10,1
738,40,1,9.7623e-06,0,0.00838317,1.6623e-05,0.00840955,0.2,4,914,50,1568,910,914,344,235,40,40,10,1
739,40,1,9.7623e-06,0,0.00838317,1.6623e-05,0.00840955,0.3,4,1146,65,2048,1142,1146,392,229,40,40,10,1
740,40,1,9.7623e-06,0,0.00838317,1.6623e-05,0.00840955,0.1,4,978,57,1792,974,978,433,313,40,40,10,1
741,40,1,9.7623e-06,0,0.00838317,1.6623e-05,0.00840955,0,4,1378,69,2176,1374,1378,433,266,40,40,10,1
742,40,1,9.7623e-06,0,0.00838317,1.6623e-05,0.00840955,0.2,4,941,56,1760,937,941,387,278,40,40,10,1
743,40,1,9.7623e-06,0,0.00838317,1.6623e-05,0.00840955,0.4,4,713,47,1472,709,713,313,208,40,40,10,1
744,40,1,9.7623e-06,0,0.00838317,1.6623e-05,0.00840955,0.1,4,1574,80,2528,1570,1574,403,210,40,40,10,1
745,40,1,9.7623e-06,0,0.00838317,1.6623e-05,0.00840955,0.1,4,1067,68,2144,1063,1067,537,380,40,40,10,1
746,40,1,9.7623e-06,0,0.00838317,1.6623e-05,0.00840955,0,4,825,52,1632,821,825,320,208,40,40,10,1
747,40,1,9.7623e-06,0,0.00838317,1.6623e-05,0.00840955,0.1,4,1178,61,1920,1174,1178,346,196,40,40,10,1
748,40,1,9.7623e-06,0,0.00838317,1.6623e-05,0.00840955,0,4,1186,59,1856,1182,1186,389,259,40,40,10,1
749,40,1,9.7623e-06,0,0.00838317,1.6623e-05,0.00840955,0.3,4,1101,71,2240,1097,1101,413,237,40,40,10,1
750,40,1,9.7623e-06,0,0.00838317,1.6623e-05,0.00840955,0.1,4,1162,68,2144,1158,1162,439,295,40,40,10,1
751,40,1,9.7623e-06,0,0.00838317,1.6623e-05,0.00840955,0,4,1186,60,1888,1182,1186,342,199,40,40,10,1
752,40,1,9.7623e-06,0,0.00838317,1.6623e-05,0.00840955,0.3,4,924,51,1600,920,924,343,230,40,40,10,1
753,40,1,9.7623e-06,0,0.00838317,1.6623e-05,0.00840955,0.1,4,947,53,1664,943,947,281,142,40,40,10,1
754,40,1,9.7623e-06,0,0.00838317,1.6623e-05,0.00840955,0.2,4,934,54,1696,930,934,324,207,40,40,10,1
755,40,1,9.7623e-06,0,0.00838317,1.6623e-05,0.00840955,0.2,4,827,54,1696,823,827,318,202,40,40,10,1
756,40,1,9.7623e-06,0,0.00838317,1.6623e-05,0.00840955,0,4,957,54,1696,953,957,304,184,40,40,10,1
757,40,1,9.7623e-06,0,0.00838317,1.6623e-05,0.00840955,0.6,4,909,57,1792,905,909,379,243,40,40,10,1
758,40,1,9.7623e-06,0,0.00838317,1.6623e-05,0.00840955,0.3,4,817,55,1728,813,817,336,218,40,40,10,1
759,40,1,9.7623e-06,0,0.00838317,1.6623e-05,0.00840955,0.2,4,1005,60,1888,1001,1005,403,279,40,40,10,1
760,40,1,9.7623e-06,0,0.00838317,1.6623e-05,0.00840955,0.1,4,1048,50,1568,1044,1048,320,194,40,40,10,1
761,40,1,9.7623e-06,0,0.00838317,1.6623e-05,0.00840955,0.6,4,708,55,1728,704,708,320,180,40,40,10,1
762,40,1,9.7623e-06,0,0.00838317,1.6623e-05,0.00840955,0.1,4,739,51,1600,735,739,343,233,40,40,10,1
763,40,1,9.7623e-06,0,0.00838317,1.6623e-05,0.00840955,0.1,4,1004,48,1504,1000,1004,315,185,40,40,10,1
764,40,1,9.7623e-06,0,0.00838317,1.6623e-05,0.00840955,0.2,4,945,63,1984,941,945,443,316,40,40,10,1
765,40,1,9.7623e-06,0,0.00838317,1.6623e-05,0.00840955,0.2,4,746,63,1984,742,746,376,238,40,40,10,1
766,40,1,9.7623e-06,0,0.00838317,1.6623e-05,0.00840955,0.4,4,708,48,1504,704,708,308,200,40,40,10,1
767,40,1,9.7623e-06,0,0.00838317,1.6623e-05,0.00840955,0.3,4,793,49,1536,789,793,310,204,40,40,10,1
768,40,1,9.7623e-06,0,0.00838317,1.6623e-05,0.00840955,0.2,4,939,49,1536,935,939,328,207,40,40,10,1
769,40,1,9.7623e-06,0,0.00838317,1.6623e-05,0.00840955,0.4,4,919,59,1856,915,919,364,247,40,40,10,1
770,40,1,9.7623e-06,0,0.00838317,1.6623e-05,0.00840955,0.2,4,819,48,1504,815,819,314,221,40,40,10,1
771,40,1,9.7623e-06,0,0.00838317,1.6623e-05,0.00840955,0.2,4,1103,59,1856,1099,1103,393,255,40,40,10,1
772,40,1,9.7623e-06,0,0.00838317,1.6623e-05,0.00840955,0.1,4,907,47,1472,903,907,304,187,40,40,10,1
773,40,1,9.7623e-06,0,0.00838317,1.6623e-05,0.00840955,0.2,4,913,49,1536,909,913,281,166,40,40,10,1
774,40,1,9.7623e-06,0,0.00838317,1.6623e-05,0.00840955,0.2,4,568,48,1504,564,568,355,282,40,40,10,1
775,40,1,9.7623e-06,0,0.00838317,1.6623e-05,0.00840955,0.2,4,1177,55,1728,1173,1177,375,243,40,40,10,1
776,40,1,9.7623e-06,0,0.00838317,1.6623e-05,0.00840955,0.1,4,962,65,2048,958,962,333,208,40,40,10,1
777,40,1,9.7623e-06,0,0.00838317,1.6623e-05,0.00840955,0.2,4,747,47,1472,743,747,327,241,40,40,10,1
778,40,1,9.7623e-06,0,0.00838317,1.6623e-05,0.00840955,0.2,4,854,45,1408,850,854,274,168,40,40,10,1
779,40,1,9.7623e-06,0,0.00838317,1.6623e-05,0.00840955,0.5,4,949,55,1728,945,949,369,238,40,40,10,1
780,40,1,9.7623e-06,0,0.00838317,1.6623e-05,0.00840955,0,4,1176,55,1728,1172,1176,334,189,40,40,10,1
781,40,1,9.7623e-06,0,0.00838317,1.6623e-05,0.00840955,0.3,4,830,49,1536,826,830,331,237,40,40,10,1
782,40,1,9.7623e-06,0,0.00838317,1.6623e-05,0.00840955,0,4,1115,61,1920,1111,1115,346,202,40,40,10,1
783,40,1,9.7623e-06,0,0.00838317,1.6623e-05,0.00840955,0.1,4,871,54,1696,867,871,313,213,40,40,10,1
784,40,1,9.7623e-06,0,0.00838317,1.6623e-05,0.00840955,0.2,4,774,49,1536,770,774,362,263,40,40,10,1
785,40,1,9.7623e-06,0,0.00838317,1.6623e-05,0.00840955,0.3,4,795,56,1760,791,795,361,237,40,40,10,1
786,40,1,9.7623e-06,0,0.00838317,1.6623e-05,0.00840955,0.1,4,1093,65,2048,1089,1093,359,219,40,40,10,1
787,40,1,9.7623e-06,0,0.00838317,1.6623e-05,0.00840955,0,4,934,50,1568,930,934,338,226,40,40,10,1
788,40,1,9.7623e-06,0,0.00838317,1.6623e-05,0.00840955,0.1,4,1033,58,1824,1029,1033,386,248,40,40,10,1
789,40,1,9.7623e-06,0,0.00838317,1.6623e-05,0.00840955,0,4,1414,76,2400,1410,1414,403,208,40,40,10,1
790,40,1,9.7623e-06,0,0.00838317,1.6623e-05,0.00840955,0.1,4,904,53,1664,900,904,341,229,40,40,10,1
791,40,1,9.7623e-06,0,0.00838317,1.6623e-05,0.00840955,0.2,4,984,54,1696,980,984,372,243,40,40,10,1
792,40,1,9.7623e-06,0,0.00838317,1.6623e-05,0.00840955,0,4,910,49,1536,906,910,307,188,40,40,10,1
793,40,1,9.7623e-06,0,0.00838317,1.6623e-05,0.00840955,0,4,1143,57,1792,1139,1143,379,253,40,40,10,1
794,40,1,9.7623e-06,0,0.00838317,1.6623e-05,0.00840955,0.2,4,1078,71,2240,1074,1078,369,212,40,40,10,1
795,40,1,9.7623e-06,0,0.00838317,1.6623e-05,0.00840955,0.5,4,994,51,1600,990,994,328,219,40,40,10,1
796,40,1,9.7623e-06,0,0.00838317,1.6623e-05,0.00840955,0.4,4,724,55,1728,720,724,356,245,40,40,10,1
797,40,1,9.7623e-06,0,0.00838317,1.6623e-05,0.00840955,0.8,4,837,58,1824,833,837,384,253,40,40,10,1
798,40,1,9.7623e-06,0,0.00838317,1.6623e-05,0.00840955,0.5,4,1006,72,2272,1002,1006,452,291,40,40,10,1
799,40,1,9.7623e-06,0,0.00838317,1.6623e-05,0.00840955,0,4,1132,65,2048,1128,1132,331,191,40,40,10,1
800,40,1,9.7623e-06,0,0.00838317,1.6623e-05,0.00840955,0.7,4,919,61,1920,915,919,443,302,40,40,10,1
801,40,1,9.7623e-06,0,0.00838317,1.6623e-05,0.00840955,0.2,4,964,55,1728,960,964,400,270,40,40,10,1
802,40,1,9.7623e-06,0,0.00838317,1.6623e-05,0.00840955,0.3,4,800,47,1472,796,800,317,212,40,40,10,1
803,40,1,9.7623e-06,0,0.00838317,1.6623e-05,0.00840955,0.3,4,1105,63,1984,1101,1105,424,270,40,40,10,1
804,40,1,9.7623e-06,0,0.00838317,1.6623e-05,0.00840955,0.3,4,862,50,1568,858,862,314,210,40,40,10,1
805,40,1,9.7623e-06,0,0.00838317,1.6623e-05,0.00840955,0.4,4,851,52,1632,847,851,324,217,40,40,10,1
806,40,1,9.7623e-06,0,0.00838317,1.6623e-05,0.00840955,0.3,4,487,51,1600,483,487,337,261,40,40,10,1
807,40,1,9.7623e-06,0,0.00838317,1.6623e-05,0.00840955,0.5,4,725,56,1760,721,725,319,202,40,40,10,1
808,40,1,9.7623e-06,0,0.00838317,1.6623e-05,0.00840955,0.3,4,818,46,1440,814,818,251,145,40,40,10,1
809,40,1,9.7623e-06,0,0.00838317,1.6623e-05,0.00840955,0.5,4,529,45,1408,525,529,269,171,40,40,10,1
810,40,1,9.7623e-06,0,0.00838317,1.6623e-05,0.00840955,0.1,4,975,58,1824,971,975,372,243,40,40,10,1
811,40,1,9.7623e-06,0,0.00838317,1.6623e-05,0.00840955,0.2,4,1086,67,2112,1082,1086,383,233,40,40,10,1
812,40,1,9.7623e-06,0,0.00838317,1.6623e-05,0.00840955,0,4,950,60,1888,946,950,344,213,40,40,10,1
813,40,1,9.7623e-06,0,0.00838317,1.6623e-05,0.00840955,0,4,1346,69,2176,1342,1346,366,194,40,40,10,1
814,40,1,9.7623e-06,0,0.00838317,1.6623e-05,0.00840955,0.3,4,794,51,1600,790,794,319,211,40,40,10,1
815,40,1,9.7623e-06,0,0.00838317,1.6623e-05,0.00840955,0.1,4,797,48,1504,793,797,276,172,40,40,10,1
816,40,1,9.7623e-06,0,0.00838317,1.6623e-05,0.00840955,0.4,4,1037,54,1696,1033,1037,327,209,40,40,10,1
817,40,1,9.7623e-06,0,0.00838317,1.6623e-05,0.00840955,0,4,877,67,2112,873,877,311,156,40,40,10,1
818,40,1,9.7623e-06,0,0.00838317,1.6623e-05,0.00840955,0.1,4,1045,77,2432,1041,1045,433,255,40,40,10,1
819,40,1,9.7623e-06,0,0.00838317,1.6623e-05,0.00840955,0.3,4,933,60,1888,929,933,355,204,40,40,10,1
820,40,1,9.7623e-06,0,0.00838317,1.6623e-05,0.00840955,0.5,4,964,65,2048,960,964,370,231,40,40,10,1
821,40,1,9.7623e-06,0,0.00838317,1.6623e-05,0.00840955,0.2,4,869,53,1664,865,869,316,200,40,40,10,1
822,40,1,9.7623e-06,0,0.00838317,1.6623e-05,0.00840955,0,4,1111,58,1824,1107,1111,375,241,40,40,10,1
823,40,1,9.7623e-06,0,0.00838317,1.6623e-05,0.00840955,0,4,1474,72,2272,1470,1474,393,204,40,40,10,1
824,40,1,9.7623e-06,0,0.00838317,1.6623e-05,0.00840955,0.1,4,1184,62,1952,1180,1184,356,194,40,40,10,1
825,40,1,9.7623e-06,0,0.00838317,1.6623e-05,0.00840955,0.4,4,1008,57,1792,1004,1008,311,183,40,40,10,1
826,40,1,9.7623e-06,0,0.00838317,1.6623e-05,0.00840955,0.2,4,1084,58,1824,1080,1084,310,189,40,40,10,1
827,40,1,9.7623e-06,0,0.00838317,1.6623e-05,0.00840955,0.1,4,974,54,1696,970,974,310,199,40,40,10,1
828,40,1,9.7623e-06,0,0.00838317,1.6623e-05,0.00840955,0.2,4,1081,57,1792,1077,1081,333,189,40,40,10,1
829,40,1,9.7623e-06,0,0.00838317,1.6623e-05,0.00840955,0.3,4,1249,68,2144,1245,1249,368,192,40,40,10,1
830,40,1,9.7623e-06,0,0.00838317,1.6623e-05,0.00840955,0.5,4,969,53,1664,965,969,343,222,40,40,10,1
831,40,1,9.7623e-06,0,0.00838317,1.6623e-05,0.00840955,0.1,4,1001,59,1856,997,1001,338,200,40,40,10,1
832,40,1,9.7623e-06,0,0.00838317,1.6623e-05,0.00840955,0.1,4,1104,70,2208,1100,1104,384,222,40,40,10,1
833,40,1,9.7623e-06,0,0.00838317,1.6623e-05,0.00840955,0,4,1144,59,1856,1140,1144,312,176,40,40,10,1
834,40,1,9.7623e-06,0,0.00838317,1.6623e-05,0.00840955,0.2,4,1023,52,1632,1019,1023,300,179,40,40,10,1
835,40,1,9.7623e-06,0,0.00838317,1.6623e-05,0.00840955,0.6,4,925,55,1728,921,925,304,170,40,40,10,1
836,40,1,9.7623e-06,0,0.00838317,1.6623e-05,0.00840955,0,4,1109,58,1824,1105,1109,313,193,40,40,10,1
837,40,1,9.7623e-06,0,0.00838317,1.6623e-05,0.00840955,0.3,4,1011,49,1536,1007,1011,327,223,40,40,10,1
838,40,1,9.7623e-06,0,0.00838317,1.6623e-05,0.00840955,0.1,4,1003,53,1664,999,1003,342,222,40,40,10,1
839,40,1,9.7623e-06,0,0.00838317,1.6623e-05,0.00840955,0.5,4,1458,78,2464,1454,1458,422,223,40,40,10,1
840,40,1,9.7623e-06,0,0.00838317,1.6623e-05,0.00840955,0.4,4,996,46,1440,992,996,293,198,40,40,10,1
841,40,1,9.7623e-06,0,0.00838317,1.6623e-05,0.00840955,0.1,4,1073,49,1536,1069,1073,299,186,40,40,10,1
842,40,1,9.7623e-06,0,0.00838317,1.6623e-05,0.00840955,0.1,4,1226,64,2016,1222,1226,403,236,40,40,10,1
843,40,1,9.7623e-06,0,0.00838317,1.6623e-05,0.00840955,0.3,4,951,50,1568,947,951,316,206,40,40,10,1
844,40,1,9.7623e-06,0,0.00838317,1.6623e-05,0.00840955,0,4,1071,55,1728,1067,1071,361,221,40,40,10,1
845,40,1,9.7623e-06,0,0.00838317,1.6623e-05,0.00840955,0.1,4,1207,63,1984,1203,1207,345,196,40,40,10,1
846,40,1,9.7623e-06,0,0.00838317,1.6623e-05,0.00840955,0.4,4,919,48,1504,915,919,311,216,40,40,10,1
847,40,1,9.7623e-06,0,0.00838317,1.6623e-05,0.00840955,0,4,1510,77,2432,1506,1510,430,243,40,40,10,1
848,40,1,9.7623e-06,0,0.00838317,1.6623e-05,0.00840955,0,4,983,59,1856,979,983,317,160,40,40,10,1
849,40,1,9.7623e-06,0,0.00838317,1.6623e-05,0.00840955,0.1,4,1079,61,1920,1075,1079,326,195,40,40,10,1
850,40,1,9.7623e-06,0,0.00838317,1.6623e-05,0.00840955,0.6,4,1373,74,2336,1369,1373,428,256,40,40,10,1
851,40,1,9.7623e-06,0,0.00838317,1.6623e-05,0.00840955,0.3,4,951,52,1632,947,951,332,214,40,40,10,1
852,40,1,9.7623e-06,0,0.00838317,1.6623e-05,0.00840955,0.2,4,989,53,1664,985,989,266,151,40,40,10,1
853,40,1,9.7623e-06,0,0.00838317,1.6623e-05,0.00840955,0.3,4,1024,67,2112,1020,1024,357,204,40,40,10,1
854,40,1,9.7623e-06,0,0.00838317,1.6623e-05,0.00840955,0.1,4,1323,71,2240,1319,1323,387,204,40,40,10,1
855,40,1,9.7623e-06,0,0.00838317,1.6623e-05,0.00840955,0.1,4,896,49,1536,892,896,321,207,40,40,10,1
856,40,1,9.7623e-06,0,0.00838317,1.6623e-05,0.00840955,0.4,4,908,58,1824,904,908,337,210,40,40,10,1
857,40,1,9.7623e-06,0,0.00838317,1.6623e-05,0.00840955,0,4,1324,64,2016,1320,1324,387,224,40,40,10,1
858,40,1,9.7623e-06,0,0.00838317,1.6623e-05,0.00840955,0.6,4,1137,61,1920,1133,1137,364,220,40,40,10,1
859,40,1,9.7623e-06,0,0.00838317,1.6623e-05,0.00840955,0.2,4,1038,58,1824,1034,1038,355,208,40,40,10,1
860,40,1,9.7623e-06,0,0.00838317,1.6623e-05,0.00840955,0.1,4,1175,55,1728,1171,1175,352,224,40,40,10,1
861,40,1,9.7623e-06,0,0.00838317,1.6623e-05,0.00840955,0.2,4,1100,52,1632,1096,1100,323,211,40,40,10,1
862,40,1,9.7623e-06,0,0.00838317,1.6623e-05,0.00840955,0.3,4,1039,56,1760,1035,1039,322,190,40,40,10,1
863,40,1,9.7623e-06,0,0.00838317,1.6623e-05,0.00840955,0.1,4,1001,53,1664,997,1001,348,236,40,40,10,1
864,40,1,9.7623e-06,0,0.00838317,1.6623e-05,0.00840955,0.3,4,845,48,1504,841,845,329,205,40,40,10,1
865,40,1,9.7623e-06,0,0.00838317,1.6623e-05,0.00840955,0.4,4,1049,55,1728,1045,1049,361,238,40,40,10,1
866,40,1,9.7623e-06,0,0.00838317,1.6623e-05,0.00840955,0.3,4,1198,61,1920,1194,1198,366,232,40,40,10,1
867,40,1,9.7623e-06,0,0.00838317,1.6623e-05,0.00840955,0.2,4,1118,70,2208,1114,1118,363,185,40,40,10,1
868,40,1,9.7623e-06,0,0.00838317,1.6623e-05,0.00840955,0.2,4,1138,59,1856,1134,1138,337,198,40,40,10,1
869,40,1,9.7623e-06,0,0.00838317,1.6623e-05,0.00840955,0.4,4,931,55,1728,927,931,337,198,40,40,10,1
870,40,1,9.7623e-06,0,0.00838317,1.6623e-05,0.00840955,0,4,1069,60,1888,1065,1069,381,241,40,40,10,1
871,40,1,9.7623e-06,0,0.00838317,1.6623e-05,0.00840955,0.2,4,1535,81,2560,1531,1535,376,173,40,40,10,1
872,40,1,9.7623e-06,0,0.00838317,1.6623e-05,0.00840955,0.1,4,1088,61,1920,1084,1088,392,254,40,40,10,1
873,40,1,9.7623e-06,0,0.00838317,1.6623e-05,0.00840955,0.5,4,1185,63,1984,1181,1185,357,192,40,40,10,1
874,40,1,9.7623e-06,0,0.00838317,1.6623e-05,0.00840955,0,4,712,49,1536,708,712,358,251,40,40,10,1
875,40,1,9.7623e-06,0,0.00838317,1.6623e-05,0.00840955,0,4,1129,58,1824,1125,1129,399,264,40,40,10,1
876,40,1,9.7623e-06,0,0.00838317,1.6623e-05,0.00840955,0.3,4,962,48,1504,958,962,304,189,40,40,10,1
877,40,1,9.7623e-06,0,0.00838317,1.6623e-05,0.00840955,0,4,1581,83,2624,1577,1581,411,219,40,40,10,1
878,40,1,9.7623e-06,0,0.00838317,1.6623e-05,0.00840955,0.2,4,1038,56,1760,1034,1038,359,237,40,40,10,1
879,40,1,9.7623e-06,0,0.00838317,1.6623e-05,0.00840955,0,4,1123,59,1856,1119,1123,327,196,40,40,10,1
880,40,1,9.7623e-06,0,0.00838317,1.6623e-05,0.00840955,0.5,4,862,47,1472,858,862,259,156,40,40,10,1
881,40,1,9.7623e-06,0,0.00838317,1.6623e-05,0.00840955,0.2,4,1024,57,1792,1020,1024,326,190,40,40,10,1
882,40,1,9.7623e-06,0,0.00838317,1.6623e-05,0.00840955,0.2,4,703,59,1856,699,703,333,202,40,40,10,1
883,40,1,9.7623e-06,0,0.00838317,1.6623e-05,0.00840955,0.4,4,823,51,1600,819,823,321,211,40,40,10,1
884,40,1,9.7623e-06,0,0.00838317,1.6623e-05,0.00840955,0.4,4,1451,68,2144,1447,1451,385,222,40,40,10,1
885,40,1,9.7623e-06,0,0.00838317,1.6623e-05,0.00840955,0,4,1103,59,1856,1099,1103,345,200,40,40,10,1
886,40,1,9.7623e-06,0,0.00838317,1.6623e-05,0.00840955,0.2,4,941,47,1472,937,941,308,198,40,40,10,1
887,40,1,9.7623e-06,0,0.00838317,1.6623e-05,0.00840955,0,4,874,47,1472,870,874,295,192,40,40,10,1
888,40,1,9.7623e-06,0,0.00838317,1.6623e-05,0.00840955,0.3,4,955,50,1568,951,955,299,199,40,40,10,1
889,40,1,9.7623e-06,0,0.00838317,1.6623e-05,0.00840955,0.5,4,1219,61,1920,1215,1219,372,230,40,40,10,1
890,40,1,9.7623e-06,0,0.00838317,1.6623e-05,0.00840955,0.2,4,1089,61,1920,1085,1089,338,175,40,40,10,1
891,40,1,9.7623e-06,0,0.00838317,1.6623e-05,0.00840955,0.3,4,987,52,1632,983,987,327,214,40,40,10,1
892,40,1,9.7623e-06,0,0.00838317,1.6623e-05,0.00840955,0,4,1110,55,1728,1106,1110,354,221,40,40,10,1
893,40,1,9.7623e-06,0,0.00838317,1.6623e-05,0.00840955,0,4,1178,60,1888,1174,1178,365,232,40,40,10,1
894,40,1,9.7623e-06,0,0.00838317,1.6623e-05,0.00840955,0.4,4,1298,66,2080,1294,1298,441,276,40,40,10,1
895,40,1,9.7623e-06,0,0.00838317,1.6623e-05,0.00840955,0.1,4,959,59,1856,955,959,311,184,40,40,10,1
896,40,1,9.7623e-06,0,0.00838317,1.6623e-05,0.00840955,0.4,4,808,47,1472,804,808,253,152,40,40,10,1
897,40,1,9.7623e-06,0,0.00838317,1.6623e-05,0.00840955,0.3,4,842,49,1536,838,842,337,243,40,40,10,1
898,40,1,9.7623e-06,0,0.00838317,1.6623e-05,0.00840955,0.3,4,1225,61,1920,1221,1225,419,273,40,40,10,1
899,40,1,9.7623e-06,0,0.00838317,1.6623e-05,0.00840955,0,4,1105,57,1792,1101,1105,364,227,40,40,10,1
900,40,1,9.7623e-06,0,0.00838317,1.6623e-05,0.00840955,0,4,1277,63,1984,1273,1277,296,134,40,40,10,1
901,40,1,9.7623e-06,0,0.00838317,1.6623e-05,0.00840955,0.1,4,1229,58,1824,1225,1229,360,238,40,40,10,1
902,40,1,9.7623e-06,0,0.00838317,1.6623e-05,0.00840955,0.2,4,920,65,2048,916,920,312,160,40,40,10,1
903,40,1,9.7623e-06,0,0.00838317,1.6623e-05,0.00840955,0.4,4,1160,73,2304,1156,1160,449,251,40,40,10,1
904,40,1,9.7623e-06,0,0.00838317,1.6623e-05,0.00840955,0.1,4,967,47,1472,963,967,289,183,40,40,10,1
905,40,1,9.7623e-06,0,0.00838317,1.6623e-05,0.00840955,0.4,4,866,48,1504,862,866,288,174,40,40,10,1
906,40,1,9.7623e-06,0,0.00838317,1.6623e-05,0.00840955,0,4,1043,55,1728,1039,1043,349,219,40,40,10,1
907,40,1,9.7623e-06,0,0.00838317,1.6623e-05,0.00840955,0.1,4,1105,62,1952,1101,1105,346,205,40,40,10,1
908,40,1,9.7623e-06,0,0.00838317,1.6623e-05,0.00840955,0.3,4,1200,61,1920,1196,1200,355,195,40,40,10,1
909,40,1,9.7623e-06,0,0.00838317,1.6623e-05,0.00840955,0.2,4,1068,58,1824,1064,1068,353,216,40,40,10,1
910,40,1,9.7623e-06,0,0.00838317,1.6623e-05,0.00840955,0.3,4,1277,64,2016,1273,1277,377,224,40,40,10,1
911,40,1,9.7623e-06,0,0.00838317,1.6623e-05,0.00840955,0,4,1343,62,1952,1339,1343,361,192,40,40,10,1
912,40,1,9.7623e-06,0,0.00838317,1.6623e-05,0.00840955,0.1,4,1154,56,1760,1150,1154,363,219,40,40,10,1
913,40,1,9.7623e-06,0,0.00838317,1.6623e-05,0.00840955,0,4,1194,63,1984,1190,1194,348,197,40,40,10,1
914,40,1,9.7623e-06,0,0.00838317,1.6623e-05,0.00840955,0.1,4,1524,74,2336,1520,1524,407,230,40,40,10,1
915,40,1,9.7623e-06,0,0.00838317,1.6623e-05,0.00840955,0,4,986,52,1632,982,986,312,191,40,40,10,1
916,40,1,9.7623e-06,0,0.00838317,1.6623e-05,0.00840955,0,4,1011,54,1696,1007,1011,291,176,40,40,10,1
917,40,1,9.7623e-06,0,0.00838317,1.6623e-05,0.00840955,0.3,4,1014,70,2208,1010,1014,343,177,40,40,10,1
918,40,1,9.7623e-06,0,0.00838317,1.6623e-05,0.00840955,0.3,4,1279,65,2048,1275,1279,372,233,40,40,10,1
919,40,1,9.7623e-06,0,0.00838317,1.6623e-05,0.00840955,0.2,4,831,45,1408,827,831,298,192,40,40,10,1
920,40,1,9.7623e-06,0,0.00838317,1.6623e-05,0.00840955,0.3,4,1216,56,1760,1212,1216,392,274,40,40,10,1
921,40,1,9.7623e-06,0,0.00838317,1.6623e-05,0.00840955,0.1,4,1450,72,2272,1446,1450,384,205,40,40,10,1
922,40,1,9.7623e-06,0,0.00838317,1.6623e-05,0.00840955,0.3,4,1065,66,2080,1061,1065,418,272,40,40,10,1
923,40,1,9.7623e-06,0,0.00838317,1.6623e-05,0.00840955,0.1,4,1273,64,2016,1269,1273,331,165,40,40,10,1
924,40,1,9.7623e-06,0,0.00838317,1.6623e-05,0.00840955,0,4,915,47,1472,911,915,350,237,40,40,10,1
925,40,1,9.7623e-06,0,0.00838317,1.6623e-05,0.00840955,0.4,4,786,52,1632,782,786,317,193,40,40,10,1
926,40,1,9.7623e-06,0,0.00838317,1.6623e-05,0.00840955,0.2,4,1120,70,2208,1116,1120,442,272,40,40,10,1
927,40,1,9.7623e-06,0,0.00838317,1.6623e-05,0.00840955,0.1,4,1190,57,1792,1186,1190,340,222,40,40,10,1
928,40,1,9.7623e-06,0,0.00838317,1.6623e-05,0.00840955,0.3,4,997,58,1824,993,997,356,231,40,40,10,1
929,40,1,9.7623e-06,0,0.00838317,1.6623e-05,0.00840955,0.2,4,958,55,1728,954,958,408,280,40,40,10,1
930,40,1,9.7623e-06,0,0.00838317,1.6623e-05,0.00840955,0.1,4,1125,55,1728,1121,1125,338,216,40,40,10,1
931,40,1,9.7623e-06,0,0.00838317,1.6623e-05,0.00840955,0.5,4,1052,58,1824,1048,1052,362,240,40,40,10,1
932,40,1,9.7623e-06,0,0.00838317,1.6623e-05,0.00840955,0,4,1099,62,1952,1095,1099,304,181,40,40,10,1
933,40,1,9.7623e-06,0,0.00838317,1.6623e-05,0.00840955,0.3,4,1000,61,1920,996,1000,367,239,40,40,10,1
934,40,1,9.7623e-06,0,0.00838317,1.6623e-05,0.00840955,0.1,4,1220,68,2144,1216,1220,415,265,40,40,10,1
935,40,1,9.7623e-06,0,0.00838317,1.6623e-05,0.00840955,0.3,4,1028,57,1792,1024,1028,345,236,40,40,10,1
936,40,1,9.7623e-06,0,0.00838317,1.6623e-05,0.00840955,0.3,4,1376,71,2240,1372,1376,377,221,40,40,10,1
937,40,1,9.7623e-06,0,0.00838317,1.6623e-05,0.00840955,0.1,4,1221,61,1920,1217,1221,384,229,40,40,10,1
938,40,1,9.7623e-06,0,0.00838317,1.6623e-05,0.00840955,0,4,817,50,1568,813,817,295,192,40,40,10,1
939,40,1,9.7623e-06,0,0.00838317,1.6623e-05,0.00840955,0.1,4,1101,64,2016,1097,1101,345,198,40,40,10,1
940,40,1,9.7623e-06,0,0.00838317,1.6623e-05,0.00840955,0,4,1035,51,1600,1031,1035,338,216,40,40,10,1
941,40,1,9.7623e-06,0,0.00838317,1.6623e-05,0.00840955,0.4,4,1342,68,2144,1338,1342,431,253,40,40,10,1
942,40,1,9.7623e-06,0,0.00838317,1.6623e-05,0.00840955,0.3,4,998,53,1664,994,998,360,242,40,40,10,1
943,40,1,9.7623e-06,0,0.00838317,1.6623e-05,0.00840955,0.2,4,914,48,1504,910,914,306,171,40,40,10,1
944,40,1,9.7623e-06,0,0.00838317,1.6623e-05,0.00840955,0.2,4,841,52,1632,837,841,316,211,40,40,10,1
945,40,1,9.7623e-06,0,0.00838317,1.6623e-05,0.00840955,0.4,4,455,46,1440,451,455,262,177,40,40,10,1
946,40,1,9.7623e-06,0,0.00838317,1.6623e-05,0.00840955,0.6,4,1082,59,1856,1078,1082,417,287,40,40,10,1
947,40,1,9.7623e-06,0,0.00838317,1.6623e-05,0.00840955,0.2,4,836,46,1440,832,836,320,217,40,40,10,1
948,40,1,9.7623e-06,0,0.00838317,1.6623e-05,0.00840955,0.1,4,1476,69,2176,1472,1476,448,262,40,40,10,1
949,40,1,9.7623e-06,0,0.00838317,1.6623e-05,0.00840955,0.1,4,1428,71,2240,1424,1428,484,318,40,40,10,1
950,40,1,9.7623e-06,0,0.00838317,1.6623e-05,0.00840955,0.3,4,1165,64,2016,1161,1165,394,244,40,40,10,1
951,40,1,9.7623e-06,0,0.00838317,1.6623e-05,0.00840955,0.1,4,1234,68,2144,1230,1234,423,260,40,40,10,1
952,40,1,9.7623e-06,0,0.00838317,1.6623e-05,0.00840955,0.3,4,918,45,1408,914,918,275,176,40,40,10,1
953,40,1,9.7623e-06,0,0.00838317,1.6623e-05,0.00840955,0.2,4,1406,69,2176,1402,1406,374,209,40,40,10,1
954,40,1,9.7623e-06,0,0.00838317,1.6623e-05,0.00840955,0.3,4,1134,62,1952,1130,1134,412,260,40,40,10,1
955,40,1,9.7623e-06,0,0.00838317,1.6623e-05,0.00840955,0,4,867,51,1600,863,867,335,253,40,40,10,1
956,40,1,9.7623e-06,0,0.00838317,1.6623e-05,0.00840955,0.1,4,990,53,1664,986,990,321,201,40,40,10,1
957,40,1,9.7623e-06,0,0.00838317,1.6623e-05,0.00840955,0.1,4,1001,48,1504,997,1001,300,185,40,40,10,1
958,40,1,9.7623e-06,0,0.00838317,1.6623e-05,0.00840955,0,4,1208,60,1888,1204,1208,314,170,40,40,10,1
959,40,1,9.7623e-06,0,0.00838317,1.6623e-05,0.00840955,0,4,995,54,1696,991,995,299,178,40,40,10,1
960,40,1,9.7623e-06,0,0.00838317,1.6623e-05,0.00840955,0,4,975,48,1504,971,975,315,198,40,40,10,1
961,40,1,9.7623e-06,0,0.00838317,1.6623e-05,0.00840955,0,4,1153,64,2016,1149,1153,370,215,40,40,10,1
962,40,1,9.7623e-06,0,0.00838317,1.6623e-05,0.00840955,0.1,4,958,50,1568,954,958,323,221,40,40,10,1
963,40,1,9.7623e-06,0,0.00838317,1.6623e-05,0.00840955,0.5,4,1387,72,2272,1383,1387,400,225,40,40,10,1
964,40,1,9.7623e-06,0,0.00838317,1.6623e-05,0.00840955,0,4,1093,59,1856,1089,1093,371,217,40,40,10,1
965,40,1,9.7623e-06,0,0.00838317,1.6623e-05,0.00840955,0.2,4,1022,56,1760,1018,1022,415,297,40,40,10,1
966,40,1,9.7623e-06,0,0.00838317,1.6623e-05,0.00840955,0.5,4,886,49,1536,882,886,378,248,40,40,10,1
967,40,1,9.7623e-06,0,0.00838317,1.6623e-05,0.00840955,0.3,4,1114,61,1920,1110,1114,329,185,40,40,10,1
968,40,1,9.7623e-06,0,0.00838317,1.6623e-05,0.00840955,0.2,4,812,61,1920,808,812,349,224,40,40,10,1
969,40,1,9.7623e-06,0,0.00838317,1.6623e-05,0.00840955,0.3,4,891,56,1760,887,891,328,202,40,40,10,1
970,40,1,9.7623e-06,0,0.00838317,1.6623e-05,0.00840955,0,4,1082,54,1696,1078,1082,362,218,40,40,10,1
971,40,1,9.7623e-06,0,0.00838317,1.6623e-05,0.00840955,0.4,4,935,55,1728,931,935,336,198,40,40,10,1
972,40,1,9.7623e-06,0,0.00838317,1.6623e-05,0.00840955,0,4,1020,61,1920,1016,1020,344,195,40,40,10,1
973,40,1,9.7623e-06,0,0.00838317,1.6623e-05,0.00840955,0.3,4,999,60,1888,995,999,349,216,40,40,10,1
974,40,1,9.7623e-06,0,0.00838317,1.6623e-05,0.00840955,0,4,797,47,1472,793,797,314,226,40,40,10,1
975,40,1,9.7623e-06,0,0.00838317,1.6623e-05,0.00840955,0.3,4,884,52,1632,880,884,297,187,40,40,10,1
976,40,1,9.7623e-06,0,0.00838317,1.6623e-05,0.00840955,0.3,4,772,57,1792,768,772,358,243,40,40,10,1
977,40,1,9.7623e-06,0,0.00838317,1.6623e-05,0.00840955,0,4,1283,63,1984,1279,1283,382,236,40,40,10,1
978,40,1,9.7623e-06,0,0.00838317,1.6623e-05,0.00840955,0.2,4,758,53,1664,754,758,321,214,40,40,10,1
979,40,1,9.7623e-06,0,0.00838317,1.6623e-05,0.00840955,0.4,4,992,64,2016,988,992,391,234,40,40,10,1
980,40,1,9.7623e-06,0,0.00838317,1.6623e-05,0.00840955,0.1,4,927,54,1696,923,927,303,178,40,40,10,1
981,40,1,9.7623e-06,0,0.00838317,1.6623e-05,0.00840955,0.1,4,998,52,1632,994,998,333,219,40,40,10,1
982,40,1,9.7623e-06,0,0.00838317,1.6623e-05,0.00840955,0.1,4,1011,54,1696,1007,1011,323,194,40,40,10,1
983,40,1,9.7623e-06,0,0.00838317,1.6623e-05,0.00840955,0.1,4,1082,58,1824,1078,1082,420,279,40,40,10,1
984,40,1,9.7623e-06,0,0.00838317,1.6623e-05,0.00840955,0.2,4,1034,54,1696,1030,1034,349,213,40,40,10,1
985,40,1,9.7623e-06,0,0.00838317,1.6623e-05,0.00840955,0.2,4,1514,81,2560,1510,1514,439,234,40,40,10,1
986,40,1,9.7623e-06,0,0.00838317,1.6623e-05,0.00840955,0.1,4,1106,59,1856,1102,1106,365,207,40,40,10,1
987,40,1,9.7623e-06,0,0.00838317,1.6623e-05,0.00840955,0.4,4,980,51,1600,976,980,327,200,40,40,10,1
988,40,1,9.7623e-06,0,0.00838317,1.6623e-05,0.00840955,0.4,4,923,61,1920,919,923,383,245,40,40,10,1
989,40,1,9.7623e-06,0,0.00838317,1.6623e-05,0.00840955,0.2,4,1154,62,1952,1150,1154,362,198,40,40,10,1
990,40,1,9.7623e-06,0,0.00838317,1.6623e-05,0.00840955,0.1,4,976,56,1760,972,976,352,219,40,40,10,1
991,40,1,9.7623e-06,0,0.00838317,1.6623e-05,0.00840955,0,4,1122,51,1600,1118,1122,362,255,40,40,10,1
992,40,1,9.7623e-06,0,0.00838317,1.6623e-05,0.00840955,0,4,990,52,1632,986,990,360,240,40,40,10,1
993,40,1,9.7623e-06,0,0.00838317,1.6623e-05,0.00840955,0,4,934,49,1536,930,934,341,237,40,40,10,1
994,40,1,9.7623e-06,0,0.00838317,1.6623e-05,0.00840955,0.5,4,736,51,1600,732,736,313,186,40,40,10,1
995,40,1,9.7623e-06,0,0.00838317,1.6623e-05,0.00840955,0.3,4,1150,60,1888,1146,1150,362,218,40,40,10,1
996,40,1,9.7623e-06,0,0.00838317,1.6623e-05,0.00840955,0,4,1037,56,1760,1033,1037,359,244,40,40,10,1
997,40,1,9.7623e-06,0,0.00838317,1.6623e-05,0.00840955,0.3,4,790,47,1472,786,790,272,191,40,40,10,1
998,40,1,9.7623e-06,0,0.00838317,1.6623e-05,0.00840955,0.4,4,942,60,1888,938,942,384,247,40,40,10,1
999,40,1,9.7623e-06,0,0.00838317,1.6623e-05,0.00840955,0,4,1329,62,1952,1325,1329,374,232,40,40,10,1
