query_id,pq,batch_index,approx_h2d_ms,approx_memset_ms,approx_kernel_ms,approx_d2h_ms,approx_total_ms,recall,seed_count,visited_nodes,expanded_nodes,neighbor_slots_scanned,candidate_nodes,distance_evals,frontier_pushes,result_updates,peak_frontier,peak_results,result_count,early_stopped
0,30,0,3.98535e-05,0,0.0050049,1.99375e-05,0.00506469,0.5,4,707,34,1056,703,707,228,143,30,30,10,1
1,30,0,3.98535e-05,0,0.0050049,1.99375e-05,0.00506469,0.8,4,801,40,1248,797,801,266,171,30,30,10,1
2,30,0,3.98535e-05,0,0.0050049,1.99375e-05,0.00506469,0.8,4,733,36,1120,729,733,272,187,30,30,10,1
3,30,0,3.98535e-05,0,0.0050049,1.99375e-05,0.00506469,1,4,459,35,1088,455,459,217,148,30,30,10,1
4,30,0,3.98535e-05,0,0.0050049,1.99375e-05,0.00506469,0.8,4,622,36,1120,618,622,254,169,30,30,10,1
5,30,0,3.98535e-05,0,0.0050049,1.99375e-05,0.00506469,0.6,4,922,49,1536,918,922,347,212,30,30,10,1
6,30,0,3.98535e-05,0,0.0050049,1.99375e-05,0.00506469,0.8,4,707,35,1088,703,707,222,141,30,30,10,1
7,30,0,3.98535e-05,0,0.0050049,1.99375e-05,0.00506469,1,4,592,41,1280,588,592,321,245,30,30,10,1
8,30,0,3.98535e-05,0,0.0050049,1.99375e-05,0.00506469,0.9,4,731,34,1056,727,731,242,149,30,30,10,1
9,30,0,3.98535e-05,0,0.0050049,1.99375e-05,0.00506469,0.9,4,766,38,1184,762,766,298,202,30,30,10,1
10,30,0,3.98535e-05,0,0.0050049,1.99375e-05,0.00506469,0.8,4,738,44,1376,734,738,277,170,30,30,10,1
11,30,0,3.98535e-05,0,0.0050049,1.99375e-05,0.00506469,0.6,4,724,37,1152,720,724,265,182,30,30,10,1
12,30,0,3.98535e-05,0,0.0050049,1.99375e-05,0.00506469,0.9,4,611,36,1120,607,611,246,152,30,30,10,1
13,30,0,3.98535e-05,0,0.0050049,1.99375e-05,0.00506469,0.8,4,690,36,1120,686,690,253,175,30,30,10,1
14,30,0,3.98535e-05,0,0.0050049,1.99375e-05,0.00506469,0.6,4,765,41,1280,761,765,257,167,30,30,10,1
15,30,0,3.98535e-05,0,0.0050049,1.99375e-05,0.00506469,0.8,4,591,37,1152,587,591,242,174,30,30,10,1
16,30,0,3.98535e-05,0,0.0050049,1.99375e-05,0.00506469,0.9,4,738,40,1248,734,738,258,167,30,30,10,1
17,30,0,3.98535e-05,0,0.0050049,1.99375e-05,0.00506469,0.4,4,759,39,1216,755,759,232,137,30,30,10,1
18,30,0,3.98535e-05,0,0.0050049,1.99375e-05,0.00506469,0.7,4,908,45,1408,904,908,312,200,30,30,10,1
19,30,0,3.98535e-05,0,0.0050049,1.99375e-05,0.00506469,0.9,4,715,35,1088,711,715,239,163,30,30,10,1
20,30,0,3.98535e-05,0,0.0050049,1.99375e-05,0.00506469,1,4,666,38,1184,662,666,299,222,30,30,10,1
21,30,0,3.98535e-05,0,0.0050049,1.99375e-05,0.00506469,1,4,732,35,1088,728,732,275,185,30,30,10,1
22,30,0,3.98535e-05,0,0.0050049,1.99375e-05,0.00506469,1,4,889,52,1632,885,889,312,186,30,30,10,1
23,30,0,3.98535e-05,0,0.0050049,1.99375e-05,0.00506469,0.9,4,663,35,1088,659,663,266,196,30,30,10,1
24,30,0,3.98535e-05,0,0.0050049,1.99375e-05,0.00506469,1,4,743,39,1216,739,743,293,204,30,30,10,1
25,30,0,3.98535e-05,0,0.0050049,1.99375e-05,0.00506469,1,4,685,36,1120,681,685,274,203,30,30,10,1
26,30,0,3.98535e-05,0,0.0050049,1.99375e-05,0.00506469,0.8,4,808,41,1280,804,808,324,217,30,30,10,1
27,30,0,3.98535e-05,0,0.0050049,1.99375e-05,0.00506469,0.7,4,771,38,1184,767,771,317,220,30,30,10,1
28,30,0,3.98535e-05,0,0.0050049,1.99375e-05,0.00506469,0.6,4,753,39,1216,749,753,300,221,30,30,10,1
29,30,0,3.98535e-05,0,0.0050049,1.99375e-05,0.00506469,0.9,4,620,39,1216,616,620,307,233,30,30,10,1
30,30,0,3.98535e-05,0,0.0050049,1.99375e-05,0.00506469,0.6,4,685,40,1248,681,685,301,212,30,30,10,1
31,30,0,3.98535e-05,0,0.0050049,1.99375e-05,0.00506469,0.9,4,714,37,1152,710,714,280,206,30,30,10,1
32,30,0,3.98535e-05,0,0.0050049,1.99375e-05,0.00506469,1,4,676,34,1056,672,676,252,170,30,30,10,1
33,30,0,3.98535e-05,0,0.0050049,1.99375e-05,0.00506469,1,4,565,39,1216,561,565,275,196,30,30,10,1
34,30,0,3.98535e-05,0,0.0050049,1.99375e-05,0.00506469,1,4,684,38,1184,680,684,262,176,30,30,10,1
35,30,0,3.98535e-05,0,0.0050049,1.99375e-05,0.00506469,1,4,742,38,1184,738,742,279,172,30,30,10,1
36,30,0,3.98535e-05,0,0.0050049,1.99375e-05,0.00506469,0.5,4,677,38,1184,673,677,245,174,30,30,10,1
37,30,0,3.98535e-05,0,0.0050049,1.99375e-05,0.00506469,1,4,602,40,1248,598,602,310,224,30,30,10,1
38,30,0,3.98535e-05,0,0.0050049,1.99375e-05,0.00506469,1,4,678,39,1216,674,678,268,188,30,30,10,1
39,30,0,3.98535e-05,0,0.0050049,1.99375e-05,0.00506469,1,4,637,34,1056,633,637,237,157,30,30,10,1
40,30,0,3.98535e-05,0,0.0050049,1.99375e-05,0.00506469,1,4,743,38,1184,739,743,291,201,30,30,10,1
41,30,0,3.98535e-05,0,0.0050049,1.99375e-05,0.00506469,0.6,4,633,40,1248,629,633,322,248,30,30,10,1
42,30,0,3.98535e-05,0,0.0050049,1.99375e-05,0.00506469,1,4,678,37,1152,674,678,292,195,30,30,10,1
43,30,0,3.98535e-05,0,0.0050049,1.99375e-05,0.00506469,0.5,4,775,42,1312,771,775,310,170,30,30,10,1
44,30,0,3.98535e-05,0,0.0050049,1.99375e-05,0.00506469,0.9,4,688,41,1280,684,688,312,240,30,30,10,1
45,30,0,3.98535e-05,0,0.0050049,1.99375e-05,0.00506469,1,4,635,36,1120,631,635,289,203,30,30,10,1
46,30,0,3.98535e-05,0,0.0050049,1.99375e-05,0.00506469,1,4,724,42,1312,720,724,343,267,30,30,10,1
47,30,0,3.98535e-05,0,0.0050049,1.99375e-05,0.00506469,0.5,4,734,43,1344,730,734,315,209,30,30,10,1
48,30,0,3.98535e-05,0,0.0050049,1.99375e-05,0.00506469,1,4,576,40,1248,572,576,286,206,30,30,10,1
49,30,0,3.98535e-05,0,0.0050049,1.99375e-05,0.00506469,1,4,583,36,1120,579,583,289,188,30,30,10,1
50,30,0,3.98535e-05,0,0.0050049,1.99375e-05,0.00506469,0.9,4,658,38,1184,654,658,300,199,30,30,10,1
51,30,0,3.98535e-05,0,0.0050049,1.99375e-05,0.00506469,1,4,604,36,1120,600,604,239,163,30,30,10,1
52,30,0,3.98535e-05,0,0.0050049,1.99375e-05,0.00506469,1,4,829,43,1344,825,829,336,224,30,30,10,1
53,30,0,3.98535e-05,0,0.0050049,1.99375e-05,0.00506469,0.9,4,788,37,1152,784,788,300,224,30,30,10,1
54,30,0,3.98535e-05,0,0.0050049,1.99375e-05,0.00506469,0.9,4,649,49,1536,645,649,356,261,30,30,10,1
55,30,0,3.98535e-05,0,0.0050049,1.99375e-05,0.00506469,1,4,553,40,1248,549,553,350,256,30,30,10,1
56,30,0,3.98535e-05,0,0.0050049,1.99375e-05,0.00506469,0.8,4,730,36,1120,726,730,311,222,30,30,10,1
57,30,0,3.98535e-05,0,0.0050049,1.99375e-05,0.00506469,1,4,599,35,1088,595,599,254,160,30,30,10,1
58,30,0,3.98535e-05,0,0.0050049,1.99375e-05,0.00506469,1,4,645,36,1120,641,645,276,196,30,30,10,1
59,30,0,3.98535e-05,0,0.0050049,1.99375e-05,0.00506469,1,4,585,48,1504,581,585,329,222,30,30,10,1
60,30,0,3.98535e-05,0,0.0050049,1.99375e-05,0.00506469,0.6,4,836,40,1248,832,836,303,215,30,30,10,1
61,30,0,3.98535e-05,0,0.0050049,1.99375e-05,0.00506469,1,4,588,37,1152,584,588,277,198,30,30,10,1
62,30,0,3.98535e-05,0,0.0050049,1.99375e-05,0.00506469,1,4,575,39,1216,571,575,332,238,30,30,10,1
63,30,0,3.98535e-05,0,0.0050049,1.99375e-05,0.00506469,0.4,4,663,41,1280,659,663,298,214,30,30,10,1
64,30,0,3.98535e-05,0,0.0050049,1.99375e-05,0.00506469,1,4,471,34,1056,467,471,232,160,30,30,10,1
65,30,0,3.98535e-05,0,0.0050049,1.99375e-05,0.00506469,0.8,4,725,41,1280,721,725,329,251,30,30,10,1
66,30,0,3.98535e-05,0,0.0050049,1.99375e-05,0.00506469,0.9,4,462,34,1056,458,462,213,142,30,30,10,1
67,30,0,3.98535e-05,0,0.0050049,1.99375e-05,0.00506469,1,4,658,39,1216,654,658,291,217,30,30,10,1
68,30,0,3.98535e-05,0,0.0050049,1.99375e-05,0.00506469,0.9,4,557,35,1088,553,557,261,183,30,30,10,1
69,30,0,3.98535e-05,0,0.0050049,1.99375e-05,0.00506469,0.7,4,703,39,1216,699,703,278,188,30,30,10,1
70,30,0,3.98535e-05,0,0.0050049,1.99375e-05,0.00506469,1,4,547,36,1120,543,547,269,184,30,30,10,1
71,30,0,3.98535e-05,0,0.0050049,1.99375e-05,0.00506469,0.9,4,546,36,1120,542,546,292,207,30,30,10,1
72,30,0,3.98535e-05,0,0.0050049,1.99375e-05,0.00506469,0.6,4,580,36,1120,576,580,230,143,30,30,10,1
73,30,0,3.98535e-05,0,0.0050049,1.99375e-05,0.00506469,1,4,703,38,1184,699,703,276,201,30,30,10,1
74,30,0,3.98535e-05,0,0.0050049,1.99375e-05,0.00506469,0.4,4,767,41,1280,763,767,308,202,30,30,10,1
75,30,0,3.98535e-05,0,0.0050049,1.99375e-05,0.00506469,0.7,4,801,45,1408,797,801,329,239,30,30,10,1
76,30,0,3.98535e-05,0,0.0050049,1.99375e-05,0.00506469,1,4,651,41,1280,647,651,316,226,30,30,10,1
77,30,0,3.98535e-05,0,0.0050049,1.99375e-05,0.00506469,0.7,4,678,37,1152,674,678,309,227,30,30,10,1
78,30,0,3.98535e-05,0,0.0050049,1.99375e-05,0.00506469,0.8,4,902,48,1504,898,902,322,203,30,30,10,1
79,30,0,3.98535e-05,0,0.0050049,1.99375e-05,0.00506469,1,4,602,38,1184,598,602,324,238,30,30,10,1
80,30,0,3.98535e-05,0,0.0050049,1.99375e-05,0.00506469,0.9,4,752,40,1248,748,752,348,261,30,30,10,1
81,30,0,3.98535e-05,0,0.0050049,1.99375e-05,0.00506469,0.6,4,659,35,1088,655,659,246,166,30,30,10,1
82,30,0,3.98535e-05,0,0.0050049,1.99375e-05,0.00506469,0.6,4,804,43,1344,800,804,316,200,30,30,10,1
83,30,0,3.98535e-05,0,0.0050049,1.99375e-05,0.00506469,1,4,655,35,1088,651,655,257,185,30,30,10,1
84,30,0,3.98535e-05,0,0.0050049,1.99375e-05,0.00506469,0.7,4,738,37,1152,734,738,240,154,30,30,10,1
85,30,0,3.98535e-05,0,0.0050049,1.99375e-05,0.00506469,1,4,458,41,1280,454,458,303,217,30,30,10,1
86,30,0,3.98535e-05,0,0.0050049,1.99375e-05,0.00506469,1,4,549,39,1216,545,549,302,219,30,30,10,1
87,30,0,3.98535e-05,0,0.0050049,1.99375e-05,0.00506469,1,4,514,40,1248,510,514,323,247,30,30,10,1
88,30,0,3.98535e-05,0,0.0050049,1.99375e-05,0.00506469,1,4,496,38,1184,492,496,298,209,30,30,10,1
89,30,0,3.98535e-05,0,0.0050049,1.99375e-05,0.00506469,1,4,744,40,1248,740,744,344,268,30,30,10,1
90,30,0,3.98535e-05,0,0.0050049,1.99375e-05,0.00506469,1,4,429,35,1088,425,429,237,174,30,30,10,1
91,30,0,3.98535e-05,0,0.0050049,1.99375e-05,0.00506469,0.9,4,673,43,1344,669,673,330,232,30,30,10,1
92,30,0,3.98535e-05,0,0.0050049,1.99375e-05,0.00506469,0.5,4,610,38,1184,606,610,242,155,30,30,10,1
93,30,0,3.98535e-05,0,0.0050049,1.99375e-05,0.00506469,0.9,4,558,36,1120,554,558,252,150,30,30,10,1
94,30,0,3.98535e-05,0,0.0050049,1.99375e-05,0.00506469,1,4,434,36,1120,430,434,251,184,30,30,10,1
95,30,0,3.98535e-05,0,0.0050049,1.99375e-05,0.00506469,0.8,4,800,45,1408,796,800,320,238,30,30,10,1
96,30,0,3.98535e-05,0,0.0050049,1.99375e-05,0.00506469,0.6,4,695,36,1120,691,695,284,208,30,30,10,1
97,30,0,3.98535e-05,0,0.0050049,1.99375e-05,0.00506469,0.6,4,530,36,1120,526,530,239,161,30,30,10,1
98,30,0,3.98535e-05,0,0.0050049,1.99375e-05,0.00506469,0.9,4,609,38,1184,605,609,330,255,30,30,10,1
99,30,0,3.98535e-05,0,0.0050049,1.99375e-05,0.00506469,1,4,578,35,1088,574,578,241,155,30,30,10,1
100,30,0,3.98535e-05,0,0.0050049,1.99375e-05,0.00506469,0.9,4,651,35,1088,647,651,270,186,30,30,10,1
101,30,0,3.98535e-05,0,0.0050049,1.99375e-05,0.00506469,0.9,4,608,38,1184,604,608,280,202,30,30,10,1
102,30,0,3.98535e-05,0,0.0050049,1.99375e-05,0.00506469,0.8,4,717,42,1312,713,717,306,202,30,30,10,1
103,30,0,3.98535e-05,0,0.0050049,1.99375e-05,0.00506469,0.9,4,564,37,1152,560,564,277,208,30,30,10,1
104,30,0,3.98535e-05,0,0.0050049,1.99375e-05,0.00506469,1,4,656,35,1088,652,656,270,182,30,30,10,1
105,30,0,3.98535e-05,0,0.0050049,1.99375e-05,0.00506469,0.7,4,762,41,1280,758,762,336,261,30,30,10,1
106,30,0,3.98535e-05,0,0.0050049,1.99375e-05,0.00506469,0.9,4,582,34,1056,578,582,249,168,30,30,10,1
107,30,0,3.98535e-05,0,0.0050049,1.99375e-05,0.00506469,1,4,532,39,1216,528,532,307,237,30,30,10,1
108,30,0,3.98535e-05,0,0.0050049,1.99375e-05,0.00506469,0.9,4,395,39,1216,391,395,301,233,30,30,10,1
109,30,0,3.98535e-05,0,0.0050049,1.99375e-05,0.00506469,0.8,4,601,36,1120,597,601,268,191,30,30,10,1
110,30,0,3.98535e-05,0,0.0050049,1.99375e-05,0.00506469,0.8,4,643,39,1216,639,643,278,193,30,30,10,1
111,30,0,3.98535e-05,0,0.0050049,1.99375e-05,0.00506469,0.9,4,861,42,1312,857,861,335,226,30,30,10,1
112,30,0,3.98535e-05,0,0.0050049,1.99375e-05,0.00506469,1,4,402,38,1184,398,402,279,211,30,30,10,1
113,30,0,3.98535e-05,0,0.0050049,1.99375e-05,0.00506469,0.8,4,742,41,1280,738,742,310,230,30,30,10,1
114,30,0,3.98535e-05,0,0.0050049,1.99375e-05,0.00506469,1,4,448,35,1088,444,448,260,179,30,30,10,1
115,30,0,3.98535e-05,0,0.0050049,1.99375e-05,0.00506469,0.6,4,790,40,1248,786,790,271,180,30,30,10,1
116,30,0,3.98535e-05,0,0.0050049,1.99375e-05,0.00506469,1,4,445,36,1120,441,445,281,208,30,30,10,1
117,30,0,3.98535e-05,0,0.0050049,1.99375e-05,0.00506469,0.9,4,714,40,1248,710,714,256,156,30,30,10,1
118,30,0,3.98535e-05,0,0.0050049,1.99375e-05,0.00506469,1,4,618,36,1120,614,618,250,182,30,30,10,1
119,30,0,3.98535e-05,0,0.0050049,1.99375e-05,0.00506469,1,4,469,39,1216,465,469,306,247,30,30,10,1
120,30,0,3.98535e-05,0,0.0050049,1.99375e-05,0.00506469,0.7,4,914,49,1536,910,914,360,260,30,30,10,1
121,30,0,3.98535e-05,0,0.0050049,1.99375e-05,0.00506469,0.6,4,705,38,1184,701,705,302,205,30,30,10,1
122,30,0,3.98535e-05,0,0.0050049,1.99375e-05,0.00506469,1,4,697,37,1152,693,697,295,210,30,30,10,1
123,30,0,3.98535e-05,0,0.0050049,1.99375e-05,0.00506469,1,4,575,38,1184,571,575,261,184,30,30,10,1
124,30,0,3.98535e-05,0,0.0050049,1.99375e-05,0.00506469,1,4,650,37,1152,646,650,270,177,30,30,10,1
125,30,0,3.98535e-05,0,0.0050049,1.99375e-05,0.00506469,1,4,625,35,1088,621,625,244,181,30,30,10,1
126,30,0,3.98535e-05,0,0.0050049,1.99375e-05,0.00506469,0.4,4,870,39,1216,866,870,316,220,30,30,10,1
127,30,0,3.98535e-05,0,0.0050049,1.99375e-05,0.00506469,1,4,624,33,1024,620,624,225,143,30,30,10,1
128,30,0,3.98535e-05,0,0.0050049,1.99375e-05,0.00506469,0.9,4,631,35,1088,627,631,247,165,30,30,10,1
129,30,0,3.98535e-05,0,0.0050049,1.99375e-05,0.00506469,1,4,651,41,1280,647,651,331,243,30,30,10,1
130,30,0,3.98535e-05,0,0.0050049,1.99375e-05,0.00506469,0.5,4,891,49,1536,887,891,320,195,30,30,10,1
131,30,0,3.98535e-05,0,0.0050049,1.99375e-05,0.00506469,1,4,615,39,1216,611,615,277,208,30,30,10,1
132,30,0,3.98535e-05,0,0.0050049,1.99375e-05,0.00506469,0.8,4,787,39,1216,783,787,263,163,30,30,10,1
133,30,0,3.98535e-05,0,0.0050049,1.99375e-05,0.00506469,0.4,4,914,50,1568,910,914,305,192,30,30,10,1
134,30,0,3.98535e-05,0,0.0050049,1.99375e-05,0.00506469,0.8,4,653,41,1280,649,653,362,279,30,30,10,1
135,30,0,3.98535e-05,0,0.0050049,1.99375e-05,0.00506469,0.3,4,761,39,1216,757,761,306,222,30,30,10,1
136,30,0,3.98535e-05,0,0.0050049,1.99375e-05,0.00506469,1,4,741,41,1280,737,741,287,192,30,30,10,1
137,30,0,3.98535e-05,0,0.0050049,1.99375e-05,0.00506469,1,4,659,38,1184,655,659,288,204,30,30,10,1
138,30,0,3.98535e-05,0,0.0050049,1.99375e-05,0.00506469,1,4,707,40,1248,703,707,338,242,30,30,10,1
139,30,0,3.98535e-05,0,0.0050049,1.99375e-05,0.00506469,0.5,4,619,34,1056,615,619,240,167,30,30,10,1
140,30,0,3.98535e-05,0,0.0050049,1.99375e-05,0.00506469,0.7,4,930,45,1408,926,930,316,219,30,30,10,1
141,30,0,3.98535e-05,0,0.0050049,1.99375e-05,0.00506469,1,4,422,38,1184,418,422,253,167,30,30,10,1
142,30,0,3.98535e-05,0,0.0050049,1.99375e-05,0.00506469,0.8,4,770,45,1408,766,770,307,199,30,30,10,1
143,30,0,3.98535e-05,0,0.0050049,1.99375e-05,0.00506469,1,4,596,39,1216,592,596,321,248,30,30,10,1
144,30,0,3.98535e-05,0,0.0050049,1.99375e-05,0.00506469,0.9,4,599,36,1120,595,599,235,151,30,30,10,1
145,30,0,3.98535e-05,0,0.0050049,1.99375e-05,0.00506469,0.7,4,652,38,1184,648,652,286,207,30,30,10,1
146,30,0,3.98535e-05,0,0.0050049,1.99375e-05,0.00506469,0.9,4,764,42,1312,760,764,308,222,30,30,10,1
147,30,0,3.98535e-05,0,0.0050049,1.99375e-05,0.00506469,1,4,584,36,1120,580,584,249,169,30,30,10,1
148,30,0,3.98535e-05,0,0.0050049,1.99375e-05,0.00506469,1,4,663,40,1248,659,663,287,212,30,30,10,1
149,30,0,3.98535e-05,0,0.0050049,1.99375e-05,0.00506469,1,4,765,45,1408,761,765,322,242,30,30,10,1
150,30,0,3.98535e-05,0,0.0050049,1.99375e-05,0.00506469,0.6,4,857,44,1376,853,857,315,210,30,30,10,1
151,30,0,3.98535e-05,0,0.0050049,1.99375e-05,0.00506469,1,4,479,38,1184,475,479,320,259,30,30,10,1
152,30,0,3.98535e-05,0,0.0050049,1.99375e-05,0.00506469,0.9,4,566,37,1152,562,566,279,203,30,30,10,1
153,30,0,3.98535e-05,0,0.0050049,1.99375e-05,0.00506469,1,4,656,38,1184,652,656,268,194,30,30,10,1
154,30,0,3.98535e-05,0,0.0050049,1.99375e-05,0.00506469,0.8,4,720,41,1280,716,720,293,210,30,30,10,1
155,30,0,3.98535e-05,0,0.0050049,1.99375e-05,0.00506469,0.2,4,1040,53,1664,1036,1040,366,238,30,30,10,1
156,30,0,3.98535e-05,0,0.0050049,1.99375e-05,0.00506469,0.8,4,575,36,1120,571,575,241,157,30,30,10,1
157,30,0,3.98535e-05,0,0.0050049,1.99375e-05,0.00506469,0.4,4,710,37,1152,706,710,252,156,30,30,10,1
158,30,0,3.98535e-05,0,0.0050049,1.99375e-05,0.00506469,0.8,4,747,35,1088,743,747,257,167,30,30,10,1
159,30,0,3.98535e-05,0,0.0050049,1.99375e-05,0.00506469,0.7,4,597,34,1056,593,597,223,155,30,30,10,1
160,30,0,3.98535e-05,0,0.0050049,1.99375e-05,0.00506469,0.8,4,965,51,1600,961,965,349,213,30,30,10,1
161,30,0,3.98535e-05,0,0.0050049,1.99375e-05,0.00506469,0.9,4,725,37,1152,721,725,223,147,30,30,10,1
162,30,0,3.98535e-05,0,0.0050049,1.99375e-05,0.00506469,0.8,4,1030,54,1696,1026,1030,305,166,30,30,10,1
163,30,0,3.98535e-05,0,0.0050049,1.99375e-05,0.00506469,0.8,4,673,34,1056,669,673,243,158,30,30,10,1
164,30,0,3.98535e-05,0,0.0050049,1.99375e-05,0.00506469,1,4,663,36,1120,659,663,266,183,30,30,10,1
165,30,0,3.98535e-05,0,0.0050049,1.99375e-05,0.00506469,1,4,575,35,1088,571,575,216,138,30,30,10,1
166,30,0,3.98535e-05,0,0.0050049,1.99375e-05,0.00506469,0.5,4,819,44,1376,815,819,321,218,30,30,10,1
167,30,0,3.98535e-05,0,0.0050049,1.99375e-05,0.00506469,1,4,722,35,1088,718,722,254,173,30,30,10,1
168,30,0,3.98535e-05,0,0.0050049,1.99375e-05,0.00506469,0.9,4,644,34,1056,640,644,237,159,30,30,10,1
169,30,0,3.98535e-05,0,0.0050049,1.99375e-05,0.00506469,1,4,643,36,1120,639,643,253,173,30,30,10,1
170,30,0,3.98535e-05,0,0.0050049,1.99375e-05,0.00506469,0.8,4,675,38,1184,671,675,271,196,30,30,10,1
171,30,0,3.98535e-05,0,0.0050049,1.99375e-05,0.00506469,0.5,4,820,43,1344,816,820,312,203,30,30,10,1
172,30,0,3.98535e-05,0,0.0050049,1.99375e-05,0.00506469,0.4,4,742,37,1152,738,742,282,201,30,30,10,1
173,30,0,3.98535e-05,0,0.0050049,1.99375e-05,0.00506469,0.8,4,645,36,1120,641,645,220,146,30,30,10,1
174,30,0,3.98535e-05,0,0.0050049,1.99375e-05,0.00506469,0.8,4,578,40,1248,574,578,300,217,30,30,10,1
175,30,0,3.98535e-05,0,0.0050049,1.99375e-05,0.00506469,1,4,571,38,1184,567,571,258,172,30,30,10,1
176,30,0,3.98535e-05,0,0.0050049,1.99375e-05,0.00506469,1,4,627,41,1280,623,627,250,163,30,30,10,1
177,30,0,3.98535e-05,0,0.0050049,1.99375e-05,0.00506469,0.8,4,690,35,1088,686,690,257,171,30,30,10,1
178,30,0,3.98535e-05,0,0.0050049,1.99375e-05,0.00506469,0.2,4,897,44,1376,893,897,322,227,30,30,10,1
179,30,0,3.98535e-05,0,0.0050049,1.99375e-05,0.00506469,0.7,4,777,37,1152,773,777,269,184,30,30,10,1
180,30,0,3.98535e-05,0,0.0050049,1.99375e-05,0.00506469,0.9,4,694,40,1248,690,694,302,215,30,30,10,1
181,30,0,3.98535e-05,0,0.0050049,1.99375e-05,0.00506469,0.6,4,697,37,1152,693,697,266,186,30,30,10,1
182,30,0,3.98535e-05,0,0.0050049,1.99375e-05,0.00506469,1,4,703,40,1248,699,703,301,212,30,30,10,1
183,30,0,3.98535e-05,0,0.0050049,1.99375e-05,0.00506469,0.8,4,774,41,1280,770,774,262,180,30,30,10,1
184,30,0,3.98535e-05,0,0.0050049,1.99375e-05,0.00506469,0.8,4,599,36,1120,595,599,259,183,30,30,10,1
185,30,0,3.98535e-05,0,0.0050049,1.99375e-05,0.00506469,1,4,405,35,1088,401,405,234,164,30,30,10,1
186,30,0,3.98535e-05,0,0.0050049,1.99375e-05,0.00506469,0.9,4,698,39,1216,694,698,305,218,30,30,10,1
187,30,0,3.98535e-05,0,0.0050049,1.99375e-05,0.00506469,0.8,4,605,33,1024,601,605,209,129,30,30,10,1
188,30,0,3.98535e-05,0,0.0050049,1.99375e-05,0.00506469,0.8,4,673,36,1120,669,673,300,218,30,30,10,1
189,30,0,3.98535e-05,0,0.0050049,1.99375e-05,0.00506469,1,4,694,42,1312,690,694,344,243,30,30,10,1
190,30,0,3.98535e-05,0,0.0050049,1.99375e-05,0.00506469,1,4,748,48,1504,744,748,355,245,30,30,10,1
191,30,0,3.98535e-05,0,0.0050049,1.99375e-05,0.00506469,1,4,658,34,1056,654,658,239,167,30,30,10,1
192,30,0,3.98535e-05,0,0.0050049,1.99375e-05,0.00506469,0.8,4,1005,47,1472,1001,1005,287,166,30,30,10,1
193,30,0,3.98535e-05,0,0.0050049,1.99375e-05,0.00506469,1,4,718,42,1312,714,718,336,247,30,30,10,1
194,30,0,3.98535e-05,0,0.0050049,1.99375e-05,0.00506469,0.9,4,791,39,1216,787,791,291,197,30,30,10,1
195,30,0,3.98535e-05,0,0.0050049,1.99375e-05,0.00506469,0.9,4,615,35,1088,611,615,243,163,30,30,10,1
196,30,0,3.98535e-05,0,0.0050049,1.99375e-05,0.00506469,0.5,4,960,52,1632,956,960,345,213,30,30,10,1
197,30,0,3.98535e-05,0,0.0050049,1.99375e-05,0.00506469,0.7,4,737,39,1216,733,737,273,179,30,30,10,1
198,30,0,3.98535e-05,0,0.0050049,1.99375e-05,0.00506469,1,4,548,38,1184,544,548,306,229,30,30,10,1
199,30,0,3.98535e-05,0,0.0050049,1.99375e-05,0.00506469,0.4,4,874,42,1312,870,874,279,179,30,30,10,1
200,30,0,3.98535e-05,0,0.0050049,1.99375e-05,0.00506469,1,4,712,35,1088,708,712,252,169,30,30,10,1
201,30,0,3.98535e-05,0,0.0050049,1.99375e-05,0.00506469,0.8,4,766,39,1216,762,766,282,212,30,30,10,1
202,30,0,3.98535e-05,0,0.0050049,1.99375e-05,0.00506469,1,4,890,42,1312,886,890,354,249,30,30,10,1
203,30,0,3.98535e-05,0,0.0050049,1.99375e-05,0.00506469,0.9,4,676,39,1216,672,676,279,185,30,30,10,1
204,30,0,3.98535e-05,0,0.0050049,1.99375e-05,0.00506469,0.9,4,647,35,1088,643,647,240,169,30,30,10,1
205,30,0,3.98535e-05,0,0.0050049,1.99375e-05,0.00506469,0.9,4,677,39,1216,673,677,329,240,30,30,10,1
206,30,0,3.98535e-05,0,0.0050049,1.99375e-05,0.00506469,1,4,651,38,1184,647,651,287,210,30,30,10,1
207,30,0,3.98535e-05,0,0.0050049,1.99375e-05,0.00506469,0.9,4,724,42,1312,720,724,302,200,30,30,10,1
208,30,0,3.98535e-05,0,0.0050049,1.99375e-05,0.00506469,1,4,631,37,1152,627,631,272,200,30,30,10,1
209,30,0,3.98535e-05,0,0.0050049,1.99375e-05,0.00506469,1,4,567,34,1056,563,567,265,183,30,30,10,1
210,30,0,3.98535e-05,0,0.0050049,1.99375e-05,0.00506469,0.2,4,740,37,1152,736,740,268,189,30,30,10,1
211,30,0,3.98535e-05,0,0.0050049,1.99375e-05,0.00506469,0.9,4,613,37,1152,609,613,294,210,30,30,10,1
212,30,0,3.98535e-05,0,0.0050049,1.99375e-05,0.00506469,1,4,564,36,1120,560,564,258,183,30,30,10,1
213,30,0,3.98535e-05,0,0.0050049,1.99375e-05,0.00506469,0.8,4,975,50,1568,971,975,330,216,30,30,10,1
214,30,0,3.98535e-05,0,0.0050049,1.99375e-05,0.00506469,0.5,4,976,51,1600,972,976,366,258,30,30,10,1
215,30,0,3.98535e-05,0,0.0050049,1.99375e-05,0.00506469,1,4,642,36,1120,638,642,243,172,30,30,10,1
216,30,0,3.98535e-05,0,0.0050049,1.99375e-05,0.00506469,0.6,4,678,39,1216,674,678,260,164,30,30,10,1
217,30,0,3.98535e-05,0,0.0050049,1.99375e-05,0.00506469,0.8,4,814,41,1280,810,814,310,212,30,30,10,1
218,30,0,3.98535e-05,0,0.0050049,1.99375e-05,0.00506469,0.7,4,675,35,1088,671,675,232,145,30,30,10,1
219,30,0,3.98535e-05,0,0.0050049,1.99375e-05,0.00506469,1,4,697,43,1344,693,697,309,220,30,30,10,1
220,30,0,3.98535e-05,0,0.0050049,1.99375e-05,0.00506469,1,4,1054,54,1696,1050,1054,421,292,30,30,10,1
221,30,0,3.98535e-05,0,0.0050049,1.99375e-05,0.00506469,0.8,4,851,41,1280,847,851,330,213,30,30,10,1
222,30,0,3.98535e-05,0,0.0050049,1.99375e-05,0.00506469,0.3,4,823,42,1312,819,823,281,173,30,30,10,1
223,30,0,3.98535e-05,0,0.0050049,1.99375e-05,0.00506469,0.3,4,941,46,1440,937,941,305,198,30,30,10,1
224,30,0,3.98535e-05,0,0.0050049,1.99375e-05,0.00506469,0.9,4,832,43,1344,828,832,303,225,30,30,10,1
225,30,0,3.98535e-05,0,0.0050049,1.99375e-05,0.00506469,0.3,4,686,33,1024,682,686,226,156,30,30,10,1
226,30,0,3.98535e-05,0,0.0050049,1.99375e-05,0.00506469,0.4,4,756,45,1408,752,756,281,202,30,30,10,1
227,30,0,3.98535e-05,0,0.0050049,1.99375e-05,0.00506469,0.4,4,657,37,1152,653,657,285,189,30,30,10,1
228,30,0,3.98535e-05,0,0.0050049,1.99375e-05,0.00506469,0.7,4,694,39,1216,690,694,290,204,30,30,10,1
229,30,0,3.98535e-05,0,0.0050049,1.99375e-05,0.00506469,0.6,4,712,40,1248,708,712,312,223,30,30,10,1
230,30,0,3.98535e-05,0,0.0050049,1.99375e-05,0.00506469,1,4,522,35,1088,518,522,233,149,30,30,10,1
231,30,0,3.98535e-05,0,0.0050049,1.99375e-05,0.00506469,1,4,639,38,1184,635,639,292,219,30,30,10,1
232,30,0,3.98535e-05,0,0.0050049,1.99375e-05,0.00506469,1,4,586,38,1184,582,586,296,225,30,30,10,1
233,30,0,3.98535e-05,0,0.0050049,1.99375e-05,0.00506469,0.8,4,767,41,1280,763,767,296,196,30,30,10,1
234,30,0,3.98535e-05,0,0.0050049,1.99375e-05,0.00506469,0.8,4,821,44,1376,817,821,327,227,30,30,10,1
235,30,0,3.98535e-05,0,0.0050049,1.99375e-05,0.00506469,0.8,4,599,38,1184,595,599,273,196,30,30,10,1
236,30,0,3.98535e-05,0,0.0050049,1.99375e-05,0.00506469,1,4,570,35,1088,566,570,253,165,30,30,10,1
237,30,0,3.98535e-05,0,0.0050049,1.99375e-05,0.00506469,1,4,698,44,1376,694,698,349,260,30,30,10,1
238,30,0,3.98535e-05,0,0.0050049,1.99375e-05,0.00506469,0.9,4,735,40,1248,731,735,274,183,30,30,10,1
239,30,0,3.98535e-05,0,0.0050049,1.99375e-05,0.00506469,0.7,4,672,37,1152,668,672,262,183,30,30,10,1
240,30,0,3.98535e-05,0,0.0050049,1.99375e-05,0.00506469,1,4,735,39,1216,731,735,335,247,30,30,10,1
241,30,0,3.98535e-05,0,0.0050049,1.99375e-05,0.00506469,0.5,4,683,40,1248,679,683,295,210,30,30,10,1
242,30,0,3.98535e-05,0,0.0050049,1.99375e-05,0.00506469,0.6,4,712,38,1184,708,712,242,160,30,30,10,1
243,30,0,3.98535e-05,0,0.0050049,1.99375e-05,0.00506469,0.5,4,750,40,1248,746,750,288,192,30,30,10,1
244,30,0,3.98535e-05,0,0.0050049,1.99375e-05,0.00506469,0.6,4,687,42,1312,683,687,286,190,30,30,10,1
245,30,0,3.98535e-05,0,0.0050049,1.99375e-05,0.00506469,1,4,818,42,1312,814,818,308,235,30,30,10,1
246,30,0,3.98535e-05,0,0.0050049,1.99375e-05,0.00506469,0.6,4,739,38,1184,735,739,270,167,30,30,10,1
247,30,0,3.98535e-05,0,0.0050049,1.99375e-05,0.00506469,1,4,704,37,1152,700,704,319,239,30,30,10,1
248,30,0,3.98535e-05,0,0.0050049,1.99375e-05,0.00506469,0.6,4,691,38,1184,687,691,277,184,30,30,10,1
249,30,0,3.98535e-05,0,0.0050049,1.99375e-05,0.00506469,0.6,4,789,38,1184,785,789,303,223,30,30,10,1
250,30,0,3.98535e-05,0,0.0050049,1.99375e-05,0.00506469,0,4,625,37,1152,621,625,245,151,30,30,10,1
251,30,0,3.98535e-05,0,0.0050049,1.99375e-05,0.00506469,0.6,4,990,49,1536,986,990,348,211,30,30,10,1
252,30,0,3.98535e-05,0,0.0050049,1.99375e-05,0.00506469,0.4,4,616,34,1056,612,616,226,151,30,30,10,1
253,30,0,3.98535e-05,0,0.0050049,1.99375e-05,0.00506469,1,4,577,38,1184,573,577,282,198,30,30,10,1
254,30,0,3.98535e-05,0,0.0050049,1.99375e-05,0.00506469,0.7,4,875,46,1440,871,875,313,205,30,30,10,1
255,30,0,3.98535e-05,0,0.0050049,1.99375e-05,0.00506469,0.8,4,760,35,1088,756,760,258,185,30,30,10,1
256,30,0,3.98535e-05,0,0.0050049,1.99375e-05,0.00506469,0.5,4,774,40,1248,770,774,308,211,30,30,10,1
257,30,0,3.98535e-05,0,0.0050049,1.99375e-05,0.00506469,0.7,4,643,38,1184,639,643,247,174,30,30,10,1
258,30,0,3.98535e-05,0,0.0050049,1.99375e-05,0.00506469,0.6,4,856,48,1504,852,856,325,201,30,30,10,1
259,30,0,3.98535e-05,0,0.0050049,1.99375e-05,0.00506469,0.4,4,791,40,1248,787,791,266,189,30,30,10,1
260,30,0,3.98535e-05,0,0.0050049,1.99375e-05,0.00506469,0.6,4,848,44,1376,844,848,355,256,30,30,10,1
261,30,0,3.98535e-05,0,0.0050049,1.99375e-05,0.00506469,0.7,4,703,42,1312,699,703,277,168,30,30,10,1
262,30,0,3.98535e-05,0,0.0050049,1.99375e-05,0.00506469,0.6,4,726,34,1056,722,726,251,153,30,30,10,1
263,30,0,3.98535e-05,0,0.0050049,1.99375e-05,0.00506469,1,4,410,35,1088,406,410,230,136,30,30,10,1
264,30,0,3.98535e-05,0,0.0050049,1.99375e-05,0.00506469,1,4,742,39,1216,738,742,290,208,30,30,10,1
265,30,0,3.98535e-05,0,0.0050049,1.99375e-05,0.00506469,1,4,561,38,1184,557,561,296,223,30,30,10,1
266,30,0,3.98535e-05,0,0.0050049,1.99375e-05,0.00506469,1,4,573,36,1120,569,573,263,190,30,30,10,1
267,30,0,3.98535e-05,0,0.0050049,1.99375e-05,0.00506469,0.9,4,642,37,1152,638,642,297,220,30,30,10,1
268,30,0,3.98535e-05,0,0.0050049,1.99375e-05,0.00506469,0.5,4,765,37,1152,761,765,235,144,30,30,10,1
269,30,0,3.98535e-05,0,0.0050049,1.99375e-05,0.00506469,1,4,632,39,1216,628,632,281,199,30,30,10,1
270,30,0,3.98535e-05,0,0.0050049,1.99375e-05,0.00506469,0.8,4,754,38,1184,750,754,253,152,30,30,10,1
271,30,0,3.98535e-05,0,0.0050049,1.99375e-05,0.00506469,1,4,636,35,1088,632,636,244,186,30,30,10,1
272,30,0,3.98535e-05,0,0.0050049,1.99375e-05,0.00506469,0.8,4,704,40,1248,700,704,264,160,30,30,10,1
273,30,0,3.98535e-05,0,0.0050049,1.99375e-05,0.00506469,0.9,4,622,37,1152,618,622,258,186,30,30,10,1
274,30,0,3.98535e-05,0,0.0050049,1.99375e-05,0.00506469,0.1,4,949,50,1568,945,949,324,190,30,30,10,1
275,30,0,3.98535e-05,0,0.0050049,1.99375e-05,0.00506469,0.8,4,599,38,1184,595,599,312,222,30,30,10,1
276,30,0,3.98535e-05,0,0.0050049,1.99375e-05,0.00506469,0.5,4,656,39,1216,652,656,278,191,30,30,10,1
277,30,0,3.98535e-05,0,0.0050049,1.99375e-05,0.00506469,0.6,4,664,40,1248,660,664,269,184,30,30,10,1
278,30,0,3.98535e-05,0,0.0050049,1.99375e-05,0.00506469,0.9,4,708,36,1120,704,708,271,175,30,30,10,1
279,30,0,3.98535e-05,0,0.0050049,1.99375e-05,0.00506469,0.9,4,734,38,1184,730,734,309,228,30,30,10,1
280,30,0,3.98535e-05,0,0.0050049,1.99375e-05,0.00506469,0.8,4,691,39,1216,687,691,290,173,30,30,10,1
281,30,0,3.98535e-05,0,0.0050049,1.99375e-05,0.00506469,1,4,679,40,1248,675,679,263,194,30,30,10,1
282,30,0,3.98535e-05,0,0.0050049,1.99375e-05,0.00506469,1,4,830,42,1312,826,830,279,186,30,30,10,1
283,30,0,3.98535e-05,0,0.0050049,1.99375e-05,0.00506469,0.8,4,761,39,1216,757,761,326,233,30,30,10,1
284,30,0,3.98535e-05,0,0.0050049,1.99375e-05,0.00506469,0.8,4,801,42,1312,797,801,311,212,30,30,10,1
285,30,0,3.98535e-05,0,0.0050049,1.99375e-05,0.00506469,0.6,4,839,42,1312,835,839,303,197,30,30,10,1
286,30,0,3.98535e-05,0,0.0050049,1.99375e-05,0.00506469,0.7,4,643,35,1088,639,643,260,174,30,30,10,1
287,30,0,3.98535e-05,0,0.0050049,1.99375e-05,0.00506469,0.9,4,718,41,1280,714,718,334,250,30,30,10,1
288,30,0,3.98535e-05,0,0.0050049,1.99375e-05,0.00506469,0.9,4,562,38,1184,558,562,292,220,30,30,10,1
289,30,0,3.98535e-05,0,0.0050049,1.99375e-05,0.00506469,0.3,4,741,40,1248,737,741,267,182,30,30,10,1
290,30,0,3.98535e-05,0,0.0050049,1.99375e-05,0.00506469,1,4,635,36,1120,631,635,253,173,30,30,10,1
291,30,0,3.98535e-05,0,0.0050049,1.99375e-05,0.00506469,0.8,4,678,37,1152,674,678,261,171,30,30,10,1
292,30,0,3.98535e-05,0,0.0050049,1.99375e-05,0.00506469,1,4,661,36,1120,657,661,278,181,30,30,10,1
293,30,0,3.98535e-05,0,0.0050049,1.99375e-05,0.00506469,0.8,4,777,39,1216,773,777,256,166,30,30,10,1
294,30,0,3.98535e-05,0,0.0050049,1.99375e-05,0.00506469,0.9,4,671,35,1088,667,671,233,149,30,30,10,1
295,30,0,3.98535e-05,0,0.0050049,1.99375e-05,0.00506469,0.9,4,839,40,1248,835,839,323,223,30,30,10,1
296,30,0,3.98535e-05,0,0.0050049,1.99375e-05,0.00506469,0.9,4,750,38,1184,746,750,239,160,30,30,10,1
297,30,0,3.98535e-05,0,0.0050049,1.99375e-05,0.00506469,0.7,4,726,37,1152,722,726,275,189,30,30,10,1
298,30,0,3.98535e-05,0,0.0050049,1.99375e-05,0.00506469,0.4,4,869,45,1408,865,869,312,196,30,30,10,1
299,30,0,3.98535e-05,0,0.0050049,1.99375e-05,0.00506469,0.8,4,677,35,1088,673,677,238,171,30,30,10,1
300,30,0,3.98535e-05,0,0.0050049,1.99375e-05,0.00506469,0.2,4,792,40,1248,788,792,272,173,30,30,10,1
301,30,0,3.98535e-05,0,0.0050049,1.99375e-05,0.00506469,0.9,4,625,39,1216,621,625,306,219,30,30,10,1
302,30,0,3.98535e-05,0,0.0050049,1.99375e-05,0.00506469,1,4,660,38,1184,656,660,253,157,30,30,10,1
303,30,0,3.98535e-05,0,0.0050049,1.99375e-05,0.00506469,1,4,723,38,1184,719,723,298,225,30,30,10,1
304,30,0,3.98535e-05,0,0.0050049,1.99375e-05,0.00506469,0.3,4,1068,51,1600,1064,1068,331,215,30,30,10,1
305,30,0,3.98535e-05,0,0.0050049,1.99375e-05,0.00506469,0.4,4,586,36,1120,582,586,232,139,30,30,10,1
306,30,0,3.98535e-05,0,0.0050049,1.99375e-05,0.00506469,0.6,4,653,34,1056,649,653,241,160,30,30,10,1
307,30,0,3.98535e-05,0,0.0050049,1.99375e-05,0.00506469,0.5,4,861,44,1376,857,861,310,176,30,30,10,1
308,30,0,3.98535e-05,0,0.0050049,1.99375e-05,0.00506469,0.7,4,630,39,1216,626,630,284,184,30,30,10,1
309,30,0,3.98535e-05,0,0.0050049,1.99375e-05,0.00506469,0.9,4,748,39,1216,744,748,240,136,30,30,10,1
310,30,0,3.98535e-05,0,0.0050049,1.99375e-05,0.00506469,0.1,4,833,52,1632,829,833,287,160,30,30,10,1
311,30,0,3.98535e-05,0,0.0050049,1.99375e-05,0.00506469,0.5,4,854,47,1472,850,854,302,190,30,30,10,1
312,30,0,3.98535e-05,0,0.0050049,1.99375e-05,0.00506469,0.7,4,716,39,1216,712,716,247,164,30,30,10,1
313,30,0,3.98535e-05,0,0.0050049,1.99375e-05,0.00506469,0.6,4,790,42,1312,786,790,239,141,30,30,10,1
314,30,0,3.98535e-05,0,0.0050049,1.99375e-05,0.00506469,1,4,691,37,1152,687,691,286,199,30,30,10,1
315,30,0,3.98535e-05,0,0.0050049,1.99375e-05,0.00506469,1,4,799,41,1280,795,799,328,216,30,30,10,1
316,30,0,3.98535e-05,0,0.0050049,1.99375e-05,0.00506469,0.8,4,779,39,1216,775,779,316,219,30,30,10,1
317,30,0,3.98535e-05,0,0.0050049,1.99375e-05,0.00506469,0.8,4,1219,67,2112,1215,1219,396,232,30,30,10,1
318,30,0,3.98535e-05,0,0.0050049,1.99375e-05,0.00506469,0.6,4,643,35,1088,639,643,241,164,30,30,10,1
319,30,0,3.98535e-05,0,0.0050049,1.99375e-05,0.00506469,0.6,4,676,36,1120,672,676,223,160,30,30,10,1
320,30,0,3.98535e-05,0,0.0050049,1.99375e-05,0.00506469,0.5,4,1022,54,1696,1018,1022,336,215,30,30,10,1
321,30,0,3.98535e-05,0,0.0050049,1.99375e-05,0.00506469,0.6,4,680,34,1056,676,680,242,157,30,30,10,1
322,30,0,3.98535e-05,0,0.0050049,1.99375e-05,0.00506469,0.7,4,787,41,1280,783,787,325,206,30,30,10,1
323,30,0,3.98535e-05,0,0.0050049,1.99375e-05,0.00506469,0.9,4,962,49,1536,958,962,309,198,30,30,10,1
324,30,0,3.98535e-05,0,0.0050049,1.99375e-05,0.00506469,0.8,4,742,36,1120,738,742,242,160,30,30,10,1
325,30,0,3.98535e-05,0,0.0050049,1.99375e-05,0.00506469,0.6,4,810,37,1152,806,810,253,168,30,30,10,1
326,30,0,3.98535e-05,0,0.0050049,1.99375e-05,0.00506469,0.4,4,820,49,1536,816,820,325,209,30,30,10,1
327,30,0,3.98535e-05,0,0.0050049,1.99375e-05,0.00506469,1,4,629,37,1152,625,629,267,186,30,30,10,1
328,30,0,3.98535e-05,0,0.0050049,1.99375e-05,0.00506469,1,4,647,36,1120,643,647,289,185,30,30,10,1
329,30,0,3.98535e-05,0,0.0050049,1.99375e-05,0.00506469,0.8,4,802,42,1312,798,802,324,232,30,30,10,1
330,30,0,3.98535e-05,0,0.0050049,1.99375e-05,0.00506469,0.9,4,641,35,1088,637,641,281,194,30,30,10,1
331,30,0,3.98535e-05,0,0.0050049,1.99375e-05,0.00506469,0.8,4,661,35,1088,657,661,256,186,30,30,10,1
332,30,0,3.98535e-05,0,0.0050049,1.99375e-05,0.00506469,0.6,4,631,34,1056,627,631,199,128,30,30,10,1
333,30,0,3.98535e-05,0,0.0050049,1.99375e-05,0.00506469,0.6,4,742,39,1216,738,742,283,180,30,30,10,1
334,30,0,3.98535e-05,0,0.0050049,1.99375e-05,0.00506469,1,4,694,36,1120,690,694,258,182,30,30,10,1
335,30,0,3.98535e-05,0,0.0050049,1.99375e-05,0.00506469,0.8,4,718,37,1152,714,718,272,191,30,30,10,1
336,30,0,3.98535e-05,0,0.0050049,1.99375e-05,0.00506469,0.5,4,736,39,1216,732,736,278,191,30,30,10,1
337,30,0,3.98535e-05,0,0.0050049,1.99375e-05,0.00506469,0.8,4,659,37,1152,655,659,238,156,30,30,10,1
338,30,0,3.98535e-05,0,0.0050049,1.99375e-05,0.00506469,0.5,4,735,35,1088,731,735,273,180,30,30,10,1
339,30,0,3.98535e-05,0,0.0050049,1.99375e-05,0.00506469,0.9,4,687,38,1184,683,687,303,223,30,30,10,1
340,30,0,3.98535e-05,0,0.0050049,1.99375e-05,0.00506469,1,4,667,38,1184,663,667,277,185,30,30,10,1
341,30,0,3.98535e-05,0,0.0050049,1.99375e-05,0.00506469,0.9,4,684,35,1088,680,684,244,165,30,30,10,1
342,30,0,3.98535e-05,0,0.0050049,1.99375e-05,0.00506469,0.8,4,665,34,1056,661,665,229,143,30,30,10,1
343,30,0,3.98535e-05,0,0.0050049,1.99375e-05,0.00506469,1,4,707,38,1184,703,707,268,171,30,30,10,1
344,30,0,3.98535e-05,0,0.0050049,1.99375e-05,0.00506469,1,4,865,42,1312,861,865,323,238,30,30,10,1
345,30,0,3.98535e-05,0,0.0050049,1.99375e-05,0.00506469,0.6,4,833,45,1408,829,833,280,181,30,30,10,1
346,30,0,3.98535e-05,0,0.0050049,1.99375e-05,0.00506469,1,4,699,40,1248,695,699,325,229,30,30,10,1
347,30,0,3.98535e-05,0,0.0050049,1.99375e-05,0.00506469,1,4,678,39,1216,674,678,287,201,30,30,10,1
348,30,0,3.98535e-05,0,0.0050049,1.99375e-05,0.00506469,0.5,4,673,35,1088,669,673,249,177,30,30,10,1
349,30,0,3.98535e-05,0,0.0050049,1.99375e-05,0.00506469,0.8,4,818,42,1312,814,818,299,190,30,30,10,1
350,30,0,3.98535e-05,0,0.0050049,1.99375e-05,0.00506469,0.7,4,733,37,1152,729,733,264,177,30,30,10,1
351,30,0,3.98535e-05,0,0.0050049,1.99375e-05,0.00506469,0.8,4,615,34,1056,611,615,216,129,30,30,10,1
352,30,0,3.98535e-05,0,0.0050049,1.99375e-05,0.00506469,0.7,4,635,36,1120,631,635,246,174,30,30,10,1
353,30,0,3.98535e-05,0,0.0050049,1.99375e-05,0.00506469,0.9,4,612,35,1088,608,612,253,174,30,30,10,1
354,30,0,3.98535e-05,0,0.0050049,1.99375e-05,0.00506469,0.4,4,818,44,1376,814,818,307,211,30,30,10,1
355,30,0,3.98535e-05,0,0.0050049,1.99375e-05,0.00506469,0.5,4,669,36,1120,665,669,269,184,30,30,10,1
356,30,0,3.98535e-05,0,0.0050049,1.99375e-05,0.00506469,1,4,666,37,1152,662,666,324,232,30,30,10,1
357,30,0,3.98535e-05,0,0.0050049,1.99375e-05,0.00506469,1,4,594,33,1024,590,594,213,144,30,30,10,1
358,30,0,3.98535e-05,0,0.0050049,1.99375e-05,0.00506469,1,4,730,42,1312,726,730,282,188,30,30,10,1
359,30,0,3.98535e-05,0,0.0050049,1.99375e-05,0.00506469,0.9,4,787,38,1184,783,787,291,203,30,30,10,1
360,30,0,3.98535e-05,0,0.0050049,1.99375e-05,0.00506469,0.9,4,664,37,1152,660,664,292,198,30,30,10,1
361,30,0,3.98535e-05,0,0.0050049,1.99375e-05,0.00506469,0.4,4,829,39,1216,825,829,295,193,30,30,10,1
362,30,0,3.98535e-05,0,0.0050049,1.99375e-05,0.00506469,0.8,4,841,44,1376,837,841,291,187,30,30,10,1
363,30,0,3.98535e-05,0,0.0050049,1.99375e-05,0.00506469,1,4,756,41,1280,752,756,341,248,30,30,10,1
364,30,0,3.98535e-05,0,0.0050049,1.99375e-05,0.00506469,0.7,4,660,36,1120,656,660,241,158,30,30,10,1
365,30,0,3.98535e-05,0,0.0050049,1.99375e-05,0.00506469,1,4,726,41,1280,722,726,338,243,30,30,10,1
366,30,0,3.98535e-05,0,0.0050049,1.99375e-05,0.00506469,0.9,4,774,40,1248,770,774,319,238,30,30,10,1
367,30,0,3.98535e-05,0,0.0050049,1.99375e-05,0.00506469,0.5,4,713,37,1152,709,713,297,216,30,30,10,1
368,30,0,3.98535e-05,0,0.0050049,1.99375e-05,0.00506469,0.7,4,588,36,1120,584,588,238,157,30,30,10,1
369,30,0,3.98535e-05,0,0.0050049,1.99375e-05,0.00506469,1,4,785,41,1280,781,785,303,211,30,30,10,1
370,30,0,3.98535e-05,0,0.0050049,1.99375e-05,0.00506469,1,4,702,33,1024,698,702,222,142,30,30,10,1
371,30,0,3.98535e-05,0,0.0050049,1.99375e-05,0.00506469,1,4,762,35,1088,758,762,237,145,30,30,10,1
372,30,0,3.98535e-05,0,0.0050049,1.99375e-05,0.00506469,0.8,4,555,35,1088,551,555,230,153,30,30,10,1
373,30,0,3.98535e-05,0,0.0050049,1.99375e-05,0.00506469,0.8,4,735,36,1120,731,735,273,190,30,30,10,1
374,30,0,3.98535e-05,0,0.0050049,1.99375e-05,0.00506469,0.9,4,659,39,1216,655,659,311,227,30,30,10,1
375,30,0,3.98535e-05,0,0.0050049,1.99375e-05,0.00506469,0.5,4,895,45,1408,891,895,299,171,30,30,10,1
376,30,0,3.98535e-05,0,0.0050049,1.99375e-05,0.00506469,0.6,4,733,40,1248,729,733,291,189,30,30,10,1
377,30,0,3.98535e-05,0,0.0050049,1.99375e-05,0.00506469,0.9,4,570,36,1120,566,570,239,168,30,30,10,1
378,30,0,3.98535e-05,0,0.0050049,1.99375e-05,0.00506469,1,4,776,38,1184,772,776,302,221,30,30,10,1
379,30,0,3.98535e-05,0,0.0050049,1.99375e-05,0.00506469,0.7,4,587,35,1088,583,587,252,170,30,30,10,1
380,30,0,3.98535e-05,0,0.0050049,1.99375e-05,0.00506469,1,4,785,44,1376,781,785,299,186,30,30,10,1
381,30,0,3.98535e-05,0,0.0050049,1.99375e-05,0.00506469,0.5,4,900,41,1280,896,900,323,214,30,30,10,1
382,30,0,3.98535e-05,0,0.0050049,1.99375e-05,0.00506469,0.8,4,832,46,1440,828,832,341,234,30,30,10,1
383,30,0,3.98535e-05,0,0.0050049,1.99375e-05,0.00506469,0.7,4,913,45,1408,909,913,324,225,30,30,10,1
384,30,0,3.98535e-05,0,0.0050049,1.99375e-05,0.00506469,0.7,4,607,37,1152,603,607,261,167,30,30,10,1
385,30,0,3.98535e-05,0,0.0050049,1.99375e-05,0.00506469,0.8,4,891,46,1440,887,891,365,247,30,30,10,1
386,30,0,3.98535e-05,0,0.0050049,1.99375e-05,0.00506469,0.6,4,656,35,1088,652,656,213,123,30,30,10,1
387,30,0,3.98535e-05,0,0.0050049,1.99375e-05,0.00506469,1,4,781,39,1216,777,781,267,180,30,30,10,1
388,30,0,3.98535e-05,0,0.0050049,1.99375e-05,0.00506469,0.5,4,741,39,1216,737,741,261,159,30,30,10,1
389,30,0,3.98535e-05,0,0.0050049,1.99375e-05,0.00506469,0.7,4,849,49,1536,845,849,306,192,30,30,10,1
390,30,0,3.98535e-05,0,0.0050049,1.99375e-05,0.00506469,1,4,686,35,1088,682,686,257,169,30,30,10,1
391,30,0,3.98535e-05,0,0.0050049,1.99375e-05,0.00506469,1,4,696,38,1184,692,696,261,188,30,30,10,1
392,30,0,3.98535e-05,0,0.0050049,1.99375e-05,0.00506469,0.5,4,858,42,1312,854,858,312,222,30,30,10,1
393,30,0,3.98535e-05,0,0.0050049,1.99375e-05,0.00506469,0.8,4,565,35,1088,561,565,225,151,30,30,10,1
394,30,0,3.98535e-05,0,0.0050049,1.99375e-05,0.00506469,0.8,4,509,35,1088,505,509,226,156,30,30,10,1
395,30,0,3.98535e-05,0,0.0050049,1.99375e-05,0.00506469,0.9,4,656,36,1120,652,656,243,159,30,30,10,1
396,30,0,3.98535e-05,0,0.0050049,1.99375e-05,0.00506469,0.5,4,854,41,1280,850,854,299,203,30,30,10,1
397,30,0,3.98535e-05,0,0.0050049,1.99375e-05,0.00506469,0.5,4,590,35,1088,586,590,221,137,30,30,10,1
398,30,0,3.98535e-05,0,0.0050049,1.99375e-05,0.00506469,0.6,4,634,38,1184,630,634,246,169,30,30,10,1
399,30,0,3.98535e-05,0,0.0050049,1.99375e-05,0.00506469,1,4,568,36,1120,564,568,236,166,30,30,10,1
400,30,0,3.98535e-05,0,0.0050049,1.99375e-05,0.00506469,0.4,4,641,34,1056,637,641,239,161,30,30,10,1
401,30,0,3.98535e-05,0,0.0050049,1.99375e-05,0.00506469,0.7,4,759,36,1120,755,759,277,181,30,30,10,1
402,30,0,3.98535e-05,0,0.0050049,1.99375e-05,0.00506469,0.6,4,715,37,1152,711,715,249,160,30,30,10,1
403,30,0,3.98535e-05,0,0.0050049,1.99375e-05,0.00506469,1,4,652,33,1024,648,652,213,134,30,30,10,1
404,30,0,3.98535e-05,0,0.0050049,1.99375e-05,0.00506469,0.9,4,723,39,1216,719,723,329,240,30,30,10,1
405,30,0,3.98535e-05,0,0.0050049,1.99375e-05,0.00506469,0.6,4,766,38,1184,762,766,271,179,30,30,10,1
406,30,0,3.98535e-05,0,0.0050049,1.99375e-05,0.00506469,0.7,4,790,39,1216,786,790,310,227,30,30,10,1
407,30,0,3.98535e-05,0,0.0050049,1.99375e-05,0.00506469,0.9,4,683,35,1088,679,683,226,156,30,30,10,1
408,30,0,3.98535e-05,0,0.0050049,1.99375e-05,0.00506469,0.9,4,646,35,1088,642,646,252,169,30,30,10,1
409,30,0,3.98535e-05,0,0.0050049,1.99375e-05,0.00506469,0.5,4,582,35,1088,578,582,224,135,30,30,10,1
410,30,0,3.98535e-05,0,0.0050049,1.99375e-05,0.00506469,1,4,605,33,1024,601,605,214,139,30,30,10,1
411,30,0,3.98535e-05,0,0.0050049,1.99375e-05,0.00506469,0.8,4,836,48,1504,832,836,379,266,30,30,10,1
412,30,0,3.98535e-05,0,0.0050049,1.99375e-05,0.00506469,1,4,755,38,1184,751,755,214,128,30,30,10,1
413,30,0,3.98535e-05,0,0.0050049,1.99375e-05,0.00506469,0.6,4,767,40,1248,763,767,277,165,30,30,10,1
414,30,0,3.98535e-05,0,0.0050049,1.99375e-05,0.00506469,1,4,874,47,1472,870,874,344,239,30,30,10,1
415,30,0,3.98535e-05,0,0.0050049,1.99375e-05,0.00506469,0.3,4,846,39,1216,842,846,273,196,30,30,10,1
416,30,0,3.98535e-05,0,0.0050049,1.99375e-05,0.00506469,0.9,4,631,36,1120,627,631,263,182,30,30,10,1
417,30,0,3.98535e-05,0,0.0050049,1.99375e-05,0.00506469,1,4,616,36,1120,612,616,239,172,30,30,10,1
418,30,0,3.98535e-05,0,0.0050049,1.99375e-05,0.00506469,0.3,4,776,40,1248,772,776,288,201,30,30,10,1
419,30,0,3.98535e-05,0,0.0050049,1.99375e-05,0.00506469,1,4,615,34,1056,611,615,227,138,30,30,10,1
420,30,0,3.98535e-05,0,0.0050049,1.99375e-05,0.00506469,0.9,4,680,37,1152,676,680,292,198,30,30,10,1
421,30,0,3.98535e-05,0,0.0050049,1.99375e-05,0.00506469,0.6,4,654,38,1184,650,654,295,220,30,30,10,1
422,30,0,3.98535e-05,0,0.0050049,1.99375e-05,0.00506469,1,4,634,35,1088,630,634,275,180,30,30,10,1
423,30,0,3.98535e-05,0,0.0050049,1.99375e-05,0.00506469,0.4,4,654,36,1120,650,654,282,205,30,30,10,1
424,30,0,3.98535e-05,0,0.0050049,1.99375e-05,0.00506469,0,4,947,51,1600,943,947,304,174,30,30,10,1
425,30,0,3.98535e-05,0,0.0050049,1.99375e-05,0.00506469,0.6,4,718,37,1152,714,718,266,159,30,30,10,1
426,30,0,3.98535e-05,0,0.0050049,1.99375e-05,0.00506469,0.8,4,638,35,1088,634,638,275,185,30,30,10,1
427,30,0,3.98535e-05,0,0.0050049,1.99375e-05,0.00506469,0.9,4,808,44,1376,804,808,264,171,30,30,10,1
428,30,0,3.98535e-05,0,0.0050049,1.99375e-05,0.00506469,0.8,4,648,36,1120,644,648,254,162,30,30,10,1
429,30,0,3.98535e-05,0,0.0050049,1.99375e-05,0.00506469,0.5,4,779,43,1344,775,779,287,187,30,30,10,1
430,30,0,3.98535e-05,0,0.0050049,1.99375e-05,0.00506469,0.9,4,627,36,1120,623,627,264,175,30,30,10,1
431,30,0,3.98535e-05,0,0.0050049,1.99375e-05,0.00506469,0.8,4,659,37,1152,655,659,239,159,30,30,10,1
432,30,0,3.98535e-05,0,0.0050049,1.99375e-05,0.00506469,1,4,689,37,1152,685,689,255,176,30,30,10,1
433,30,0,3.98535e-05,0,0.0050049,1.99375e-05,0.00506469,0.6,4,725,38,1184,721,725,232,144,30,30,10,1
434,30,0,3.98535e-05,0,0.0050049,1.99375e-05,0.00506469,1,4,771,38,1184,767,771,305,224,30,30,10,1
435,30,0,3.98535e-05,0,0.0050049,1.99375e-05,0.00506469,0.9,4,701,38,1184,697,701,265,171,30,30,10,1
436,30,0,3.98535e-05,0,0.0050049,1.99375e-05,0.00506469,1,4,704,37,1152,700,704,274,185,30,30,10,1
437,30,0,3.98535e-05,0,0.0050049,1.99375e-05,0.00506469,1,4,716,34,1056,712,716,252,167,30,30,10,1
438,30,0,3.98535e-05,0,0.0050049,1.99375e-05,0.00506469,0.9,4,835,43,1344,831,835,290,175,30,30,10,1
439,30,0,3.98535e-05,0,0.0050049,1.99375e-05,0.00506469,1,4,655,35,1088,651,655,272,189,30,30,10,1
440,30,0,3.98535e-05,0,0.0050049,1.99375e-05,0.00506469,1,4,633,39,1216,629,633,301,212,30,30,10,1
441,30,0,3.98535e-05,0,0.0050049,1.99375e-05,0.00506469,0.4,4,851,49,1536,847,851,350,236,30,30,10,1
442,30,0,3.98535e-05,0,0.0050049,1.99375e-05,0.00506469,1,4,651,37,1152,647,651,279,196,30,30,10,1
443,30,0,3.98535e-05,0,0.0050049,1.99375e-05,0.00506469,0.8,4,604,37,1152,600,604,247,158,30,30,10,1
444,30,0,3.98535e-05,0,0.0050049,1.99375e-05,0.00506469,0.8,4,645,33,1024,641,645,215,132,30,30,10,1
445,30,0,3.98535e-05,0,0.0050049,1.99375e-05,0.00506469,0.7,4,616,37,1152,612,616,240,169,30,30,10,1
446,30,0,3.98535e-05,0,0.0050049,1.99375e-05,0.00506469,0.5,4,787,39,1216,783,787,310,210,30,30,10,1
447,30,0,3.98535e-05,0,0.0050049,1.99375e-05,0.00506469,0.6,4,723,40,1248,719,723,251,168,30,30,10,1
448,30,0,3.98535e-05,0,0.0050049,1.99375e-05,0.00506469,0.6,4,844,44,1376,840,844,310,215,30,30,10,1
449,30,0,3.98535e-05,0,0.0050049,1.99375e-05,0.00506469,1,4,862,49,1536,858,862,394,281,30,30,10,1
450,30,0,3.98535e-05,0,0.0050049,1.99375e-05,0.00506469,0.8,4,790,43,1344,786,790,316,211,30,30,10,1
451,30,0,3.98535e-05,0,0.0050049,1.99375e-05,0.00506469,0.9,4,786,41,1280,782,786,285,180,30,30,10,1
452,30,0,3.98535e-05,0,0.0050049,1.99375e-05,0.00506469,0.5,4,815,36,1120,811,815,278,186,30,30,10,1
453,30,0,3.98535e-05,0,0.0050049,1.99375e-05,0.00506469,0.7,4,1016,50,1568,1012,1016,329,202,30,30,10,1
454,30,0,3.98535e-05,0,0.0050049,1.99375e-05,0.00506469,1,4,754,40,1248,750,754,289,189,30,30,10,1
455,30,0,3.98535e-05,0,0.0050049,1.99375e-05,0.00506469,1,4,750,47,1472,746,750,308,205,30,30,10,1
456,30,0,3.98535e-05,0,0.0050049,1.99375e-05,0.00506469,0.9,4,708,38,1184,704,708,287,204,30,30,10,1
457,30,0,3.98535e-05,0,0.0050049,1.99375e-05,0.00506469,1,4,796,41,1280,792,796,305,215,30,30,10,1
458,30,0,3.98535e-05,0,0.0050049,1.99375e-05,0.00506469,0.9,4,663,40,1248,659,663,308,216,30,30,10,1
459,30,0,3.98535e-05,0,0.0050049,1.99375e-05,0.00506469,0.5,4,939,48,1504,935,939,329,205,30,30,10,1
460,30,0,3.98535e-05,0,0.0050049,1.99375e-05,0.00506469,0.7,4,737,37,1152,733,737,261,173,30,30,10,1
461,30,0,3.98535e-05,0,0.0050049,1.99375e-05,0.00506469,0.6,4,681,34,1056,677,681,227,158,30,30,10,1
462,30,0,3.98535e-05,0,0.0050049,1.99375e-05,0.00506469,1,4,509,39,1216,505,509,272,208,30,30,10,1
463,30,0,3.98535e-05,0,0.0050049,1.99375e-05,0.00506469,0.9,4,497,34,1056,493,497,198,130,30,30,10,1
464,30,0,3.98535e-05,0,0.0050049,1.99375e-05,0.00506469,1,4,595,37,1152,591,595,279,200,30,30,10,1
465,30,0,3.98535e-05,0,0.0050049,1.99375e-05,0.00506469,0.8,4,653,36,1120,649,653,245,167,30,30,10,1
466,30,0,3.98535e-05,0,0.0050049,1.99375e-05,0.00506469,0.8,4,708,36,1120,704,708,260,182,30,30,10,1
467,30,0,3.98535e-05,0,0.0050049,1.99375e-05,0.00506469,1,4,804,40,1248,800,804,314,223,30,30,10,1
468,30,0,3.98535e-05,0,0.0050049,1.99375e-05,0.00506469,0.7,4,679,39,1216,675,679,301,217,30,30,10,1
469,30,0,3.98535e-05,0,0.0050049,1.99375e-05,0.00506469,0.6,4,672,35,1088,668,672,285,217,30,30,10,1
470,30,0,3.98535e-05,0,0.0050049,1.99375e-05,0.00506469,1,4,682,36,1120,678,682,269,193,30,30,10,1
471,30,0,3.98535e-05,0,0.0050049,1.99375e-05,0.00506469,0.5,4,692,42,1312,688,692,273,164,30,30,10,1
472,30,0,3.98535e-05,0,0.0050049,1.99375e-05,0.00506469,0.5,4,767,40,1248,763,767,289,202,30,30,10,1
473,30,0,3.98535e-05,0,0.0050049,1.99375e-05,0.00506469,0.9,4,732,45,1408,728,732,349,234,30,30,10,1
474,30,0,3.98535e-05,0,0.0050049,1.99375e-05,0.00506469,0.8,4,650,35,1088,646,650,245,160,30,30,10,1
475,30,0,3.98535e-05,0,0.0050049,1.99375e-05,0.00506469,1,4,707,40,1248,703,707,332,234,30,30,10,1
476,30,0,3.98535e-05,0,0.0050049,1.99375e-05,0.00506469,1,4,643,37,1152,639,643,273,192,30,30,10,1
477,30,0,3.98535e-05,0,0.0050049,1.99375e-05,0.00506469,1,4,774,41,1280,770,774,352,236,30,30,10,1
478,30,0,3.98535e-05,0,0.0050049,1.99375e-05,0.00506469,1,4,434,38,1184,430,434,272,219,30,30,10,1
479,30,0,3.98535e-05,0,0.0050049,1.99375e-05,0.00506469,0.9,4,721,39,1216,717,721,279,188,30,30,10,1
480,30,0,3.98535e-05,0,0.0050049,1.99375e-05,0.00506469,1,4,464,42,1312,460,464,344,282,30,30,10,1
481,30,0,3.98535e-05,0,0.0050049,1.99375e-05,0.00506469,0.9,4,635,37,1152,631,635,264,191,30,30,10,1
482,30,0,3.98535e-05,0,0.0050049,1.99375e-05,0.00506469,1,4,732,44,1376,728,732,342,248,30,30,10,1
483,30,0,3.98535e-05,0,0.0050049,1.99375e-05,0.00506469,0.8,4,757,41,1280,753,757,288,189,30,30,10,1
484,30,0,3.98535e-05,0,0.0050049,1.99375e-05,0.00506469,1,4,615,39,1216,611,615,316,226,30,30,10,1
485,30,0,3.98535e-05,0,0.0050049,1.99375e-05,0.00506469,1,4,499,38,1184,495,499,285,215,30,30,10,1
486,30,0,3.98535e-05,0,0.0050049,1.99375e-05,0.00506469,1,4,712,38,1184,708,712,288,207,30,30,10,1
487,30,0,3.98535e-05,0,0.0050049,1.99375e-05,0.00506469,1,4,586,34,1056,582,586,238,165,30,30,10,1
488,30,0,3.98535e-05,0,0.0050049,1.99375e-05,0.00506469,1,4,670,36,1120,666,670,252,168,30,30,10,1
489,30,0,3.98535e-05,0,0.0050049,1.99375e-05,0.00506469,0.1,4,726,47,1472,722,726,265,141,30,30,10,1
490,30,0,3.98535e-05,0,0.0050049,1.99375e-05,0.00506469,1,4,644,36,1120,640,644,241,172,30,30,10,1
491,30,0,3.98535e-05,0,0.0050049,1.99375e-05,0.00506469,0.9,4,868,46,1440,864,868,358,243,30,30,10,1
492,30,0,3.98535e-05,0,0.0050049,1.99375e-05,0.00506469,1,4,627,35,1088,623,627,270,194,30,30,10,1
493,30,0,3.98535e-05,0,0.0050049,1.99375e-05,0.00506469,1,4,463,36,1120,459,463,291,212,30,30,10,1
494,30,0,3.98535e-05,0,0.0050049,1.99375e-05,0.00506469,1,4,710,39,1216,706,710,307,217,30,30,10,1
495,30,0,3.98535e-05,0,0.0050049,1.99375e-05,0.00506469,1,4,674,36,1120,670,674,251,174,30,30,10,1
496,30,0,3.98535e-05,0,0.0050049,1.99375e-05,0.00506469,1,4,556,38,1184,552,556,299,199,30,30,10,1
497,30,0,3.98535e-05,0,0.0050049,1.99375e-05,0.00506469,0.6,4,992,48,1504,988,992,313,175,30,30,10,1
498,30,0,3.98535e-05,0,0.0050049,1.99375e-05,0.00506469,0.5,4,595,35,1088,591,595,267,190,30,30,10,1
499,30,0,3.98535e-05,0,0.0050049,1.99375e-05,0.00506469,0.7,4,600,35,1088,596,600,226,160,30,30,10,1
500,30,0,3.98535e-05,0,0.0050049,1.99375e-05,0.00506469,1,4,600,33,1024,596,600,217,138,30,30,10,1
501,30,0,3.98535e-05,0,0.0050049,1.99375e-05,0.00506469,0.6,4,830,41,1280,826,830,334,232,30,30,10,1
502,30,0,3.98535e-05,0,0.0050049,1.99375e-05,0.00506469,1,4,606,40,1248,602,606,305,232,30,30,10,1
503,30,0,3.98535e-05,0,0.0050049,1.99375e-05,0.00506469,1,4,774,39,1216,770,774,268,175,30,30,10,1
504,30,0,3.98535e-05,0,0.0050049,1.99375e-05,0.00506469,1,4,605,39,1216,601,605,301,198,30,30,10,1
505,30,0,3.98535e-05,0,0.0050049,1.99375e-05,0.00506469,0.8,4,649,41,1280,645,649,274,189,30,30,10,1
506,30,0,3.98535e-05,0,0.0050049,1.99375e-05,0.00506469,0.9,4,566,35,1088,562,566,238,161,30,30,10,1
507,30,0,3.98535e-05,0,0.0050049,1.99375e-05,0.00506469,0.6,4,751,48,1504,747,751,289,184,30,30,10,1
508,30,0,3.98535e-05,0,0.0050049,1.99375e-05,0.00506469,0.8,4,844,46,1440,840,844,303,203,30,30,10,1
509,30,0,3.98535e-05,0,0.0050049,1.99375e-05,0.00506469,1,4,535,36,1120,531,535,246,167,30,30,10,1
510,30,0,3.98535e-05,0,0.0050049,1.99375e-05,0.00506469,1,4,773,46,1440,769,773,325,242,30,30,10,1
511,30,0,3.98535e-05,0,0.0050049,1.99375e-05,0.00506469,0.8,4,953,44,1376,949,953,324,229,30,30,10,1
512,30,1,2.88238e-05,0,0.00508637,1.70164e-05,0.00513221,0.7,4,776,40,1248,772,776,292,201,30,30,10,1
513,30,1,2.88238e-05,0,0.00508637,1.70164e-05,0.00513221,0.9,4,724,38,1184,720,724,287,182,30,30,10,1
514,30,1,2.88238e-05,0,0.00508637,1.70164e-05,0.00513221,1,4,386,37,1152,382,386,253,189,30,30,10,1
515,30,1,2.88238e-05,0,0.00508637,1.70164e-05,0.00513221,0.8,4,724,37,1152,720,724,259,177,30,30,10,1
516,30,1,2.88238e-05,0,0.00508637,1.70164e-05,0.00513221,0.9,4,898,48,1504,894,898,368,243,30,30,10,1
517,30,1,2.88238e-05,0,0.00508637,1.70164e-05,0.00513221,1,4,574,38,1184,570,574,307,230,30,30,10,1
518,30,1,2.88238e-05,0,0.00508637,1.70164e-05,0.00513221,0.9,4,614,40,1248,610,614,273,199,30,30,10,1
519,30,1,2.88238e-05,0,0.00508637,1.70164e-05,0.00513221,0.7,4,698,38,1184,694,698,308,211,30,30,10,1
520,30,1,2.88238e-05,0,0.00508637,1.70164e-05,0.00513221,1,4,802,46,1440,798,802,333,247,30,30,10,1
521,30,1,2.88238e-05,0,0.00508637,1.70164e-05,0.00513221,1,4,536,39,1216,532,536,298,232,30,30,10,1
522,30,1,2.88238e-05,0,0.00508637,1.70164e-05,0.00513221,0.9,4,653,41,1280,649,653,294,216,30,30,10,1
523,30,1,2.88238e-05,0,0.00508637,1.70164e-05,0.00513221,0.8,4,862,47,1472,858,862,353,248,30,30,10,1
524,30,1,2.88238e-05,0,0.00508637,1.70164e-05,0.00513221,0.8,4,609,36,1120,605,609,261,193,30,30,10,1
525,30,1,2.88238e-05,0,0.00508637,1.70164e-05,0.00513221,0.9,4,674,35,1088,670,674,251,178,30,30,10,1
526,30,1,2.88238e-05,0,0.00508637,1.70164e-05,0.00513221,1,4,559,38,1184,555,559,275,195,30,30,10,1
527,30,1,2.88238e-05,0,0.00508637,1.70164e-05,0.00513221,1,4,514,38,1184,510,514,302,217,30,30,10,1
528,30,1,2.88238e-05,0,0.00508637,1.70164e-05,0.00513221,0.7,4,762,36,1120,758,762,254,176,30,30,10,1
529,30,1,2.88238e-05,0,0.00508637,1.70164e-05,0.00513221,0.9,4,779,41,1280,775,779,328,228,30,30,10,1
530,30,1,2.88238e-05,0,0.00508637,1.70164e-05,0.00513221,1,4,622,39,1216,618,622,292,201,30,30,10,1
531,30,1,2.88238e-05,0,0.00508637,1.70164e-05,0.00513221,0.6,4,766,40,1248,762,766,324,244,30,30,10,1
532,30,1,2.88238e-05,0,0.00508637,1.70164e-05,0.00513221,1,4,423,38,1184,419,423,311,234,30,30,10,1
533,30,1,2.88238e-05,0,0.00508637,1.70164e-05,0.00513221,0.8,4,676,37,1152,672,676,293,193,30,30,10,1
534,30,1,2.88238e-05,0,0.00508637,1.70164e-05,0.00513221,0.9,4,680,38,1184,676,680,304,215,30,30,10,1
535,30,1,2.88238e-05,0,0.00508637,1.70164e-05,0.00513221,0.6,4,668,38,1184,664,668,269,179,30,30,10,1
536,30,1,2.88238e-05,0,0.00508637,1.70164e-05,0.00513221,0.6,4,634,37,1152,630,634,258,186,30,30,10,1
537,30,1,2.88238e-05,0,0.00508637,1.70164e-05,0.00513221,1,4,680,35,1088,676,680,263,182,30,30,10,1
538,30,1,2.88238e-05,0,0.00508637,1.70164e-05,0.00513221,0.8,4,749,39,1216,745,749,303,224,30,30,10,1
539,30,1,2.88238e-05,0,0.00508637,1.70164e-05,0.00513221,0.9,4,923,41,1280,919,923,350,245,30,30,10,1
540,30,1,2.88238e-05,0,0.00508637,1.70164e-05,0.00513221,1,4,659,36,1120,655,659,255,158,30,30,10,1
541,30,1,2.88238e-05,0,0.00508637,1.70164e-05,0.00513221,0.8,4,691,36,1120,687,691,217,138,30,30,10,1
542,30,1,2.88238e-05,0,0.00508637,1.70164e-05,0.00513221,0.8,4,849,40,1248,845,849,307,216,30,30,10,1
543,30,1,2.88238e-05,0,0.00508637,1.70164e-05,0.00513221,0.9,4,649,37,1152,645,649,309,226,30,30,10,1
544,30,1,2.88238e-05,0,0.00508637,1.70164e-05,0.00513221,0.9,4,723,40,1248,719,723,318,221,30,30,10,1
545,30,1,2.88238e-05,0,0.00508637,1.70164e-05,0.00513221,0.9,4,787,44,1376,783,787,313,204,30,30,10,1
546,30,1,2.88238e-05,0,0.00508637,1.70164e-05,0.00513221,0.9,4,686,35,1088,682,686,243,165,30,30,10,1
547,30,1,2.88238e-05,0,0.00508637,1.70164e-05,0.00513221,0.8,4,769,37,1152,765,769,279,185,30,30,10,1
548,30,1,2.88238e-05,0,0.00508637,1.70164e-05,0.00513221,0.9,4,745,37,1152,741,745,266,191,30,30,10,1
549,30,1,2.88238e-05,0,0.00508637,1.70164e-05,0.00513221,1,4,888,49,1536,884,888,318,211,30,30,10,1
550,30,1,2.88238e-05,0,0.00508637,1.70164e-05,0.00513221,0.9,4,550,35,1088,546,550,235,162,30,30,10,1
551,30,1,2.88238e-05,0,0.00508637,1.70164e-05,0.00513221,0.7,4,940,48,1504,936,940,331,203,30,30,10,1
552,30,1,2.88238e-05,0,0.00508637,1.70164e-05,0.00513221,0.9,4,694,37,1152,690,694,272,186,30,30,10,1
553,30,1,2.88238e-05,0,0.00508637,1.70164e-05,0.00513221,0.9,4,850,40,1248,846,850,284,190,30,30,10,1
554,30,1,2.88238e-05,0,0.00508637,1.70164e-05,0.00513221,0.8,4,650,36,1120,646,650,261,182,30,30,10,1
555,30,1,2.88238e-05,0,0.00508637,1.70164e-05,0.00513221,0.8,4,761,40,1248,757,761,317,224,30,30,10,1
556,30,1,2.88238e-05,0,0.00508637,1.70164e-05,0.00513221,1,4,666,36,1120,662,666,261,175,30,30,10,1
557,30,1,2.88238e-05,0,0.00508637,1.70164e-05,0.00513221,1,4,593,41,1280,589,593,305,226,30,30,10,1
558,30,1,2.88238e-05,0,0.00508637,1.70164e-05,0.00513221,0.9,4,637,35,1088,633,637,247,166,30,30,10,1
559,30,1,2.88238e-05,0,0.00508637,1.70164e-05,0.00513221,0.8,4,679,37,1152,675,679,265,188,30,30,10,1
560,30,1,2.88238e-05,0,0.00508637,1.70164e-05,0.00513221,0.8,4,710,37,1152,706,710,285,200,30,30,10,1
561,30,1,2.88238e-05,0,0.00508637,1.70164e-05,0.00513221,1,4,685,37,1152,681,685,277,187,30,30,10,1
562,30,1,2.88238e-05,0,0.00508637,1.70164e-05,0.00513221,0,4,697,35,1088,693,697,231,159,30,30,10,1
563,30,1,2.88238e-05,0,0.00508637,1.70164e-05,0.00513221,0.9,4,963,47,1472,959,963,298,188,30,30,10,1
564,30,1,2.88238e-05,0,0.00508637,1.70164e-05,0.00513221,1,4,684,40,1248,680,684,324,251,30,30,10,1
565,30,1,2.88238e-05,0,0.00508637,1.70164e-05,0.00513221,0.4,4,950,44,1376,946,950,329,257,30,30,10,1
566,30,1,2.88238e-05,0,0.00508637,1.70164e-05,0.00513221,0.7,4,672,37,1152,668,672,259,180,30,30,10,1
567,30,1,2.88238e-05,0,0.00508637,1.70164e-05,0.00513221,1,4,614,38,1184,610,614,321,229,30,30,10,1
568,30,1,2.88238e-05,0,0.00508637,1.70164e-05,0.00513221,0.6,4,962,47,1472,958,962,308,221,30,30,10,1
569,30,1,2.88238e-05,0,0.00508637,1.70164e-05,0.00513221,1,4,615,46,1440,611,615,360,262,30,30,10,1
570,30,1,2.88238e-05,0,0.00508637,1.70164e-05,0.00513221,0.9,4,697,39,1216,693,697,307,210,30,30,10,1
571,30,1,2.88238e-05,0,0.00508637,1.70164e-05,0.00513221,0.7,4,738,40,1248,734,738,306,221,30,30,10,1
572,30,1,2.88238e-05,0,0.00508637,1.70164e-05,0.00513221,0.5,4,637,36,1120,633,637,260,184,30,30,10,1
573,30,1,2.88238e-05,0,0.00508637,1.70164e-05,0.00513221,0.8,4,831,40,1248,827,831,314,223,30,30,10,1
574,30,1,2.88238e-05,0,0.00508637,1.70164e-05,0.00513221,1,4,540,35,1088,536,540,215,124,30,30,10,1
575,30,1,2.88238e-05,0,0.00508637,1.70164e-05,0.00513221,0.4,4,878,47,1472,874,878,303,171,30,30,10,1
576,30,1,2.88238e-05,0,0.00508637,1.70164e-05,0.00513221,0.8,4,688,36,1120,684,688,256,166,30,30,10,1
577,30,1,2.88238e-05,0,0.00508637,1.70164e-05,0.00513221,1,4,729,42,1312,725,729,359,266,30,30,10,1
578,30,1,2.88238e-05,0,0.00508637,1.70164e-05,0.00513221,0.6,4,732,41,1280,728,732,283,199,30,30,10,1
579,30,1,2.88238e-05,0,0.00508637,1.70164e-05,0.00513221,0.9,4,729,39,1216,725,729,322,249,30,30,10,1
580,30,1,2.88238e-05,0,0.00508637,1.70164e-05,0.00513221,0.8,4,686,37,1152,682,686,260,171,30,30,10,1
581,30,1,2.88238e-05,0,0.00508637,1.70164e-05,0.00513221,1,4,633,36,1120,629,633,262,186,30,30,10,1
582,30,1,2.88238e-05,0,0.00508637,1.70164e-05,0.00513221,0.9,4,742,41,1280,738,742,321,242,30,30,10,1
583,30,1,2.88238e-05,0,0.00508637,1.70164e-05,0.00513221,0.8,4,636,39,1216,632,636,273,176,30,30,10,1
584,30,1,2.88238e-05,0,0.00508637,1.70164e-05,0.00513221,0.4,4,919,48,1504,915,919,349,229,30,30,10,1
585,30,1,2.88238e-05,0,0.00508637,1.70164e-05,0.00513221,0.9,4,638,39,1216,634,638,327,243,30,30,10,1
586,30,1,2.88238e-05,0,0.00508637,1.70164e-05,0.00513221,0.7,4,696,35,1088,692,696,243,156,30,30,10,1
587,30,1,2.88238e-05,0,0.00508637,1.70164e-05,0.00513221,1,4,612,34,1056,608,612,231,132,30,30,10,1
588,30,1,2.88238e-05,0,0.00508637,1.70164e-05,0.00513221,0.5,4,776,37,1152,772,776,266,179,30,30,10,1
589,30,1,2.88238e-05,0,0.00508637,1.70164e-05,0.00513221,1,4,658,36,1120,654,658,241,163,30,30,10,1
590,30,1,2.88238e-05,0,0.00508637,1.70164e-05,0.00513221,1,4,724,37,1152,720,724,286,204,30,30,10,1
591,30,1,2.88238e-05,0,0.00508637,1.70164e-05,0.00513221,1,4,533,35,1088,529,533,249,152,30,30,10,1
592,30,1,2.88238e-05,0,0.00508637,1.70164e-05,0.00513221,1,4,626,41,1280,622,626,324,229,30,30,10,1
593,30,1,2.88238e-05,0,0.00508637,1.70164e-05,0.00513221,0.8,4,801,44,1376,797,801,331,225,30,30,10,1
594,30,1,2.88238e-05,0,0.00508637,1.70164e-05,0.00513221,0.8,4,554,36,1120,550,554,240,183,30,30,10,1
595,30,1,2.88238e-05,0,0.00508637,1.70164e-05,0.00513221,0.9,4,532,37,1152,528,532,266,185,30,30,10,1
596,30,1,2.88238e-05,0,0.00508637,1.70164e-05,0.00513221,0.8,4,737,38,1184,733,737,270,188,30,30,10,1
597,30,1,2.88238e-05,0,0.00508637,1.70164e-05,0.00513221,1,4,564,38,1184,560,564,295,191,30,30,10,1
598,30,1,2.88238e-05,0,0.00508637,1.70164e-05,0.00513221,0.9,4,752,44,1376,748,752,297,204,30,30,10,1
599,30,1,2.88238e-05,0,0.00508637,1.70164e-05,0.00513221,1,4,785,38,1184,781,785,311,221,30,30,10,1
600,30,1,2.88238e-05,0,0.00508637,1.70164e-05,0.00513221,0.8,4,640,38,1184,636,640,282,213,30,30,10,1
601,30,1,2.88238e-05,0,0.00508637,1.70164e-05,0.00513221,0.6,4,922,43,1344,918,922,338,231,30,30,10,1
602,30,1,2.88238e-05,0,0.00508637,1.70164e-05,0.00513221,0.5,4,645,34,1056,641,645,230,148,30,30,10,1
603,30,1,2.88238e-05,0,0.00508637,1.70164e-05,0.00513221,0.9,4,716,37,1152,712,716,305,209,30,30,10,1
604,30,1,2.88238e-05,0,0.00508637,1.70164e-05,0.00513221,0.9,4,777,39,1216,773,777,258,180,30,30,10,1
605,30,1,2.88238e-05,0,0.00508637,1.70164e-05,0.00513221,0.6,4,721,37,1152,717,721,280,198,30,30,10,1
606,30,1,2.88238e-05,0,0.00508637,1.70164e-05,0.00513221,0.9,4,627,35,1088,623,627,258,155,30,30,10,1
607,30,1,2.88238e-05,0,0.00508637,1.70164e-05,0.00513221,0.9,4,821,47,1472,817,821,361,272,30,30,10,1
608,30,1,2.88238e-05,0,0.00508637,1.70164e-05,0.00513221,1,4,684,37,1152,680,684,271,185,30,30,10,1
609,30,1,2.88238e-05,0,0.00508637,1.70164e-05,0.00513221,0.9,4,652,37,1152,648,652,269,172,30,30,10,1
610,30,1,2.88238e-05,0,0.00508637,1.70164e-05,0.00513221,0.7,4,818,41,1280,814,818,353,237,30,30,10,1
611,30,1,2.88238e-05,0,0.00508637,1.70164e-05,0.00513221,0.8,4,710,38,1184,706,710,253,155,30,30,10,1
612,30,1,2.88238e-05,0,0.00508637,1.70164e-05,0.00513221,0.6,4,691,36,1120,687,691,238,142,30,30,10,1
613,30,1,2.88238e-05,0,0.00508637,1.70164e-05,0.00513221,0.2,4,644,37,1152,640,644,249,162,30,30,10,1
614,30,1,2.88238e-05,0,0.00508637,1.70164e-05,0.00513221,0.9,4,550,37,1152,546,550,235,161,30,30,10,1
615,30,1,2.88238e-05,0,0.00508637,1.70164e-05,0.00513221,0.9,4,738,38,1184,734,738,304,237,30,30,10,1
616,30,1,2.88238e-05,0,0.00508637,1.70164e-05,0.00513221,0.7,4,781,38,1184,777,781,272,186,30,30,10,1
617,30,1,2.88238e-05,0,0.00508637,1.70164e-05,0.00513221,0.4,4,851,40,1248,847,851,291,213,30,30,10,1
618,30,1,2.88238e-05,0,0.00508637,1.70164e-05,0.00513221,0.9,4,690,37,1152,686,690,277,201,30,30,10,1
619,30,1,2.88238e-05,0,0.00508637,1.70164e-05,0.00513221,0.9,4,693,39,1216,689,693,280,189,30,30,10,1
620,30,1,2.88238e-05,0,0.00508637,1.70164e-05,0.00513221,0.5,4,667,38,1184,663,667,266,168,30,30,10,1
621,30,1,2.88238e-05,0,0.00508637,1.70164e-05,0.00513221,1,4,647,37,1152,643,647,283,199,30,30,10,1
622,30,1,2.88238e-05,0,0.00508637,1.70164e-05,0.00513221,0.8,4,595,39,1216,591,595,301,236,30,30,10,1
623,30,1,2.88238e-05,0,0.00508637,1.70164e-05,0.00513221,1,4,437,37,1152,433,437,268,201,30,30,10,1
624,30,1,2.88238e-05,0,0.00508637,1.70164e-05,0.00513221,1,4,596,41,1280,592,596,286,199,30,30,10,1
625,30,1,2.88238e-05,0,0.00508637,1.70164e-05,0.00513221,1,4,408,37,1152,404,408,260,191,30,30,10,1
626,30,1,2.88238e-05,0,0.00508637,1.70164e-05,0.00513221,1,4,595,38,1184,591,595,308,227,30,30,10,1
627,30,1,2.88238e-05,0,0.00508637,1.70164e-05,0.00513221,1,4,479,37,1152,475,479,282,203,30,30,10,1
628,30,1,2.88238e-05,0,0.00508637,1.70164e-05,0.00513221,1,4,337,35,1088,333,337,205,141,30,30,10,1
629,30,1,2.88238e-05,0,0.00508637,1.70164e-05,0.00513221,1,4,382,36,1120,378,382,260,181,30,30,10,1
630,30,1,2.88238e-05,0,0.00508637,1.70164e-05,0.00513221,1,4,579,47,1472,575,579,362,282,30,30,10,1
631,30,1,2.88238e-05,0,0.00508637,1.70164e-05,0.00513221,1,4,466,39,1216,462,466,293,230,30,30,10,1
632,30,1,2.88238e-05,0,0.00508637,1.70164e-05,0.00513221,1,4,370,38,1184,366,370,273,213,30,30,10,1
633,30,1,2.88238e-05,0,0.00508637,1.70164e-05,0.00513221,1,4,349,38,1184,345,349,264,206,30,30,10,1
634,30,1,2.88238e-05,0,0.00508637,1.70164e-05,0.00513221,1,4,366,38,1184,362,366,270,207,30,30,10,1
635,30,1,2.88238e-05,0,0.00508637,1.70164e-05,0.00513221,1,4,361,38,1184,357,361,277,207,30,30,10,1
636,30,1,2.88238e-05,0,0.00508637,1.70164e-05,0.00513221,1,4,442,36,1120,438,442,258,179,30,30,10,1
637,30,1,2.88238e-05,0,0.00508637,1.70164e-05,0.00513221,1,4,559,34,1056,555,559,253,187,30,30,10,1
638,30,1,2.88238e-05,0,0.00508637,1.70164e-05,0.00513221,1,4,510,35,1088,506,510,271,183,30,30,10,1
639,30,1,2.88238e-05,0,0.00508637,1.70164e-05,0.00513221,1,4,504,39,1216,500,504,305,230,30,30,10,1
640,30,1,2.88238e-05,0,0.00508637,1.70164e-05,0.00513221,1,4,528,38,1184,524,528,296,221,30,30,10,1
641,30,1,2.88238e-05,0,0.00508637,1.70164e-05,0.00513221,0.8,4,736,41,1280,732,736,361,268,30,30,10,1
642,30,1,2.88238e-05,0,0.00508637,1.70164e-05,0.00513221,1,4,589,44,1376,585,589,367,285,30,30,10,1
643,30,1,2.88238e-05,0,0.00508637,1.70164e-05,0.00513221,1,4,576,35,1088,572,576,229,145,30,30,10,1
644,30,1,2.88238e-05,0,0.00508637,1.70164e-05,0.00513221,0.5,4,677,34,1056,673,677,250,165,30,30,10,1
645,30,1,2.88238e-05,0,0.00508637,1.70164e-05,0.00513221,0.9,4,637,37,1152,633,637,281,211,30,30,10,1
646,30,1,2.88238e-05,0,0.00508637,1.70164e-05,0.00513221,0.9,4,720,36,1120,716,720,273,198,30,30,10,1
647,30,1,2.88238e-05,0,0.00508637,1.70164e-05,0.00513221,0.8,4,764,44,1376,760,764,255,160,30,30,10,1
648,30,1,2.88238e-05,0,0.00508637,1.70164e-05,0.00513221,0.9,4,700,39,1216,696,700,303,206,30,30,10,1
649,30,1,2.88238e-05,0,0.00508637,1.70164e-05,0.00513221,0.8,4,783,41,1280,779,783,341,261,30,30,10,1
650,30,1,2.88238e-05,0,0.00508637,1.70164e-05,0.00513221,0.8,4,634,38,1184,630,634,309,224,30,30,10,1
651,30,1,2.88238e-05,0,0.00508637,1.70164e-05,0.00513221,1,4,591,37,1152,587,591,292,212,30,30,10,1
652,30,1,2.88238e-05,0,0.00508637,1.70164e-05,0.00513221,1,4,641,39,1216,637,641,356,297,30,30,10,1
653,30,1,2.88238e-05,0,0.00508637,1.70164e-05,0.00513221,0.8,4,592,36,1120,588,592,272,199,30,30,10,1
654,30,1,2.88238e-05,0,0.00508637,1.70164e-05,0.00513221,1,4,476,37,1152,472,476,277,218,30,30,10,1
655,30,1,2.88238e-05,0,0.00508637,1.70164e-05,0.00513221,1,4,565,34,1056,561,565,260,167,30,30,10,1
656,30,1,2.88238e-05,0,0.00508637,1.70164e-05,0.00513221,1,4,495,36,1120,491,495,231,149,30,30,10,1
657,30,1,2.88238e-05,0,0.00508637,1.70164e-05,0.00513221,0.5,4,683,39,1216,679,683,314,225,30,30,10,1
658,30,1,2.88238e-05,0,0.00508637,1.70164e-05,0.00513221,1,4,458,39,1216,454,458,329,267,30,30,10,1
659,30,1,2.88238e-05,0,0.00508637,1.70164e-05,0.00513221,1,4,618,39,1216,614,618,308,233,30,30,10,1
660,30,1,2.88238e-05,0,0.00508637,1.70164e-05,0.00513221,1,4,464,37,1152,460,464,287,214,30,30,10,1
661,30,1,2.88238e-05,0,0.00508637,1.70164e-05,0.00513221,0.6,4,792,41,1280,788,792,291,193,30,30,10,1
662,30,1,2.88238e-05,0,0.00508637,1.70164e-05,0.00513221,1,4,557,37,1152,553,557,299,240,30,30,10,1
663,30,1,2.88238e-05,0,0.00508637,1.70164e-05,0.00513221,1,4,504,35,1088,500,504,233,152,30,30,10,1
664,30,1,2.88238e-05,0,0.00508637,1.70164e-05,0.00513221,0.3,4,804,42,1312,800,804,339,236,30,30,10,1
665,30,1,2.88238e-05,0,0.00508637,1.70164e-05,0.00513221,0.8,4,637,43,1344,633,637,313,220,30,30,10,1
666,30,1,2.88238e-05,0,0.00508637,1.70164e-05,0.00513221,0.6,4,903,43,1344,899,903,321,223,30,30,10,1
667,30,1,2.88238e-05,0,0.00508637,1.70164e-05,0.00513221,0.9,4,665,40,1248,661,665,349,260,30,30,10,1
668,30,1,2.88238e-05,0,0.00508637,1.70164e-05,0.00513221,0.9,4,486,35,1088,482,486,223,137,30,30,10,1
669,30,1,2.88238e-05,0,0.00508637,1.70164e-05,0.00513221,1,4,659,36,1120,655,659,293,202,30,30,10,1
670,30,1,2.88238e-05,0,0.00508637,1.70164e-05,0.00513221,0.7,4,638,36,1120,634,638,245,172,30,30,10,1
671,30,1,2.88238e-05,0,0.00508637,1.70164e-05,0.00513221,0.9,4,620,39,1216,616,620,314,235,30,30,10,1
672,30,1,2.88238e-05,0,0.00508637,1.70164e-05,0.00513221,1,4,552,42,1312,548,552,313,251,30,30,10,1
673,30,1,2.88238e-05,0,0.00508637,1.70164e-05,0.00513221,0.1,4,698,37,1152,694,698,285,181,30,30,10,1
674,30,1,2.88238e-05,0,0.00508637,1.70164e-05,0.00513221,0.9,4,501,38,1184,497,501,288,212,30,30,10,1
675,30,1,2.88238e-05,0,0.00508637,1.70164e-05,0.00513221,0.7,4,639,42,1312,635,639,267,186,30,30,10,1
676,30,1,2.88238e-05,0,0.00508637,1.70164e-05,0.00513221,0.9,4,842,47,1472,838,842,317,210,30,30,10,1
677,30,1,2.88238e-05,0,0.00508637,1.70164e-05,0.00513221,1,4,671,39,1216,667,671,322,234,30,30,10,1
678,30,1,2.88238e-05,0,0.00508637,1.70164e-05,0.00513221,1,4,581,39,1216,577,581,319,230,30,30,10,1
679,30,1,2.88238e-05,0,0.00508637,1.70164e-05,0.00513221,0.8,4,787,38,1184,783,787,245,156,30,30,10,1
680,30,1,2.88238e-05,0,0.00508637,1.70164e-05,0.00513221,1,4,622,36,1120,618,622,269,184,30,30,10,1
681,30,1,2.88238e-05,0,0.00508637,1.70164e-05,0.00513221,1,4,581,34,1056,577,581,237,147,30,30,10,1
682,30,1,2.88238e-05,0,0.00508637,1.70164e-05,0.00513221,0.7,4,728,40,1248,724,728,329,245,30,30,10,1
683,30,1,2.88238e-05,0,0.00508637,1.70164e-05,0.00513221,1,4,481,33,1024,477,481,193,133,30,30,10,1
684,30,1,2.88238e-05,0,0.00508637,1.70164e-05,0.00513221,1,4,531,38,1184,527,531,304,236,30,30,10,1
685,30,1,2.88238e-05,0,0.00508637,1.70164e-05,0.00513221,0.6,4,574,34,1056,570,574,234,150,30,30,10,1
686,30,1,2.88238e-05,0,0.00508637,1.70164e-05,0.00513221,1,4,489,41,1280,485,489,328,260,30,30,10,1
687,30,1,2.88238e-05,0,0.00508637,1.70164e-05,0.00513221,0.9,4,654,35,1088,650,654,267,178,30,30,10,1
688,30,1,2.88238e-05,0,0.00508637,1.70164e-05,0.00513221,1,4,670,41,1280,666,670,314,231,30,30,10,1
689,30,1,2.88238e-05,0,0.00508637,1.70164e-05,0.00513221,1,4,517,37,1152,513,517,277,203,30,30,10,1
690,30,1,2.88238e-05,0,0.00508637,1.70164e-05,0.00513221,1,4,726,39,1216,722,726,298,205,30,30,10,1
691,30,1,2.88238e-05,0,0.00508637,1.70164e-05,0.00513221,1,4,545,36,1120,541,545,253,173,30,30,10,1
692,30,1,2.88238e-05,0,0.00508637,1.70164e-05,0.00513221,1,4,624,39,1216,620,624,259,162,30,30,10,1
693,30,1,2.88238e-05,0,0.00508637,1.70164e-05,0.00513221,0.7,4,897,50,1568,893,897,355,236,30,30,10,1
694,30,1,2.88238e-05,0,0.00508637,1.70164e-05,0.00513221,1,4,585,38,1184,581,585,299,226,30,30,10,1
695,30,1,2.88238e-05,0,0.00508637,1.70164e-05,0.00513221,0.9,4,556,38,1184,552,556,303,235,30,30,10,1
696,30,1,2.88238e-05,0,0.00508637,1.70164e-05,0.00513221,1,4,564,34,1056,560,564,240,164,30,30,10,1
697,30,1,2.88238e-05,0,0.00508637,1.70164e-05,0.00513221,1,4,622,49,1536,618,622,404,319,30,30,10,1
698,30,1,2.88238e-05,0,0.00508637,1.70164e-05,0.00513221,1,4,614,41,1280,610,614,312,231,30,30,10,1
699,30,1,2.88238e-05,0,0.00508637,1.70164e-05,0.00513221,1,4,399,38,1184,395,399,263,202,30,30,10,1
700,30,1,2.88238e-05,0,0.00508637,1.70164e-05,0.00513221,1,4,508,36,1120,504,508,252,186,30,30,10,1
701,30,1,2.88238e-05,0,0.00508637,1.70164e-05,0.00513221,0.7,4,715,35,1088,711,715,259,185,30,30,10,1
702,30,1,2.88238e-05,0,0.00508637,1.70164e-05,0.00513221,1,4,609,36,1120,605,609,252,170,30,30,10,1
703,30,1,2.88238e-05,0,0.00508637,1.70164e-05,0.00513221,0.7,4,717,35,1088,713,717,258,159,30,30,10,1
704,30,1,2.88238e-05,0,0.00508637,1.70164e-05,0.00513221,1,4,516,34,1056,512,516,258,174,30,30,10,1
705,30,1,2.88238e-05,0,0.00508637,1.70164e-05,0.00513221,1,4,672,37,1152,668,672,319,225,30,30,10,1
706,30,1,2.88238e-05,0,0.00508637,1.70164e-05,0.00513221,0.9,4,599,35,1088,595,599,236,152,30,30,10,1
707,30,1,2.88238e-05,0,0.00508637,1.70164e-05,0.00513221,0.9,4,663,38,1184,659,663,254,166,30,30,10,1
708,30,1,2.88238e-05,0,0.00508637,1.70164e-05,0.00513221,0.7,4,598,35,1088,594,598,258,171,30,30,10,1
709,30,1,2.88238e-05,0,0.00508637,1.70164e-05,0.00513221,1,4,511,36,1120,507,511,250,172,30,30,10,1
710,30,1,2.88238e-05,0,0.00508637,1.70164e-05,0.00513221,1,4,659,37,1152,655,659,280,205,30,30,10,1
711,30,1,2.88238e-05,0,0.00508637,1.70164e-05,0.00513221,0.8,4,674,38,1184,670,674,232,155,30,30,10,1
712,30,1,2.88238e-05,0,0.00508637,1.70164e-05,0.00513221,0.8,4,685,37,1152,681,685,258,167,30,30,10,1
713,30,1,2.88238e-05,0,0.00508637,1.70164e-05,0.00513221,0.4,4,643,35,1088,639,643,257,189,30,30,10,1
714,30,1,2.88238e-05,0,0.00508637,1.70164e-05,0.00513221,0.8,4,895,45,1408,891,895,301,207,30,30,10,1
715,30,1,2.88238e-05,0,0.00508637,1.70164e-05,0.00513221,1,4,811,38,1184,807,811,254,152,30,30,10,1
716,30,1,2.88238e-05,0,0.00508637,1.70164e-05,0.00513221,1,4,621,35,1088,617,621,275,205,30,30,10,1
717,30,1,2.88238e-05,0,0.00508637,1.70164e-05,0.00513221,0.5,4,860,43,1344,856,860,331,234,30,30,10,1
718,30,1,2.88238e-05,0,0.00508637,1.70164e-05,0.00513221,0.5,4,749,41,1280,745,749,254,173,30,30,10,1
719,30,1,2.88238e-05,0,0.00508637,1.70164e-05,0.00513221,0.8,4,654,39,1216,650,654,253,168,30,30,10,1
720,30,1,2.88238e-05,0,0.00508637,1.70164e-05,0.00513221,0.9,4,796,42,1312,792,796,271,166,30,30,10,1
721,30,1,2.88238e-05,0,0.00508637,1.70164e-05,0.00513221,1,4,610,35,1088,606,610,261,193,30,30,10,1
722,30,1,2.88238e-05,0,0.00508637,1.70164e-05,0.00513221,1,4,662,35,1088,658,662,259,178,30,30,10,1
723,30,1,2.88238e-05,0,0.00508637,1.70164e-05,0.00513221,0.4,4,694,38,1184,690,694,301,203,30,30,10,1
724,30,1,2.88238e-05,0,0.00508637,1.70164e-05,0.00513221,0.9,4,668,38,1184,664,668,271,187,30,30,10,1
725,30,1,2.88238e-05,0,0.00508637,1.70164e-05,0.00513221,1,4,664,42,1312,660,664,342,237,30,30,10,1
726,30,1,2.88238e-05,0,0.00508637,1.70164e-05,0.00513221,0.7,4,638,38,1184,634,638,288,190,30,30,10,1
727,30,1,2.88238e-05,0,0.00508637,1.70164e-05,0.00513221,0.9,4,735,39,1216,731,735,309,238,30,30,10,1
728,30,1,2.88238e-05,0,0.00508637,1.70164e-05,0.00513221,0.7,4,754,40,1248,750,754,291,203,30,30,10,1
729,30,1,2.88238e-05,0,0.00508637,1.70164e-05,0.00513221,0.9,4,676,36,1120,672,676,261,183,30,30,10,1
730,30,1,2.88238e-05,0,0.00508637,1.70164e-05,0.00513221,1,4,792,39,1216,788,792,287,187,30,30,10,1
731,30,1,2.88238e-05,0,0.00508637,1.70164e-05,0.00513221,0.9,4,692,38,1184,688,692,310,226,30,30,10,1
732,30,1,2.88238e-05,0,0.00508637,1.70164e-05,0.00513221,1,4,441,36,1120,437,441,249,180,30,30,10,1
733,30,1,2.88238e-05,0,0.00508637,1.70164e-05,0.00513221,1,4,598,39,1216,594,598,325,257,30,30,10,1
734,30,1,2.88238e-05,0,0.00508637,1.70164e-05,0.00513221,0.7,4,700,39,1216,696,700,261,177,30,30,10,1
735,30,1,2.88238e-05,0,0.00508637,1.70164e-05,0.00513221,0.6,4,921,43,1344,917,921,328,211,30,30,10,1
736,30,1,2.88238e-05,0,0.00508637,1.70164e-05,0.00513221,0.7,4,715,35,1088,711,715,281,194,30,30,10,1
737,30,1,2.88238e-05,0,0.00508637,1.70164e-05,0.00513221,0.8,4,711,39,1216,707,711,304,206,30,30,10,1
738,30,1,2.88238e-05,0,0.00508637,1.70164e-05,0.00513221,0.8,4,712,38,1184,708,712,299,217,30,30,10,1
739,30,1,2.88238e-05,0,0.00508637,1.70164e-05,0.00513221,0.8,4,698,37,1152,694,698,292,200,30,30,10,1
740,30,1,2.88238e-05,0,0.00508637,1.70164e-05,0.00513221,0.9,4,643,38,1184,639,643,289,219,30,30,10,1
741,30,1,2.88238e-05,0,0.00508637,1.70164e-05,0.00513221,0.8,4,651,37,1152,647,651,274,179,30,30,10,1
742,30,1,2.88238e-05,0,0.00508637,1.70164e-05,0.00513221,1,4,731,43,1344,727,731,340,258,30,30,10,1
743,30,1,2.88238e-05,0,0.00508637,1.70164e-05,0.00513221,1,4,651,37,1152,647,651,288,200,30,30,10,1
744,30,1,2.88238e-05,0,0.00508637,1.70164e-05,0.00513221,0.7,4,667,36,1120,663,667,243,151,30,30,10,1
745,30,1,2.88238e-05,0,0.00508637,1.70164e-05,0.00513221,1,4,619,38,1184,615,619,309,227,30,30,10,1
746,30,1,2.88238e-05,0,0.00508637,1.70164e-05,0.00513221,0.7,4,548,37,1152,544,548,310,235,30,30,10,1
747,30,1,2.88238e-05,0,0.00508637,1.70164e-05,0.00513221,0.8,4,1190,62,1952,1186,1190,387,233,30,30,10,1
748,30,1,2.88238e-05,0,0.00508637,1.70164e-05,0.00513221,0.6,4,797,39,1216,793,797,313,217,30,30,10,1
749,30,1,2.88238e-05,0,0.00508637,1.70164e-05,0.00513221,1,4,615,36,1120,611,615,299,219,30,30,10,1
750,30,1,2.88238e-05,0,0.00508637,1.70164e-05,0.00513221,0.9,4,805,43,1344,801,805,315,216,30,30,10,1
751,30,1,2.88238e-05,0,0.00508637,1.70164e-05,0.00513221,0.9,4,724,41,1280,720,724,289,197,30,30,10,1
752,30,1,2.88238e-05,0,0.00508637,1.70164e-05,0.00513221,0.9,4,697,39,1216,693,697,300,201,30,30,10,1
753,30,1,2.88238e-05,0,0.00508637,1.70164e-05,0.00513221,0.6,4,631,37,1152,627,631,268,180,30,30,10,1
754,30,1,2.88238e-05,0,0.00508637,1.70164e-05,0.00513221,0.8,4,745,40,1248,741,745,303,200,30,30,10,1
755,30,1,2.88238e-05,0,0.00508637,1.70164e-05,0.00513221,0.7,4,554,36,1120,550,554,234,172,30,30,10,1
756,30,1,2.88238e-05,0,0.00508637,1.70164e-05,0.00513221,0.7,4,571,35,1088,567,571,217,141,30,30,10,1
757,30,1,2.88238e-05,0,0.00508637,1.70164e-05,0.00513221,1,4,728,43,1344,724,728,346,230,30,30,10,1
758,30,1,2.88238e-05,0,0.00508637,1.70164e-05,0.00513221,1,4,643,42,1312,639,643,349,273,30,30,10,1
759,30,1,2.88238e-05,0,0.00508637,1.70164e-05,0.00513221,1,4,721,40,1248,717,721,322,243,30,30,10,1
760,30,1,2.88238e-05,0,0.00508637,1.70164e-05,0.00513221,0.8,4,588,38,1184,584,588,230,140,30,30,10,1
761,30,1,2.88238e-05,0,0.00508637,1.70164e-05,0.00513221,1,4,384,34,1056,380,384,211,142,30,30,10,1
762,30,1,2.88238e-05,0,0.00508637,1.70164e-05,0.00513221,1,4,582,39,1216,578,582,290,209,30,30,10,1
763,30,1,2.88238e-05,0,0.00508637,1.70164e-05,0.00513221,1,4,669,37,1152,665,669,271,182,30,30,10,1
764,30,1,2.88238e-05,0,0.00508637,1.70164e-05,0.00513221,1,4,609,38,1184,605,609,340,265,30,30,10,1
765,30,1,2.88238e-05,0,0.00508637,1.70164e-05,0.00513221,0.9,4,537,38,1184,533,537,304,213,30,30,10,1
766,30,1,2.88238e-05,0,0.00508637,1.70164e-05,0.00513221,1,4,793,46,1440,789,793,377,277,30,30,10,1
767,30,1,2.88238e-05,0,0.00508637,1.70164e-05,0.00513221,1,4,585,37,1152,581,585,274,198,30,30,10,1
768,30,1,2.88238e-05,0,0.00508637,1.70164e-05,0.00513221,1,4,625,43,1344,621,625,332,236,30,30,10,1
769,30,1,2.88238e-05,0,0.00508637,1.70164e-05,0.00513221,0.9,4,624,39,1216,620,624,283,201,30,30,10,1
770,30,1,2.88238e-05,0,0.00508637,1.70164e-05,0.00513221,0.9,4,673,36,1120,669,673,280,193,30,30,10,1
771,30,1,2.88238e-05,0,0.00508637,1.70164e-05,0.00513221,0.4,4,766,36,1120,762,766,274,189,30,30,10,1
772,30,1,2.88238e-05,0,0.00508637,1.70164e-05,0.00513221,0.7,4,640,36,1120,636,640,258,169,30,30,10,1
773,30,1,2.88238e-05,0,0.00508637,1.70164e-05,0.00513221,0.6,4,825,42,1312,821,825,277,193,30,30,10,1
774,30,1,2.88238e-05,0,0.00508637,1.70164e-05,0.00513221,1,4,497,40,1248,493,497,340,283,30,30,10,1
775,30,1,2.88238e-05,0,0.00508637,1.70164e-05,0.00513221,0.4,4,819,41,1280,815,819,287,185,30,30,10,1
776,30,1,2.88238e-05,0,0.00508637,1.70164e-05,0.00513221,1,4,481,35,1088,477,481,228,161,30,30,10,1
777,30,1,2.88238e-05,0,0.00508637,1.70164e-05,0.00513221,1,4,524,37,1152,520,524,284,207,30,30,10,1
778,30,1,2.88238e-05,0,0.00508637,1.70164e-05,0.00513221,1,4,722,39,1216,718,722,284,185,30,30,10,1
779,30,1,2.88238e-05,0,0.00508637,1.70164e-05,0.00513221,0.9,4,704,43,1344,700,704,314,223,30,30,10,1
780,30,1,2.88238e-05,0,0.00508637,1.70164e-05,0.00513221,0.4,4,666,35,1088,662,666,255,172,30,30,10,1
781,30,1,2.88238e-05,0,0.00508637,1.70164e-05,0.00513221,1,4,669,40,1248,665,669,317,226,30,30,10,1
782,30,1,2.88238e-05,0,0.00508637,1.70164e-05,0.00513221,1,4,698,37,1152,694,698,257,168,30,30,10,1
783,30,1,2.88238e-05,0,0.00508637,1.70164e-05,0.00513221,0.8,4,658,41,1280,654,658,296,218,30,30,10,1
784,30,1,2.88238e-05,0,0.00508637,1.70164e-05,0.00513221,1,4,622,35,1088,618,622,287,187,30,30,10,1
785,30,1,2.88238e-05,0,0.00508637,1.70164e-05,0.00513221,1,4,525,38,1184,521,525,297,215,30,30,10,1
786,30,1,2.88238e-05,0,0.00508637,1.70164e-05,0.00513221,0.7,4,575,34,1056,571,575,228,162,30,30,10,1
787,30,1,2.88238e-05,0,0.00508637,1.70164e-05,0.00513221,0.5,4,795,38,1184,791,795,304,203,30,30,10,1
788,30,1,2.88238e-05,0,0.00508637,1.70164e-05,0.00513221,0.9,4,552,34,1056,548,552,225,142,30,30,10,1
789,30,1,2.88238e-05,0,0.00508637,1.70164e-05,0.00513221,0.7,4,931,53,1664,927,931,341,202,30,30,10,1
790,30,1,2.88238e-05,0,0.00508637,1.70164e-05,0.00513221,1,4,593,37,1152,589,593,284,195,30,30,10,1
791,30,1,2.88238e-05,0,0.00508637,1.70164e-05,0.00513221,0.2,4,595,37,1152,591,595,258,167,30,30,10,1
792,30,1,2.88238e-05,0,0.00508637,1.70164e-05,0.00513221,0.5,4,809,43,1344,805,809,276,163,30,30,10,1
793,30,1,2.88238e-05,0,0.00508637,1.70164e-05,0.00513221,0.5,4,775,45,1408,771,775,313,205,30,30,10,1
794,30,1,2.88238e-05,0,0.00508637,1.70164e-05,0.00513221,1,4,523,35,1088,519,523,252,190,30,30,10,1
795,30,1,2.88238e-05,0,0.00508637,1.70164e-05,0.00513221,0.9,4,711,37,1152,707,711,273,201,30,30,10,1
796,30,1,2.88238e-05,0,0.00508637,1.70164e-05,0.00513221,1,4,654,43,1344,650,654,402,303,30,30,10,1
797,30,1,2.88238e-05,0,0.00508637,1.70164e-05,0.00513221,1,4,478,39,1216,474,478,286,207,30,30,10,1
798,30,1,2.88238e-05,0,0.00508637,1.70164e-05,0.00513221,1,4,491,41,1280,487,491,329,239,30,30,10,1
799,30,1,2.88238e-05,0,0.00508637,1.70164e-05,0.00513221,0.8,4,655,40,1248,651,655,298,211,30,30,10,1
800,30,1,2.88238e-05,0,0.00508637,1.70164e-05,0.00513221,1,4,568,38,1184,564,568,300,215,30,30,10,1
801,30,1,2.88238e-05,0,0.00508637,1.70164e-05,0.00513221,0.8,4,674,39,1216,670,674,331,243,30,30,10,1
802,30,1,2.88238e-05,0,0.00508637,1.70164e-05,0.00513221,1,4,608,38,1184,604,608,292,198,30,30,10,1
803,30,1,2.88238e-05,0,0.00508637,1.70164e-05,0.00513221,1,4,805,48,1504,801,805,382,278,30,30,10,1
804,30,1,2.88238e-05,0,0.00508637,1.70164e-05,0.00513221,0.9,4,527,34,1056,523,527,218,134,30,30,10,1
805,30,1,2.88238e-05,0,0.00508637,1.70164e-05,0.00513221,1,4,583,36,1120,579,583,269,189,30,30,10,1
806,30,1,2.88238e-05,0,0.00508637,1.70164e-05,0.00513221,1,4,436,40,1248,432,436,306,237,30,30,10,1
807,30,1,2.88238e-05,0,0.00508637,1.70164e-05,0.00513221,1,4,466,35,1088,462,466,245,167,30,30,10,1
808,30,1,2.88238e-05,0,0.00508637,1.70164e-05,0.00513221,1,4,526,35,1088,522,526,232,167,30,30,10,1
809,30,1,2.88238e-05,0,0.00508637,1.70164e-05,0.00513221,1,4,465,37,1152,461,465,252,169,30,30,10,1
810,30,1,2.88238e-05,0,0.00508637,1.70164e-05,0.00513221,0.8,4,738,39,1216,734,738,297,209,30,30,10,1
811,30,1,2.88238e-05,0,0.00508637,1.70164e-05,0.00513221,1,4,547,36,1120,543,547,273,185,30,30,10,1
812,30,1,2.88238e-05,0,0.00508637,1.70164e-05,0.00513221,1,4,594,40,1248,590,594,325,251,30,30,10,1
813,30,1,2.88238e-05,0,0.00508637,1.70164e-05,0.00513221,0.4,4,673,37,1152,669,673,276,192,30,30,10,1
814,30,1,2.88238e-05,0,0.00508637,1.70164e-05,0.00513221,1,4,492,37,1152,488,492,282,214,30,30,10,1
815,30,1,2.88238e-05,0,0.00508637,1.70164e-05,0.00513221,1,4,517,35,1088,513,517,235,154,30,30,10,1
816,30,1,2.88238e-05,0,0.00508637,1.70164e-05,0.00513221,1,4,695,37,1152,691,695,271,180,30,30,10,1
817,30,1,2.88238e-05,0,0.00508637,1.70164e-05,0.00513221,0.7,4,605,37,1152,601,605,247,173,30,30,10,1
818,30,1,2.88238e-05,0,0.00508637,1.70164e-05,0.00513221,1,4,600,38,1184,596,600,294,227,30,30,10,1
819,30,1,2.88238e-05,0,0.00508637,1.70164e-05,0.00513221,1,4,693,40,1248,689,693,270,171,30,30,10,1
820,30,1,2.88238e-05,0,0.00508637,1.70164e-05,0.00513221,1,4,536,36,1120,532,536,275,208,30,30,10,1
821,30,1,2.88238e-05,0,0.00508637,1.70164e-05,0.00513221,0.9,4,566,34,1056,562,566,231,153,30,30,10,1
822,30,1,2.88238e-05,0,0.00508637,1.70164e-05,0.00513221,0.7,4,663,34,1056,659,663,260,167,30,30,10,1
823,30,1,2.88238e-05,0,0.00508637,1.70164e-05,0.00513221,0.9,4,749,34,1056,745,749,247,169,30,30,10,1
824,30,1,2.88238e-05,0,0.00508637,1.70164e-05,0.00513221,0.9,4,833,39,1216,829,833,313,228,30,30,10,1
825,30,1,2.88238e-05,0,0.00508637,1.70164e-05,0.00513221,0.8,4,609,34,1056,605,609,239,150,30,30,10,1
826,30,1,2.88238e-05,0,0.00508637,1.70164e-05,0.00513221,0.7,4,707,36,1120,703,707,253,162,30,30,10,1
827,30,1,2.88238e-05,0,0.00508637,1.70164e-05,0.00513221,0.9,4,726,36,1120,722,726,260,172,30,30,10,1
828,30,1,2.88238e-05,0,0.00508637,1.70164e-05,0.00513221,0.6,4,750,39,1216,746,750,266,176,30,30,10,1
829,30,1,2.88238e-05,0,0.00508637,1.70164e-05,0.00513221,1,4,730,39,1216,726,730,301,202,30,30,10,1
830,30,1,2.88238e-05,0,0.00508637,1.70164e-05,0.00513221,1,4,753,40,1248,749,753,284,187,30,30,10,1
831,30,1,2.88238e-05,0,0.00508637,1.70164e-05,0.00513221,1,4,686,39,1216,682,686,315,226,30,30,10,1
832,30,1,2.88238e-05,0,0.00508637,1.70164e-05,0.00513221,0.9,4,583,35,1088,579,583,243,163,30,30,10,1
833,30,1,2.88238e-05,0,0.00508637,1.70164e-05,0.00513221,0.8,4,775,39,1216,771,775,232,141,30,30,10,1
834,30,1,2.88238e-05,0,0.00508637,1.70164e-05,0.00513221,0.1,4,709,37,1152,705,709,254,167,30,30,10,1
835,30,1,2.88238e-05,0,0.00508637,1.70164e-05,0.00513221,0.8,4,642,36,1120,638,642,275,192,30,30,10,1
836,30,1,2.88238e-05,0,0.00508637,1.70164e-05,0.00513221,0.7,4,693,35,1088,689,693,258,172,30,30,10,1
837,30,1,2.88238e-05,0,0.00508637,1.70164e-05,0.00513221,1,4,802,41,1280,798,802,273,184,30,30,10,1
838,30,1,2.88238e-05,0,0.00508637,1.70164e-05,0.00513221,0.9,4,687,35,1088,683,687,267,191,30,30,10,1
839,30,1,2.88238e-05,0,0.00508637,1.70164e-05,0.00513221,0.8,4,797,43,1344,793,797,279,162,30,30,10,1
840,30,1,2.88238e-05,0,0.00508637,1.70164e-05,0.00513221,0.8,4,841,41,1280,837,841,259,171,30,30,10,1
841,30,1,2.88238e-05,0,0.00508637,1.70164e-05,0.00513221,0.5,4,842,38,1184,838,842,267,178,30,30,10,1
842,30,1,2.88238e-05,0,0.00508637,1.70164e-05,0.00513221,0.6,4,663,33,1024,659,663,213,144,30,30,10,1
843,30,1,2.88238e-05,0,0.00508637,1.70164e-05,0.00513221,1,4,605,34,1056,601,605,220,153,30,30,10,1
844,30,1,2.88238e-05,0,0.00508637,1.70164e-05,0.00513221,0.7,4,781,39,1216,777,781,300,213,30,30,10,1
845,30,1,2.88238e-05,0,0.00508637,1.70164e-05,0.00513221,0.8,4,969,48,1504,965,969,363,246,30,30,10,1
846,30,1,2.88238e-05,0,0.00508637,1.70164e-05,0.00513221,1,4,753,37,1152,749,753,272,179,30,30,10,1
847,30,1,2.88238e-05,0,0.00508637,1.70164e-05,0.00513221,0.8,4,704,34,1056,700,704,250,167,30,30,10,1
848,30,1,2.88238e-05,0,0.00508637,1.70164e-05,0.00513221,0.9,4,696,35,1088,692,696,267,188,30,30,10,1
849,30,1,2.88238e-05,0,0.00508637,1.70164e-05,0.00513221,0.9,4,690,39,1216,686,690,267,188,30,30,10,1
850,30,1,2.88238e-05,0,0.00508637,1.70164e-05,0.00513221,0.9,4,739,37,1152,735,739,297,208,30,30,10,1
851,30,1,2.88238e-05,0,0.00508637,1.70164e-05,0.00513221,0.9,4,615,39,1216,611,615,283,205,30,30,10,1
852,30,1,2.88238e-05,0,0.00508637,1.70164e-05,0.00513221,0.9,4,632,34,1056,628,632,254,160,30,30,10,1
853,30,1,2.88238e-05,0,0.00508637,1.70164e-05,0.00513221,1,4,538,35,1088,534,538,226,129,30,30,10,1
854,30,1,2.88238e-05,0,0.00508637,1.70164e-05,0.00513221,0.7,4,737,37,1152,733,737,229,142,30,30,10,1
855,30,1,2.88238e-05,0,0.00508637,1.70164e-05,0.00513221,0.9,4,604,35,1088,600,604,255,184,30,30,10,1
856,30,1,2.88238e-05,0,0.00508637,1.70164e-05,0.00513221,1,4,606,36,1120,602,606,287,208,30,30,10,1
857,30,1,2.88238e-05,0,0.00508637,1.70164e-05,0.00513221,0.9,4,735,39,1216,731,735,326,238,30,30,10,1
858,30,1,2.88238e-05,0,0.00508637,1.70164e-05,0.00513221,1,4,1110,58,1824,1106,1110,362,207,30,30,10,1
859,30,1,2.88238e-05,0,0.00508637,1.70164e-05,0.00513221,0.9,4,794,40,1248,790,794,290,204,30,30,10,1
860,30,1,2.88238e-05,0,0.00508637,1.70164e-05,0.00513221,0.9,4,684,36,1120,680,684,259,171,30,30,10,1
861,30,1,2.88238e-05,0,0.00508637,1.70164e-05,0.00513221,0,4,817,39,1216,813,817,304,207,30,30,10,1
862,30,1,2.88238e-05,0,0.00508637,1.70164e-05,0.00513221,1,4,659,38,1184,655,659,234,159,30,30,10,1
863,30,1,2.88238e-05,0,0.00508637,1.70164e-05,0.00513221,1,4,697,39,1216,693,697,318,248,30,30,10,1
864,30,1,2.88238e-05,0,0.00508637,1.70164e-05,0.00513221,0.8,4,934,45,1408,930,934,314,198,30,30,10,1
865,30,1,2.88238e-05,0,0.00508637,1.70164e-05,0.00513221,0.9,4,730,42,1312,726,730,325,236,30,30,10,1
866,30,1,2.88238e-05,0,0.00508637,1.70164e-05,0.00513221,1,4,730,37,1152,726,730,271,193,30,30,10,1
867,30,1,2.88238e-05,0,0.00508637,1.70164e-05,0.00513221,1,4,793,40,1248,789,793,282,178,30,30,10,1
868,30,1,2.88238e-05,0,0.00508637,1.70164e-05,0.00513221,0.5,4,657,34,1056,653,657,251,158,30,30,10,1
869,30,1,2.88238e-05,0,0.00508637,1.70164e-05,0.00513221,1,4,651,38,1184,647,651,231,157,30,30,10,1
870,30,1,2.88238e-05,0,0.00508637,1.70164e-05,0.00513221,0.2,4,715,39,1216,711,715,263,195,30,30,10,1
871,30,1,2.88238e-05,0,0.00508637,1.70164e-05,0.00513221,0.7,4,680,37,1152,676,680,253,174,30,30,10,1
872,30,1,2.88238e-05,0,0.00508637,1.70164e-05,0.00513221,1,4,655,36,1120,651,655,274,188,30,30,10,1
873,30,1,2.88238e-05,0,0.00508637,1.70164e-05,0.00513221,0.7,4,784,40,1248,780,784,285,207,30,30,10,1
874,30,1,2.88238e-05,0,0.00508637,1.70164e-05,0.00513221,1,4,588,42,1312,584,588,343,253,30,30,10,1
875,30,1,2.88238e-05,0,0.00508637,1.70164e-05,0.00513221,0.7,4,792,41,1280,788,792,313,226,30,30,10,1
876,30,1,2.88238e-05,0,0.00508637,1.70164e-05,0.00513221,0.7,4,669,35,1088,665,669,249,168,30,30,10,1
877,30,1,2.88238e-05,0,0.00508637,1.70164e-05,0.00513221,0.6,4,872,46,1440,868,872,249,142,30,30,10,1
878,30,1,2.88238e-05,0,0.00508637,1.70164e-05,0.00513221,1,4,701,37,1152,697,701,281,199,30,30,10,1
879,30,1,2.88238e-05,0,0.00508637,1.70164e-05,0.00513221,0.8,4,633,34,1056,629,633,251,167,30,30,10,1
880,30,1,2.88238e-05,0,0.00508637,1.70164e-05,0.00513221,1,4,654,33,1024,650,654,215,145,30,30,10,1
881,30,1,2.88238e-05,0,0.00508637,1.70164e-05,0.00513221,0.9,4,699,37,1152,695,699,279,187,30,30,10,1
882,30,1,2.88238e-05,0,0.00508637,1.70164e-05,0.00513221,1,4,524,37,1152,520,524,264,187,30,30,10,1
883,30,1,2.88238e-05,0,0.00508637,1.70164e-05,0.00513221,0.6,4,583,37,1152,579,583,267,194,30,30,10,1
884,30,1,2.88238e-05,0,0.00508637,1.70164e-05,0.00513221,0.9,4,789,37,1152,785,789,254,153,30,30,10,1
885,30,1,2.88238e-05,0,0.00508637,1.70164e-05,0.00513221,1,4,835,46,1440,831,835,306,214,30,30,10,1
886,30,1,2.88238e-05,0,0.00508637,1.70164e-05,0.00513221,0.8,4,810,39,1216,806,810,291,192,30,30,10,1
887,30,1,2.88238e-05,0,0.00508637,1.70164e-05,0.00513221,0.4,4,750,39,1216,746,750,290,196,30,30,10,1
888,30,1,2.88238e-05,0,0.00508637,1.70164e-05,0.00513221,0.3,4,722,36,1120,718,722,253,170,30,30,10,1
889,30,1,2.88238e-05,0,0.00508637,1.70164e-05,0.00513221,0.8,4,732,37,1152,728,732,274,188,30,30,10,1
890,30,1,2.88238e-05,0,0.00508637,1.70164e-05,0.00513221,0.7,4,779,42,1312,775,779,289,207,30,30,10,1
891,30,1,2.88238e-05,0,0.00508637,1.70164e-05,0.00513221,1,4,712,36,1120,708,712,279,199,30,30,10,1
892,30,1,2.88238e-05,0,0.00508637,1.70164e-05,0.00513221,1,4,748,38,1184,744,748,306,220,30,30,10,1
893,30,1,2.88238e-05,0,0.00508637,1.70164e-05,0.00513221,0.7,4,747,37,1152,743,747,291,190,30,30,10,1
894,30,1,2.88238e-05,0,0.00508637,1.70164e-05,0.00513221,0.7,4,746,37,1152,742,746,271,147,30,30,10,1
895,30,1,2.88238e-05,0,0.00508637,1.70164e-05,0.00513221,0.6,4,638,36,1120,634,638,258,176,30,30,10,1
896,30,1,2.88238e-05,0,0.00508637,1.70164e-05,0.00513221,0.5,4,866,51,1600,862,866,309,175,30,30,10,1
897,30,1,2.88238e-05,0,0.00508637,1.70164e-05,0.00513221,0.7,4,688,38,1184,684,688,254,196,30,30,10,1
898,30,1,2.88238e-05,0,0.00508637,1.70164e-05,0.00513221,0.8,4,779,39,1216,775,779,292,193,30,30,10,1
899,30,1,2.88238e-05,0,0.00508637,1.70164e-05,0.00513221,0.7,4,870,44,1376,866,870,287,175,30,30,10,1
900,30,1,2.88238e-05,0,0.00508637,1.70164e-05,0.00513221,0.5,4,914,43,1344,910,914,247,138,30,30,10,1
901,30,1,2.88238e-05,0,0.00508637,1.70164e-05,0.00513221,0.6,4,639,35,1088,635,639,291,213,30,30,10,1
902,30,1,2.88238e-05,0,0.00508637,1.70164e-05,0.00513221,1,4,539,35,1088,535,539,267,177,30,30,10,1
903,30,1,2.88238e-05,0,0.00508637,1.70164e-05,0.00513221,1,4,648,37,1152,644,648,275,185,30,30,10,1
904,30,1,2.88238e-05,0,0.00508637,1.70164e-05,0.00513221,1,4,726,41,1280,722,726,275,176,30,30,10,1
905,30,1,2.88238e-05,0,0.00508637,1.70164e-05,0.00513221,1,4,690,39,1216,686,690,317,215,30,30,10,1
906,30,1,2.88238e-05,0,0.00508637,1.70164e-05,0.00513221,0.4,4,751,40,1248,747,751,286,193,30,30,10,1
907,30,1,2.88238e-05,0,0.00508637,1.70164e-05,0.00513221,0.8,4,750,41,1280,746,750,286,201,30,30,10,1
908,30,1,2.88238e-05,0,0.00508637,1.70164e-05,0.00513221,0.1,4,774,40,1248,770,774,307,202,30,30,10,1
909,30,1,2.88238e-05,0,0.00508637,1.70164e-05,0.00513221,0.8,4,692,38,1184,688,692,305,209,30,30,10,1
910,30,1,2.88238e-05,0,0.00508637,1.70164e-05,0.00513221,1,4,674,36,1120,670,674,245,160,30,30,10,1
911,30,1,2.88238e-05,0,0.00508637,1.70164e-05,0.00513221,0.6,4,685,35,1088,681,685,268,189,30,30,10,1
912,30,1,2.88238e-05,0,0.00508637,1.70164e-05,0.00513221,0.3,4,710,37,1152,706,710,253,156,30,30,10,1
913,30,1,2.88238e-05,0,0.00508637,1.70164e-05,0.00513221,0.9,4,614,35,1088,610,614,242,158,30,30,10,1
914,30,1,2.88238e-05,0,0.00508637,1.70164e-05,0.00513221,0.6,4,960,48,1504,956,960,346,220,30,30,10,1
915,30,1,2.88238e-05,0,0.00508637,1.70164e-05,0.00513221,0.8,4,941,50,1568,937,941,358,241,30,30,10,1
916,30,1,2.88238e-05,0,0.00508637,1.70164e-05,0.00513221,0.8,4,780,43,1344,776,780,311,211,30,30,10,1
917,30,1,2.88238e-05,0,0.00508637,1.70164e-05,0.00513221,0.9,4,664,41,1280,660,664,302,221,30,30,10,1
918,30,1,2.88238e-05,0,0.00508637,1.70164e-05,0.00513221,0.9,4,649,35,1088,645,649,247,163,30,30,10,1
919,30,1,2.88238e-05,0,0.00508637,1.70164e-05,0.00513221,0.9,4,730,38,1184,726,730,252,160,30,30,10,1
920,30,1,2.88238e-05,0,0.00508637,1.70164e-05,0.00513221,0.9,4,999,51,1600,995,999,339,228,30,30,10,1
921,30,1,2.88238e-05,0,0.00508637,1.70164e-05,0.00513221,0.5,4,864,46,1440,860,864,303,193,30,30,10,1
922,30,1,2.88238e-05,0,0.00508637,1.70164e-05,0.00513221,0.9,4,786,45,1408,782,786,333,241,30,30,10,1
923,30,1,2.88238e-05,0,0.00508637,1.70164e-05,0.00513221,0.7,4,893,49,1536,889,893,301,185,30,30,10,1
924,30,1,2.88238e-05,0,0.00508637,1.70164e-05,0.00513221,1,4,697,36,1120,693,697,260,169,30,30,10,1
925,30,1,2.88238e-05,0,0.00508637,1.70164e-05,0.00513221,1,4,563,35,1088,559,563,255,170,30,30,10,1
926,30,1,2.88238e-05,0,0.00508637,1.70164e-05,0.00513221,1,4,688,39,1216,684,688,333,246,30,30,10,1
927,30,1,2.88238e-05,0,0.00508637,1.70164e-05,0.00513221,0.9,4,610,35,1088,606,610,265,174,30,30,10,1
928,30,1,2.88238e-05,0,0.00508637,1.70164e-05,0.00513221,0.9,4,588,35,1088,584,588,243,165,30,30,10,1
929,30,1,2.88238e-05,0,0.00508637,1.70164e-05,0.00513221,0.8,4,729,41,1280,725,729,320,215,30,30,10,1
930,30,1,2.88238e-05,0,0.00508637,1.70164e-05,0.00513221,0.9,4,858,45,1408,854,858,331,201,30,30,10,1
931,30,1,2.88238e-05,0,0.00508637,1.70164e-05,0.00513221,1,4,702,41,1280,698,702,324,214,30,30,10,1
932,30,1,2.88238e-05,0,0.00508637,1.70164e-05,0.00513221,0.8,4,570,35,1088,566,570,243,158,30,30,10,1
933,30,1,2.88238e-05,0,0.00508637,1.70164e-05,0.00513221,0.9,4,566,36,1120,562,566,260,182,30,30,10,1
934,30,1,2.88238e-05,0,0.00508637,1.70164e-05,0.00513221,0.7,4,712,35,1088,708,712,261,195,30,30,10,1
935,30,1,2.88238e-05,0,0.00508637,1.70164e-05,0.00513221,1,4,728,42,1312,724,728,326,237,30,30,10,1
936,30,1,2.88238e-05,0,0.00508637,1.70164e-05,0.00513221,0.2,4,583,41,1280,579,583,245,146,30,30,10,1
937,30,1,2.88238e-05,0,0.00508637,1.70164e-05,0.00513221,0.1,4,621,34,1056,617,621,222,134,30,30,10,1
938,30,1,2.88238e-05,0,0.00508637,1.70164e-05,0.00513221,0.6,4,714,43,1344,710,714,284,164,30,30,10,1
939,30,1,2.88238e-05,0,0.00508637,1.70164e-05,0.00513221,0.7,4,681,39,1216,677,681,286,212,30,30,10,1
940,30,1,2.88238e-05,0,0.00508637,1.70164e-05,0.00513221,0.6,4,695,38,1184,691,695,251,185,30,30,10,1
941,30,1,2.88238e-05,0,0.00508637,1.70164e-05,0.00513221,1,4,745,38,1184,741,745,284,178,30,30,10,1
942,30,1,2.88238e-05,0,0.00508637,1.70164e-05,0.00513221,1,4,676,38,1184,672,676,288,195,30,30,10,1
943,30,1,2.88238e-05,0,0.00508637,1.70164e-05,0.00513221,0.9,4,544,35,1088,540,544,216,126,30,30,10,1
944,30,1,2.88238e-05,0,0.00508637,1.70164e-05,0.00513221,1,4,670,40,1248,666,670,272,195,30,30,10,1
945,30,1,2.88238e-05,0,0.00508637,1.70164e-05,0.00513221,1,4,408,36,1120,404,408,242,158,30,30,10,1
946,30,1,2.88238e-05,0,0.00508637,1.70164e-05,0.00513221,0.9,4,875,45,1408,871,875,352,244,30,30,10,1
947,30,1,2.88238e-05,0,0.00508637,1.70164e-05,0.00513221,1,4,746,41,1280,742,746,319,215,30,30,10,1
948,30,1,2.88238e-05,0,0.00508637,1.70164e-05,0.00513221,0.4,4,1020,54,1696,1016,1020,359,220,30,30,10,1
949,30,1,2.88238e-05,0,0.00508637,1.70164e-05,0.00513221,0.3,4,721,38,1184,717,721,264,171,30,30,10,1
950,30,1,2.88238e-05,0,0.00508637,1.70164e-05,0.00513221,0.8,4,600,35,1088,596,600,269,183,30,30,10,1
951,30,1,2.88238e-05,0,0.00508637,1.70164e-05,0.00513221,0.3,4,625,38,1184,621,625,295,212,30,30,10,1
952,30,1,2.88238e-05,0,0.00508637,1.70164e-05,0.00513221,0.8,4,625,34,1056,621,625,232,159,30,30,10,1
953,30,1,2.88238e-05,0,0.00508637,1.70164e-05,0.00513221,0.4,4,737,38,1184,733,737,277,167,30,30,10,1
954,30,1,2.88238e-05,0,0.00508637,1.70164e-05,0.00513221,1,4,737,40,1248,733,737,328,250,30,30,10,1
955,30,1,2.88238e-05,0,0.00508637,1.70164e-05,0.00513221,0.8,4,692,37,1152,688,692,286,194,30,30,10,1
956,30,1,2.88238e-05,0,0.00508637,1.70164e-05,0.00513221,0.9,4,722,35,1088,718,722,241,160,30,30,10,1
957,30,1,2.88238e-05,0,0.00508637,1.70164e-05,0.00513221,0.9,4,685,36,1120,681,685,238,157,30,30,10,1
958,30,1,2.88238e-05,0,0.00508637,1.70164e-05,0.00513221,0.7,4,669,37,1152,665,669,244,168,30,30,10,1
959,30,1,2.88238e-05,0,0.00508637,1.70164e-05,0.00513221,0.9,4,792,44,1376,788,792,288,187,30,30,10,1
960,30,1,2.88238e-05,0,0.00508637,1.70164e-05,0.00513221,0.9,4,710,41,1280,706,710,279,189,30,30,10,1
961,30,1,2.88238e-05,0,0.00508637,1.70164e-05,0.00513221,1,4,659,36,1120,655,659,273,202,30,30,10,1
962,30,1,2.88238e-05,0,0.00508637,1.70164e-05,0.00513221,0.9,4,699,39,1216,695,699,269,198,30,30,10,1
963,30,1,2.88238e-05,0,0.00508637,1.70164e-05,0.00513221,1,4,688,40,1248,684,688,283,176,30,30,10,1
964,30,1,2.88238e-05,0,0.00508637,1.70164e-05,0.00513221,0.8,4,810,41,1280,806,810,316,215,30,30,10,1
965,30,1,2.88238e-05,0,0.00508637,1.70164e-05,0.00513221,1,4,722,42,1312,718,722,324,230,30,30,10,1
966,30,1,2.88238e-05,0,0.00508637,1.70164e-05,0.00513221,1,4,773,44,1376,769,773,402,284,30,30,10,1
967,30,1,2.88238e-05,0,0.00508637,1.70164e-05,0.00513221,0.5,4,777,44,1376,773,777,303,195,30,30,10,1
968,30,1,2.88238e-05,0,0.00508637,1.70164e-05,0.00513221,0.8,4,654,36,1120,650,654,266,188,30,30,10,1
969,30,1,2.88238e-05,0,0.00508637,1.70164e-05,0.00513221,0.8,4,734,42,1312,730,734,294,200,30,30,10,1
970,30,1,2.88238e-05,0,0.00508637,1.70164e-05,0.00513221,0.9,4,696,36,1120,692,696,271,178,30,30,10,1
971,30,1,2.88238e-05,0,0.00508637,1.70164e-05,0.00513221,1,4,727,42,1312,723,727,316,220,30,30,10,1
972,30,1,2.88238e-05,0,0.00508637,1.70164e-05,0.00513221,0.8,4,638,39,1216,634,638,302,220,30,30,10,1
973,30,1,2.88238e-05,0,0.00508637,1.70164e-05,0.00513221,0.9,4,670,39,1216,666,670,274,175,30,30,10,1
974,30,1,2.88238e-05,0,0.00508637,1.70164e-05,0.00513221,0.9,4,612,37,1152,608,612,282,203,30,30,10,1
975,30,1,2.88238e-05,0,0.00508637,1.70164e-05,0.00513221,0.7,4,626,35,1088,622,626,252,164,30,30,10,1
976,30,1,2.88238e-05,0,0.00508637,1.70164e-05,0.00513221,1,4,708,39,1216,704,708,319,254,30,30,10,1
977,30,1,2.88238e-05,0,0.00508637,1.70164e-05,0.00513221,0.6,4,736,37,1152,732,736,250,169,30,30,10,1
978,30,1,2.88238e-05,0,0.00508637,1.70164e-05,0.00513221,1,4,629,40,1248,625,629,310,234,30,30,10,1
979,30,1,2.88238e-05,0,0.00508637,1.70164e-05,0.00513221,0.8,4,618,40,1248,614,618,340,265,30,30,10,1
980,30,1,2.88238e-05,0,0.00508637,1.70164e-05,0.00513221,0.9,4,667,40,1248,663,667,278,186,30,30,10,1
981,30,1,2.88238e-05,0,0.00508637,1.70164e-05,0.00513221,1,4,1012,50,1568,1008,1012,335,196,30,30,10,1
982,30,1,2.88238e-05,0,0.00508637,1.70164e-05,0.00513221,0.9,4,842,45,1408,838,842,315,208,30,30,10,1
983,30,1,2.88238e-05,0,0.00508637,1.70164e-05,0.00513221,0.6,4,581,37,1152,577,581,280,198,30,30,10,1
984,30,1,2.88238e-05,0,0.00508637,1.70164e-05,0.00513221,0.5,4,699,36,1120,695,699,269,192,30,30,10,1
985,30,1,2.88238e-05,0,0.00508637,1.70164e-05,0.00513221,1,4,867,44,1376,863,867,352,241,30,30,10,1
986,30,1,2.88238e-05,0,0.00508637,1.70164e-05,0.00513221,0.6,4,638,37,1152,634,638,273,201,30,30,10,1
987,30,1,2.88238e-05,0,0.00508637,1.70164e-05,0.00513221,1,4,680,39,1216,676,680,296,208,30,30,10,1
988,30,1,2.88238e-05,0,0.00508637,1.70164e-05,0.00513221,1,4,584,35,1088,580,584,254,160,30,30,10,1
989,30,1,2.88238e-05,0,0.00508637,1.70164e-05,0.00513221,0.7,4,700,38,1184,696,700,262,164,30,30,10,1
990,30,1,2.88238e-05,0,0.00508637,1.70164e-05,0.00513221,0.8,4,676,40,1248,672,676,333,216,30,30,10,1
991,30,1,2.88238e-05,0,0.00508637,1.70164e-05,0.00513221,0,4,693,37,1152,689,693,233,144,30,30,10,1
992,30,1,2.88238e-05,0,0.00508637,1.70164e-05,0.00513221,1,4,728,48,1504,724,728,345,223,30,30,10,1
993,30,1,2.88238e-05,0,0.00508637,1.70164e-05,0.00513221,0.6,4,671,37,1152,667,671,275,189,30,30,10,1
994,30,1,2.88238e-05,0,0.00508637,1.70164e-05,0.00513221,1,4,555,37,1152,551,555,271,182,30,30,10,1
995,30,1,2.88238e-05,0,0.00508637,1.70164e-05,0.00513221,0.9,4,675,35,1088,671,675,255,186,30,30,10,1
996,30,1,2.88238e-05,0,0.00508637,1.70164e-05,0.00513221,0.6,4,718,38,1184,714,718,302,220,30,30,10,1
997,30,1,2.88238e-05,0,0.00508637,1.70164e-05,0.00513221,1,4,566,37,1152,562,566,258,184,30,30,10,1
998,30,1,2.88238e-05,0,0.00508637,1.70164e-05,0.00513221,0.9,4,614,35,1088,610,614,266,181,30,30,10,1
999,30,1,2.88238e-05,0,0.00508637,1.70164e-05,0.00513221,0.5,4,669,34,1056,665,669,222,150,30,30,10,1
