query_id,pq,batch_index,approx_h2d_ms,approx_memset_ms,approx_kernel_ms,approx_d2h_ms,approx_total_ms,recall,seed_count,visited_nodes,expanded_nodes,neighbor_slots_scanned,candidate_nodes,distance_evals,frontier_pushes,result_updates,peak_frontier,peak_results,result_count,early_stopped
0,20,0,1.6957e-05,0,0.00421981,1.96621e-05,0.00425643,0.2,4,642,33,1024,638,642,187,103,20,20,10,1
1,20,0,1.6957e-05,0,0.00421981,1.96621e-05,0.00425643,0,4,639,32,992,635,639,212,144,20,20,10,1
2,20,0,1.6957e-05,0,0.00421981,1.96621e-05,0.00425643,0.1,4,751,35,1088,747,751,222,144,20,20,10,1
3,20,0,1.6957e-05,0,0.00421981,1.96621e-05,0.00425643,0.3,4,589,37,1152,585,589,201,137,20,20,10,1
4,20,0,1.6957e-05,0,0.00421981,1.96621e-05,0.00425643,0,4,841,42,1312,837,841,243,147,20,20,10,1
5,20,0,1.6957e-05,0,0.00421981,1.96621e-05,0.00425643,0,4,668,31,960,664,668,212,142,20,20,10,1
6,20,0,1.6957e-05,0,0.00421981,1.96621e-05,0.00425643,0,4,707,37,1152,703,707,200,120,20,20,10,1
7,20,0,1.6957e-05,0,0.00421981,1.96621e-05,0.00425643,0.2,4,823,55,1728,819,823,298,164,20,20,10,1
8,20,0,1.6957e-05,0,0.00421981,1.96621e-05,0.00425643,0,4,579,26,800,575,579,165,95,20,20,10,1
9,20,0,1.6957e-05,0,0.00421981,1.96621e-05,0.00425643,0.2,4,779,34,1056,775,779,206,141,20,20,10,1
10,20,0,1.6957e-05,0,0.00421981,1.96621e-05,0.00425643,0.1,4,664,30,928,660,664,189,124,20,20,10,1
11,20,0,1.6957e-05,0,0.00421981,1.96621e-05,0.00425643,0,4,740,35,1088,736,740,202,131,20,20,10,1
12,20,0,1.6957e-05,0,0.00421981,1.96621e-05,0.00425643,0,4,660,32,992,656,660,186,122,20,20,10,1
13,20,0,1.6957e-05,0,0.00421981,1.96621e-05,0.00425643,0.2,4,648,30,928,644,648,180,113,20,20,10,1
14,20,0,1.6957e-05,0,0.00421981,1.96621e-05,0.00425643,0.2,4,708,36,1120,704,708,207,135,20,20,10,1
15,20,0,1.6957e-05,0,0.00421981,1.96621e-05,0.00425643,0.1,4,579,30,928,575,579,181,107,20,20,10,1
16,20,0,1.6957e-05,0,0.00421981,1.96621e-05,0.00425643,0.1,4,1005,50,1568,1001,1005,271,153,20,20,10,1
17,20,0,1.6957e-05,0,0.00421981,1.96621e-05,0.00425643,0.1,4,471,27,832,467,471,155,98,20,20,10,1
18,20,0,1.6957e-05,0,0.00421981,1.96621e-05,0.00425643,0,4,627,30,928,623,627,199,121,20,20,10,1
19,20,0,1.6957e-05,0,0.00421981,1.96621e-05,0.00425643,0.2,4,627,34,1056,623,627,162,97,20,20,10,1
20,20,0,1.6957e-05,0,0.00421981,1.96621e-05,0.00425643,0.4,4,549,30,928,545,549,217,163,20,20,10,1
21,20,0,1.6957e-05,0,0.00421981,1.96621e-05,0.00425643,0.4,4,531,25,768,527,531,179,132,20,20,10,1
22,20,0,1.6957e-05,0,0.00421981,1.96621e-05,0.00425643,0.1,4,702,36,1120,698,702,234,164,20,20,10,1
23,20,0,1.6957e-05,0,0.00421981,1.96621e-05,0.00425643,0.3,4,766,41,1280,762,766,233,140,20,20,10,1
24,20,0,1.6957e-05,0,0.00421981,1.96621e-05,0.00425643,0.2,4,526,26,800,522,526,175,120,20,20,10,1
25,20,0,1.6957e-05,0,0.00421981,1.96621e-05,0.00425643,0.1,4,634,30,928,630,634,214,148,20,20,10,1
26,20,0,1.6957e-05,0,0.00421981,1.96621e-05,0.00425643,0.4,4,705,35,1088,701,705,221,141,20,20,10,1
27,20,0,1.6957e-05,0,0.00421981,1.96621e-05,0.00425643,0,4,568,25,768,564,568,180,131,20,20,10,1
28,20,0,1.6957e-05,0,0.00421981,1.96621e-05,0.00425643,0.2,4,595,33,1024,591,595,184,114,20,20,10,1
29,20,0,1.6957e-05,0,0.00421981,1.96621e-05,0.00425643,0.1,4,814,47,1472,810,814,369,272,20,20,10,1
30,20,0,1.6957e-05,0,0.00421981,1.96621e-05,0.00425643,0.3,4,734,41,1280,730,734,238,137,20,20,10,1
31,20,0,1.6957e-05,0,0.00421981,1.96621e-05,0.00425643,0.5,4,698,35,1088,694,698,244,155,20,20,10,1
32,20,0,1.6957e-05,0,0.00421981,1.96621e-05,0.00425643,0.2,4,759,36,1120,755,759,262,172,20,20,10,1
33,20,0,1.6957e-05,0,0.00421981,1.96621e-05,0.00425643,0.4,4,513,30,928,509,513,218,157,20,20,10,1
34,20,0,1.6957e-05,0,0.00421981,1.96621e-05,0.00425643,0.2,4,801,35,1088,797,801,221,136,20,20,10,1
35,20,0,1.6957e-05,0,0.00421981,1.96621e-05,0.00425643,0.2,4,719,35,1088,715,719,199,107,20,20,10,1
36,20,0,1.6957e-05,0,0.00421981,1.96621e-05,0.00425643,0,4,533,27,832,529,533,194,129,20,20,10,1
37,20,0,1.6957e-05,0,0.00421981,1.96621e-05,0.00425643,0.4,4,477,30,928,473,477,212,150,20,20,10,1
38,20,0,1.6957e-05,0,0.00421981,1.96621e-05,0.00425643,0.4,4,466,27,832,462,466,169,109,20,20,10,1
39,20,0,1.6957e-05,0,0.00421981,1.96621e-05,0.00425643,0.1,4,636,32,992,632,636,198,130,20,20,10,1
40,20,0,1.6957e-05,0,0.00421981,1.96621e-05,0.00425643,0.4,4,535,28,864,531,535,204,144,20,20,10,1
41,20,0,1.6957e-05,0,0.00421981,1.96621e-05,0.00425643,0,4,609,32,992,605,609,223,167,20,20,10,1
42,20,0,1.6957e-05,0,0.00421981,1.96621e-05,0.00425643,0.2,4,656,33,1024,652,656,217,137,20,20,10,1
43,20,0,1.6957e-05,0,0.00421981,1.96621e-05,0.00425643,0.1,4,879,41,1280,875,879,291,187,20,20,10,1
44,20,0,1.6957e-05,0,0.00421981,1.96621e-05,0.00425643,0.1,4,590,34,1056,586,590,226,157,20,20,10,1
45,20,0,1.6957e-05,0,0.00421981,1.96621e-05,0.00425643,0,4,496,27,832,492,496,186,140,20,20,10,1
46,20,0,1.6957e-05,0,0.00421981,1.96621e-05,0.00425643,0.2,4,835,43,1344,831,835,287,178,20,20,10,1
47,20,0,1.6957e-05,0,0.00421981,1.96621e-05,0.00425643,0,4,733,38,1184,729,733,209,122,20,20,10,1
48,20,0,1.6957e-05,0,0.00421981,1.96621e-05,0.00425643,0.2,4,541,30,928,537,541,220,150,20,20,10,1
49,20,0,1.6957e-05,0,0.00421981,1.96621e-05,0.00425643,0.4,4,545,35,1088,541,545,231,154,20,20,10,1
50,20,0,1.6957e-05,0,0.00421981,1.96621e-05,0.00425643,0.6,4,717,41,1280,713,717,299,204,20,20,10,1
51,20,0,1.6957e-05,0,0.00421981,1.96621e-05,0.00425643,0.2,4,518,27,832,514,518,178,116,20,20,10,1
52,20,0,1.6957e-05,0,0.00421981,1.96621e-05,0.00425643,0.1,4,664,34,1056,660,664,245,160,20,20,10,1
53,20,0,1.6957e-05,0,0.00421981,1.96621e-05,0.00425643,0.2,4,627,31,960,623,627,227,157,20,20,10,1
54,20,0,1.6957e-05,0,0.00421981,1.96621e-05,0.00425643,0.1,4,579,42,1312,575,579,231,151,20,20,10,1
55,20,0,1.6957e-05,0,0.00421981,1.96621e-05,0.00425643,0.6,4,434,33,1024,430,434,233,173,20,20,10,1
56,20,0,1.6957e-05,0,0.00421981,1.96621e-05,0.00425643,0,4,619,32,992,615,619,221,153,20,20,10,1
57,20,0,1.6957e-05,0,0.00421981,1.96621e-05,0.00425643,0.4,4,767,36,1120,763,767,216,139,20,20,10,1
58,20,0,1.6957e-05,0,0.00421981,1.96621e-05,0.00425643,0.1,4,536,27,832,532,536,175,128,20,20,10,1
59,20,0,1.6957e-05,0,0.00421981,1.96621e-05,0.00425643,0.1,4,520,39,1216,516,520,257,189,20,20,10,1
60,20,0,1.6957e-05,0,0.00421981,1.96621e-05,0.00425643,0,4,510,31,960,506,510,154,82,20,20,10,1
61,20,0,1.6957e-05,0,0.00421981,1.96621e-05,0.00425643,0.4,4,501,30,928,497,501,218,143,20,20,10,1
62,20,0,1.6957e-05,0,0.00421981,1.96621e-05,0.00425643,0.5,4,430,28,864,426,430,170,110,20,20,10,1
63,20,0,1.6957e-05,0,0.00421981,1.96621e-05,0.00425643,0.4,4,598,31,960,594,598,172,104,20,20,10,1
64,20,0,1.6957e-05,0,0.00421981,1.96621e-05,0.00425643,0.3,4,454,29,896,450,454,208,150,20,20,10,1
65,20,0,1.6957e-05,0,0.00421981,1.96621e-05,0.00425643,0.3,4,732,37,1152,728,732,257,178,20,20,10,1
66,20,0,1.6957e-05,0,0.00421981,1.96621e-05,0.00425643,0.2,4,568,36,1120,564,568,217,140,20,20,10,1
67,20,0,1.6957e-05,0,0.00421981,1.96621e-05,0.00425643,0.5,4,584,35,1088,580,584,216,154,20,20,10,1
68,20,0,1.6957e-05,0,0.00421981,1.96621e-05,0.00425643,0,4,875,44,1376,871,875,255,154,20,20,10,1
69,20,0,1.6957e-05,0,0.00421981,1.96621e-05,0.00425643,0,4,844,38,1184,840,844,270,166,20,20,10,1
70,20,0,1.6957e-05,0,0.00421981,1.96621e-05,0.00425643,0.3,4,598,36,1120,594,598,247,177,20,20,10,1
71,20,0,1.6957e-05,0,0.00421981,1.96621e-05,0.00425643,0.1,4,609,33,1024,605,609,205,133,20,20,10,1
72,20,0,1.6957e-05,0,0.00421981,1.96621e-05,0.00425643,0,4,641,31,960,637,641,207,142,20,20,10,1
73,20,0,1.6957e-05,0,0.00421981,1.96621e-05,0.00425643,0.3,4,654,31,960,650,654,223,155,20,20,10,1
74,20,0,1.6957e-05,0,0.00421981,1.96621e-05,0.00425643,0,4,851,37,1152,847,851,228,144,20,20,10,1
75,20,0,1.6957e-05,0,0.00421981,1.96621e-05,0.00425643,0.1,4,801,43,1344,797,801,276,180,20,20,10,1
76,20,0,1.6957e-05,0,0.00421981,1.96621e-05,0.00425643,0.4,4,644,34,1056,640,644,229,160,20,20,10,1
77,20,0,1.6957e-05,0,0.00421981,1.96621e-05,0.00425643,0.1,4,565,28,864,561,565,209,144,20,20,10,1
78,20,0,1.6957e-05,0,0.00421981,1.96621e-05,0.00425643,0.4,4,513,25,768,509,513,160,112,20,20,10,1
79,20,0,1.6957e-05,0,0.00421981,1.96621e-05,0.00425643,0,4,597,37,1152,593,597,277,204,20,20,10,1
80,20,0,1.6957e-05,0,0.00421981,1.96621e-05,0.00425643,0.4,4,480,27,832,476,480,201,133,20,20,10,1
81,20,0,1.6957e-05,0,0.00421981,1.96621e-05,0.00425643,0.2,4,996,48,1504,992,996,277,143,20,20,10,1
82,20,0,1.6957e-05,0,0.00421981,1.96621e-05,0.00425643,0,4,680,34,1056,676,680,229,150,20,20,10,1
83,20,0,1.6957e-05,0,0.00421981,1.96621e-05,0.00425643,0.2,4,695,33,1024,691,695,227,163,20,20,10,1
84,20,0,1.6957e-05,0,0.00421981,1.96621e-05,0.00425643,0,4,548,29,896,544,548,169,103,20,20,10,1
85,20,0,1.6957e-05,0,0.00421981,1.96621e-05,0.00425643,0.6,4,464,33,1024,460,464,235,166,20,20,10,1
86,20,0,1.6957e-05,0,0.00421981,1.96621e-05,0.00425643,0.2,4,703,43,1344,699,703,278,187,20,20,10,1
87,20,0,1.6957e-05,0,0.00421981,1.96621e-05,0.00425643,0.4,4,493,31,960,489,493,253,185,20,20,10,1
88,20,0,1.6957e-05,0,0.00421981,1.96621e-05,0.00425643,0.6,4,462,31,960,458,462,199,138,20,20,10,1
89,20,0,1.6957e-05,0,0.00421981,1.96621e-05,0.00425643,0.3,4,637,37,1152,633,637,261,179,20,20,10,1
90,20,0,1.6957e-05,0,0.00421981,1.96621e-05,0.00425643,0.2,4,482,35,1088,478,482,226,164,20,20,10,1
91,20,0,1.6957e-05,0,0.00421981,1.96621e-05,0.00425643,0.3,4,439,27,832,435,439,186,131,20,20,10,1
92,20,0,1.6957e-05,0,0.00421981,1.96621e-05,0.00425643,0.2,4,621,35,1088,617,621,222,138,20,20,10,1
93,20,0,1.6957e-05,0,0.00421981,1.96621e-05,0.00425643,0.2,4,527,35,1088,523,527,191,102,20,20,10,1
94,20,0,1.6957e-05,0,0.00421981,1.96621e-05,0.00425643,0.3,4,448,29,896,444,448,203,151,20,20,10,1
95,20,0,1.6957e-05,0,0.00421981,1.96621e-05,0.00425643,0.4,4,759,43,1344,755,759,269,178,20,20,10,1
96,20,0,1.6957e-05,0,0.00421981,1.96621e-05,0.00425643,0,4,546,25,768,542,546,183,133,20,20,10,1
97,20,0,1.6957e-05,0,0.00421981,1.96621e-05,0.00425643,0.1,4,1006,56,1760,1002,1006,298,162,20,20,10,1
98,20,0,1.6957e-05,0,0.00421981,1.96621e-05,0.00425643,0.2,4,521,30,928,517,521,228,169,20,20,10,1
99,20,0,1.6957e-05,0,0.00421981,1.96621e-05,0.00425643,0.2,4,785,40,1248,781,785,244,135,20,20,10,1
100,20,0,1.6957e-05,0,0.00421981,1.96621e-05,0.00425643,0.2,4,614,29,896,610,614,228,169,20,20,10,1
101,20,0,1.6957e-05,0,0.00421981,1.96621e-05,0.00425643,0.4,4,618,31,960,614,618,222,154,20,20,10,1
102,20,0,1.6957e-05,0,0.00421981,1.96621e-05,0.00425643,0.3,4,884,43,1344,880,884,242,141,20,20,10,1
103,20,0,1.6957e-05,0,0.00421981,1.96621e-05,0.00425643,0.2,4,790,48,1504,786,790,265,159,20,20,10,1
104,20,0,1.6957e-05,0,0.00421981,1.96621e-05,0.00425643,0.2,4,628,36,1120,624,628,245,171,20,20,10,1
105,20,0,1.6957e-05,0,0.00421981,1.96621e-05,0.00425643,0.1,4,637,38,1184,633,637,232,145,20,20,10,1
106,20,0,1.6957e-05,0,0.00421981,1.96621e-05,0.00425643,0.1,4,625,31,960,621,625,166,102,20,20,10,1
107,20,0,1.6957e-05,0,0.00421981,1.96621e-05,0.00425643,0.4,4,566,33,1024,562,566,275,211,20,20,10,1
108,20,0,1.6957e-05,0,0.00421981,1.96621e-05,0.00425643,0.4,4,518,38,1184,514,518,268,185,20,20,10,1
109,20,0,1.6957e-05,0,0.00421981,1.96621e-05,0.00425643,0.3,4,614,33,1024,610,614,203,135,20,20,10,1
110,20,0,1.6957e-05,0,0.00421981,1.96621e-05,0.00425643,0,4,636,36,1120,632,636,228,153,20,20,10,1
111,20,0,1.6957e-05,0,0.00421981,1.96621e-05,0.00425643,0.1,4,712,35,1088,708,712,217,139,20,20,10,1
112,20,0,1.6957e-05,0,0.00421981,1.96621e-05,0.00425643,0.5,4,362,29,896,358,362,201,151,20,20,10,1
113,20,0,1.6957e-05,0,0.00421981,1.96621e-05,0.00425643,0.2,4,594,34,1056,590,594,221,154,20,20,10,1
114,20,0,1.6957e-05,0,0.00421981,1.96621e-05,0.00425643,0.3,4,558,30,928,554,558,214,150,20,20,10,1
115,20,0,1.6957e-05,0,0.00421981,1.96621e-05,0.00425643,0,4,576,28,864,572,576,174,102,20,20,10,1
116,20,0,1.6957e-05,0,0.00421981,1.96621e-05,0.00425643,0.3,4,552,40,1248,548,552,271,202,20,20,10,1
117,20,0,1.6957e-05,0,0.00421981,1.96621e-05,0.00425643,0,4,702,32,992,698,702,191,106,20,20,10,1
118,20,0,1.6957e-05,0,0.00421981,1.96621e-05,0.00425643,0.3,4,674,31,960,670,674,180,114,20,20,10,1
119,20,0,1.6957e-05,0,0.00421981,1.96621e-05,0.00425643,0.3,4,502,34,1056,498,502,251,183,20,20,10,1
120,20,0,1.6957e-05,0,0.00421981,1.96621e-05,0.00425643,0.1,4,685,36,1120,681,685,220,144,20,20,10,1
121,20,0,1.6957e-05,0,0.00421981,1.96621e-05,0.00425643,0.1,4,737,36,1120,733,737,222,135,20,20,10,1
122,20,0,1.6957e-05,0,0.00421981,1.96621e-05,0.00425643,0.4,4,638,31,960,634,638,232,163,20,20,10,1
123,20,0,1.6957e-05,0,0.00421981,1.96621e-05,0.00425643,0.2,4,509,29,896,505,509,180,132,20,20,10,1
124,20,0,1.6957e-05,0,0.00421981,1.96621e-05,0.00425643,0.4,4,640,33,1024,636,640,210,134,20,20,10,1
125,20,0,1.6957e-05,0,0.00421981,1.96621e-05,0.00425643,0,4,602,33,1024,598,602,196,126,20,20,10,1
126,20,0,1.6957e-05,0,0.00421981,1.96621e-05,0.00425643,0.2,4,633,29,896,629,633,197,139,20,20,10,1
127,20,0,1.6957e-05,0,0.00421981,1.96621e-05,0.00425643,0.4,4,611,37,1152,607,611,177,98,20,20,10,1
128,20,0,1.6957e-05,0,0.00421981,1.96621e-05,0.00425643,0.2,4,551,30,928,547,551,210,140,20,20,10,1
129,20,0,1.6957e-05,0,0.00421981,1.96621e-05,0.00425643,0.4,4,613,32,992,609,613,240,184,20,20,10,1
130,20,0,1.6957e-05,0,0.00421981,1.96621e-05,0.00425643,0.1,4,1103,55,1728,1099,1103,321,180,20,20,10,1
131,20,0,1.6957e-05,0,0.00421981,1.96621e-05,0.00425643,0.2,4,615,31,960,611,615,230,169,20,20,10,1
132,20,0,1.6957e-05,0,0.00421981,1.96621e-05,0.00425643,0.3,4,795,38,1184,791,795,203,124,20,20,10,1
133,20,0,1.6957e-05,0,0.00421981,1.96621e-05,0.00425643,0.1,4,583,31,960,579,583,195,119,20,20,10,1
134,20,0,1.6957e-05,0,0.00421981,1.96621e-05,0.00425643,0.1,4,649,32,992,645,649,237,185,20,20,10,1
135,20,0,1.6957e-05,0,0.00421981,1.96621e-05,0.00425643,0.1,4,770,39,1216,766,770,235,143,20,20,10,1
136,20,0,1.6957e-05,0,0.00421981,1.96621e-05,0.00425643,0.5,4,768,38,1184,764,768,224,135,20,20,10,1
137,20,0,1.6957e-05,0,0.00421981,1.96621e-05,0.00425643,0.4,4,674,37,1152,670,674,245,171,20,20,10,1
138,20,0,1.6957e-05,0,0.00421981,1.96621e-05,0.00425643,0.4,4,1218,60,1888,1214,1218,339,167,20,20,10,1
139,20,0,1.6957e-05,0,0.00421981,1.96621e-05,0.00425643,0.1,4,674,36,1120,670,674,176,97,20,20,10,1
140,20,0,1.6957e-05,0,0.00421981,1.96621e-05,0.00425643,0,4,702,35,1088,698,702,209,129,20,20,10,1
141,20,0,1.6957e-05,0,0.00421981,1.96621e-05,0.00425643,0.3,4,515,34,1056,511,515,247,188,20,20,10,1
142,20,0,1.6957e-05,0,0.00421981,1.96621e-05,0.00425643,0,4,552,28,864,548,552,195,137,20,20,10,1
143,20,0,1.6957e-05,0,0.00421981,1.96621e-05,0.00425643,0.2,4,772,42,1312,768,772,283,202,20,20,10,1
144,20,0,1.6957e-05,0,0.00421981,1.96621e-05,0.00425643,0.3,4,499,28,864,495,499,174,109,20,20,10,1
145,20,0,1.6957e-05,0,0.00421981,1.96621e-05,0.00425643,0.3,4,571,31,960,567,571,220,153,20,20,10,1
146,20,0,1.6957e-05,0,0.00421981,1.96621e-05,0.00425643,0.3,4,668,33,1024,664,668,206,134,20,20,10,1
147,20,0,1.6957e-05,0,0.00421981,1.96621e-05,0.00425643,0.1,4,791,41,1280,787,791,217,124,20,20,10,1
148,20,0,1.6957e-05,0,0.00421981,1.96621e-05,0.00425643,0.1,4,791,40,1248,787,791,218,117,20,20,10,1
149,20,0,1.6957e-05,0,0.00421981,1.96621e-05,0.00425643,0.3,4,1047,54,1696,1043,1047,313,179,20,20,10,1
150,20,0,1.6957e-05,0,0.00421981,1.96621e-05,0.00425643,0.1,4,510,27,832,506,510,186,131,20,20,10,1
151,20,0,1.6957e-05,0,0.00421981,1.96621e-05,0.00425643,0.2,4,505,32,992,501,505,201,141,20,20,10,1
152,20,0,1.6957e-05,0,0.00421981,1.96621e-05,0.00425643,0.1,4,383,26,800,379,383,164,112,20,20,10,1
153,20,0,1.6957e-05,0,0.00421981,1.96621e-05,0.00425643,0.4,4,676,34,1056,672,676,214,134,20,20,10,1
154,20,0,1.6957e-05,0,0.00421981,1.96621e-05,0.00425643,0,4,614,38,1184,610,614,221,136,20,20,10,1
155,20,0,1.6957e-05,0,0.00421981,1.96621e-05,0.00425643,0,4,795,38,1184,791,795,231,134,20,20,10,1
156,20,0,1.6957e-05,0,0.00421981,1.96621e-05,0.00425643,0.3,4,606,33,1024,602,606,176,104,20,20,10,1
157,20,0,1.6957e-05,0,0.00421981,1.96621e-05,0.00425643,0,4,729,35,1088,725,729,176,108,20,20,10,1
158,20,0,1.6957e-05,0,0.00421981,1.96621e-05,0.00425643,0,4,733,33,1024,729,733,211,126,20,20,10,1
159,20,0,1.6957e-05,0,0.00421981,1.96621e-05,0.00425643,0,4,730,34,1056,726,730,187,98,20,20,10,1
160,20,0,1.6957e-05,0,0.00421981,1.96621e-05,0.00425643,0.1,4,613,28,864,609,613,166,114,20,20,10,1
161,20,0,1.6957e-05,0,0.00421981,1.96621e-05,0.00425643,0,4,503,27,832,499,503,165,97,20,20,10,1
162,20,0,1.6957e-05,0,0.00421981,1.96621e-05,0.00425643,0.1,4,658,32,992,654,658,179,107,20,20,10,1
163,20,0,1.6957e-05,0,0.00421981,1.96621e-05,0.00425643,0.2,4,706,34,1056,702,706,227,156,20,20,10,1
164,20,0,1.6957e-05,0,0.00421981,1.96621e-05,0.00425643,0,4,522,26,800,518,522,181,124,20,20,10,1
165,20,0,1.6957e-05,0,0.00421981,1.96621e-05,0.00425643,0.4,4,524,30,928,520,524,171,110,20,20,10,1
166,20,0,1.6957e-05,0,0.00421981,1.96621e-05,0.00425643,0.2,4,689,35,1088,685,689,236,149,20,20,10,1
167,20,0,1.6957e-05,0,0.00421981,1.96621e-05,0.00425643,0.2,4,526,26,800,522,526,179,119,20,20,10,1
168,20,0,1.6957e-05,0,0.00421981,1.96621e-05,0.00425643,0.2,4,537,28,864,533,537,162,114,20,20,10,1
169,20,0,1.6957e-05,0,0.00421981,1.96621e-05,0.00425643,0.2,4,644,32,992,640,644,155,66,20,20,10,1
170,20,0,1.6957e-05,0,0.00421981,1.96621e-05,0.00425643,0.1,4,661,33,1024,657,661,192,129,20,20,10,1
171,20,0,1.6957e-05,0,0.00421981,1.96621e-05,0.00425643,0.1,4,895,53,1664,891,895,280,143,20,20,10,1
172,20,0,1.6957e-05,0,0.00421981,1.96621e-05,0.00425643,0.1,4,720,37,1152,716,720,217,136,20,20,10,1
173,20,0,1.6957e-05,0,0.00421981,1.96621e-05,0.00425643,0,4,643,35,1088,639,643,226,150,20,20,10,1
174,20,0,1.6957e-05,0,0.00421981,1.96621e-05,0.00425643,0,4,565,29,896,561,565,215,151,20,20,10,1
175,20,0,1.6957e-05,0,0.00421981,1.96621e-05,0.00425643,0.2,4,630,30,928,626,630,188,113,20,20,10,1
176,20,0,1.6957e-05,0,0.00421981,1.96621e-05,0.00425643,0.1,4,894,45,1408,890,894,244,139,20,20,10,1
177,20,0,1.6957e-05,0,0.00421981,1.96621e-05,0.00425643,0.1,4,743,38,1184,739,743,206,115,20,20,10,1
178,20,0,1.6957e-05,0,0.00421981,1.96621e-05,0.00425643,0.1,4,682,36,1120,678,682,194,100,20,20,10,1
179,20,0,1.6957e-05,0,0.00421981,1.96621e-05,0.00425643,0.1,4,817,37,1152,813,817,208,116,20,20,10,1
180,20,0,1.6957e-05,0,0.00421981,1.96621e-05,0.00425643,0.3,4,871,45,1408,867,871,299,185,20,20,10,1
181,20,0,1.6957e-05,0,0.00421981,1.96621e-05,0.00425643,0.1,4,439,23,704,435,439,157,101,20,20,10,1
182,20,0,1.6957e-05,0,0.00421981,1.96621e-05,0.00425643,0.2,4,615,32,992,611,615,232,162,20,20,10,1
183,20,0,1.6957e-05,0,0.00421981,1.96621e-05,0.00425643,0.4,4,827,43,1344,823,827,222,139,20,20,10,1
184,20,0,1.6957e-05,0,0.00421981,1.96621e-05,0.00425643,0.1,4,793,40,1248,789,793,237,148,20,20,10,1
185,20,0,1.6957e-05,0,0.00421981,1.96621e-05,0.00425643,0.4,4,466,32,992,462,466,196,121,20,20,10,1
186,20,0,1.6957e-05,0,0.00421981,1.96621e-05,0.00425643,0.1,4,599,34,1056,595,599,215,149,20,20,10,1
187,20,0,1.6957e-05,0,0.00421981,1.96621e-05,0.00425643,0.1,4,716,39,1216,712,716,209,115,20,20,10,1
188,20,0,1.6957e-05,0,0.00421981,1.96621e-05,0.00425643,0.1,4,856,49,1536,852,856,273,171,20,20,10,1
189,20,0,1.6957e-05,0,0.00421981,1.96621e-05,0.00425643,0.2,4,497,27,832,493,497,202,142,20,20,10,1
190,20,0,1.6957e-05,0,0.00421981,1.96621e-05,0.00425643,0.2,4,472,29,896,468,472,189,136,20,20,10,1
191,20,0,1.6957e-05,0,0.00421981,1.96621e-05,0.00425643,0,4,687,33,1024,683,687,205,128,20,20,10,1
192,20,0,1.6957e-05,0,0.00421981,1.96621e-05,0.00425643,0,4,807,37,1152,803,807,218,136,20,20,10,1
193,20,0,1.6957e-05,0,0.00421981,1.96621e-05,0.00425643,0.4,4,740,38,1184,736,740,218,138,20,20,10,1
194,20,0,1.6957e-05,0,0.00421981,1.96621e-05,0.00425643,0.2,4,731,34,1056,727,731,237,163,20,20,10,1
195,20,0,1.6957e-05,0,0.00421981,1.96621e-05,0.00425643,0.1,4,880,41,1280,876,880,251,153,20,20,10,1
196,20,0,1.6957e-05,0,0.00421981,1.96621e-05,0.00425643,0,4,551,28,864,547,551,183,128,20,20,10,1
197,20,0,1.6957e-05,0,0.00421981,1.96621e-05,0.00425643,0.2,4,664,32,992,660,664,216,139,20,20,10,1
198,20,0,1.6957e-05,0,0.00421981,1.96621e-05,0.00425643,0.2,4,641,33,1024,637,641,241,168,20,20,10,1
199,20,0,1.6957e-05,0,0.00421981,1.96621e-05,0.00425643,0.1,4,633,31,960,629,633,176,96,20,20,10,1
200,20,0,1.6957e-05,0,0.00421981,1.96621e-05,0.00425643,0.4,4,660,34,1056,656,660,195,111,20,20,10,1
201,20,0,1.6957e-05,0,0.00421981,1.96621e-05,0.00425643,0.3,4,661,33,1024,657,661,223,155,20,20,10,1
202,20,0,1.6957e-05,0,0.00421981,1.96621e-05,0.00425643,0.1,4,613,30,928,609,613,217,144,20,20,10,1
203,20,0,1.6957e-05,0,0.00421981,1.96621e-05,0.00425643,0.2,4,491,30,928,487,491,205,142,20,20,10,1
204,20,0,1.6957e-05,0,0.00421981,1.96621e-05,0.00425643,0.4,4,518,29,896,514,518,187,119,20,20,10,1
205,20,0,1.6957e-05,0,0.00421981,1.96621e-05,0.00425643,0.2,4,588,30,928,584,588,210,148,20,20,10,1
206,20,0,1.6957e-05,0,0.00421981,1.96621e-05,0.00425643,0.1,4,622,33,1024,618,622,207,143,20,20,10,1
207,20,0,1.6957e-05,0,0.00421981,1.96621e-05,0.00425643,0.2,4,687,39,1216,683,687,234,143,20,20,10,1
208,20,0,1.6957e-05,0,0.00421981,1.96621e-05,0.00425643,0,4,965,52,1632,961,965,271,160,20,20,10,1
209,20,0,1.6957e-05,0,0.00421981,1.96621e-05,0.00425643,0.1,4,619,40,1248,615,619,215,118,20,20,10,1
210,20,0,1.6957e-05,0,0.00421981,1.96621e-05,0.00425643,0,4,917,41,1280,913,917,210,126,20,20,10,1
211,20,0,1.6957e-05,0,0.00421981,1.96621e-05,0.00425643,0,4,532,30,928,528,532,200,136,20,20,10,1
212,20,0,1.6957e-05,0,0.00421981,1.96621e-05,0.00425643,0.1,4,620,31,960,616,620,233,170,20,20,10,1
213,20,0,1.6957e-05,0,0.00421981,1.96621e-05,0.00425643,0,4,554,27,832,550,554,187,114,20,20,10,1
214,20,0,1.6957e-05,0,0.00421981,1.96621e-05,0.00425643,0.1,4,943,44,1376,939,943,275,173,20,20,10,1
215,20,0,1.6957e-05,0,0.00421981,1.96621e-05,0.00425643,0.2,4,700,38,1184,696,700,224,143,20,20,10,1
216,20,0,1.6957e-05,0,0.00421981,1.96621e-05,0.00425643,0,4,581,32,992,577,581,162,91,20,20,10,1
217,20,0,1.6957e-05,0,0.00421981,1.96621e-05,0.00425643,0.1,4,913,47,1472,909,913,257,151,20,20,10,1
218,20,0,1.6957e-05,0,0.00421981,1.96621e-05,0.00425643,0.2,4,847,40,1248,843,847,232,115,20,20,10,1
219,20,0,1.6957e-05,0,0.00421981,1.96621e-05,0.00425643,0.3,4,655,33,1024,651,655,200,123,20,20,10,1
220,20,0,1.6957e-05,0,0.00421981,1.96621e-05,0.00425643,0,4,819,36,1120,815,819,250,157,20,20,10,1
221,20,0,1.6957e-05,0,0.00421981,1.96621e-05,0.00425643,0.2,4,504,26,800,500,504,180,121,20,20,10,1
222,20,0,1.6957e-05,0,0.00421981,1.96621e-05,0.00425643,0.2,4,592,31,960,588,592,207,122,20,20,10,1
223,20,0,1.6957e-05,0,0.00421981,1.96621e-05,0.00425643,0.2,4,691,36,1120,687,691,199,108,20,20,10,1
224,20,0,1.6957e-05,0,0.00421981,1.96621e-05,0.00425643,0.3,4,637,34,1056,633,637,216,150,20,20,10,1
225,20,0,1.6957e-05,0,0.00421981,1.96621e-05,0.00425643,0.1,4,1183,55,1728,1179,1183,299,149,20,20,10,1
226,20,0,1.6957e-05,0,0.00421981,1.96621e-05,0.00425643,0.1,4,668,32,992,664,668,211,141,20,20,10,1
227,20,0,1.6957e-05,0,0.00421981,1.96621e-05,0.00425643,0.1,4,650,32,992,646,650,185,96,20,20,10,1
228,20,0,1.6957e-05,0,0.00421981,1.96621e-05,0.00425643,0.1,4,698,36,1120,694,698,214,132,20,20,10,1
229,20,0,1.6957e-05,0,0.00421981,1.96621e-05,0.00425643,0.1,4,662,33,1024,658,662,216,146,20,20,10,1
230,20,0,1.6957e-05,0,0.00421981,1.96621e-05,0.00425643,0.5,4,454,28,864,450,454,190,122,20,20,10,1
231,20,0,1.6957e-05,0,0.00421981,1.96621e-05,0.00425643,0,4,549,31,960,545,549,215,144,20,20,10,1
232,20,0,1.6957e-05,0,0.00421981,1.96621e-05,0.00425643,0.2,4,636,42,1312,632,636,258,168,20,20,10,1
233,20,0,1.6957e-05,0,0.00421981,1.96621e-05,0.00425643,0,4,690,35,1088,686,690,212,134,20,20,10,1
234,20,0,1.6957e-05,0,0.00421981,1.96621e-05,0.00425643,0.1,4,661,36,1120,657,661,254,182,20,20,10,1
235,20,0,1.6957e-05,0,0.00421981,1.96621e-05,0.00425643,0.2,4,684,43,1344,680,684,255,161,20,20,10,1
236,20,0,1.6957e-05,0,0.00421981,1.96621e-05,0.00425643,0.4,4,766,44,1376,762,766,238,134,20,20,10,1
237,20,0,1.6957e-05,0,0.00421981,1.96621e-05,0.00425643,0.4,4,647,37,1152,643,647,226,141,20,20,10,1
238,20,0,1.6957e-05,0,0.00421981,1.96621e-05,0.00425643,0,4,662,33,1024,658,662,199,123,20,20,10,1
239,20,0,1.6957e-05,0,0.00421981,1.96621e-05,0.00425643,0.1,4,777,36,1120,773,777,195,113,20,20,10,1
240,20,0,1.6957e-05,0,0.00421981,1.96621e-05,0.00425643,0.1,4,549,29,896,545,549,168,108,20,20,10,1
241,20,0,1.6957e-05,0,0.00421981,1.96621e-05,0.00425643,0.3,4,638,32,992,634,638,240,164,20,20,10,1
242,20,0,1.6957e-05,0,0.00421981,1.96621e-05,0.00425643,0.2,4,612,31,960,608,612,173,111,20,20,10,1
243,20,0,1.6957e-05,0,0.00421981,1.96621e-05,0.00425643,0.2,4,790,39,1216,786,790,241,155,20,20,10,1
244,20,0,1.6957e-05,0,0.00421981,1.96621e-05,0.00425643,0,4,625,32,992,621,625,198,125,20,20,10,1
245,20,0,1.6957e-05,0,0.00421981,1.96621e-05,0.00425643,0.3,4,696,33,1024,692,696,207,135,20,20,10,1
246,20,0,1.6957e-05,0,0.00421981,1.96621e-05,0.00425643,0,4,693,32,992,689,693,210,148,20,20,10,1
247,20,0,1.6957e-05,0,0.00421981,1.96621e-05,0.00425643,0.2,4,588,32,992,584,588,228,162,20,20,10,1
248,20,0,1.6957e-05,0,0.00421981,1.96621e-05,0.00425643,0,4,734,34,1056,730,734,228,147,20,20,10,1
249,20,0,1.6957e-05,0,0.00421981,1.96621e-05,0.00425643,0,4,716,31,960,712,716,211,126,20,20,10,1
250,20,0,1.6957e-05,0,0.00421981,1.96621e-05,0.00425643,0.3,4,647,32,992,643,647,214,126,20,20,10,1
251,20,0,1.6957e-05,0,0.00421981,1.96621e-05,0.00425643,0.3,4,824,39,1216,820,824,229,136,20,20,10,1
252,20,0,1.6957e-05,0,0.00421981,1.96621e-05,0.00425643,0.2,4,607,34,1056,603,607,202,118,20,20,10,1
253,20,0,1.6957e-05,0,0.00421981,1.96621e-05,0.00425643,0.3,4,675,36,1120,671,675,248,159,20,20,10,1
254,20,0,1.6957e-05,0,0.00421981,1.96621e-05,0.00425643,0,4,644,30,928,640,644,206,156,20,20,10,1
255,20,0,1.6957e-05,0,0.00421981,1.96621e-05,0.00425643,0.2,4,752,34,1056,748,752,198,125,20,20,10,1
256,20,0,1.6957e-05,0,0.00421981,1.96621e-05,0.00425643,0.2,4,709,39,1216,705,709,237,150,20,20,10,1
257,20,0,1.6957e-05,0,0.00421981,1.96621e-05,0.00425643,0,4,877,41,1280,873,877,232,145,20,20,10,1
258,20,0,1.6957e-05,0,0.00421981,1.96621e-05,0.00425643,0.1,4,890,48,1504,886,890,252,135,20,20,10,1
259,20,0,1.6957e-05,0,0.00421981,1.96621e-05,0.00425643,0,4,862,41,1280,858,862,224,121,20,20,10,1
260,20,0,1.6957e-05,0,0.00421981,1.96621e-05,0.00425643,0.2,4,645,31,960,641,645,211,141,20,20,10,1
261,20,0,1.6957e-05,0,0.00421981,1.96621e-05,0.00425643,0.2,4,753,40,1248,749,753,237,133,20,20,10,1
262,20,0,1.6957e-05,0,0.00421981,1.96621e-05,0.00425643,0.3,4,857,43,1344,853,857,218,127,20,20,10,1
263,20,0,1.6957e-05,0,0.00421981,1.96621e-05,0.00425643,0.5,4,440,29,896,436,440,195,140,20,20,10,1
264,20,0,1.6957e-05,0,0.00421981,1.96621e-05,0.00425643,0.1,4,908,45,1408,904,908,275,178,20,20,10,1
265,20,0,1.6957e-05,0,0.00421981,1.96621e-05,0.00425643,0.3,4,703,44,1376,699,703,263,169,20,20,10,1
266,20,0,1.6957e-05,0,0.00421981,1.96621e-05,0.00425643,0.2,4,699,40,1248,695,699,266,168,20,20,10,1
267,20,0,1.6957e-05,0,0.00421981,1.96621e-05,0.00425643,0.2,4,580,30,928,576,580,216,157,20,20,10,1
268,20,0,1.6957e-05,0,0.00421981,1.96621e-05,0.00425643,0.1,4,607,30,928,603,607,185,106,20,20,10,1
269,20,0,1.6957e-05,0,0.00421981,1.96621e-05,0.00425643,0.3,4,656,37,1152,652,656,251,183,20,20,10,1
270,20,0,1.6957e-05,0,0.00421981,1.96621e-05,0.00425643,0.1,4,620,29,896,616,620,167,112,20,20,10,1
271,20,0,1.6957e-05,0,0.00421981,1.96621e-05,0.00425643,0.2,4,960,48,1504,956,960,268,145,20,20,10,1
272,20,0,1.6957e-05,0,0.00421981,1.96621e-05,0.00425643,0.3,4,719,38,1184,715,719,211,115,20,20,10,1
273,20,0,1.6957e-05,0,0.00421981,1.96621e-05,0.00425643,0.3,4,648,30,928,644,648,216,154,20,20,10,1
274,20,0,1.6957e-05,0,0.00421981,1.96621e-05,0.00425643,0.1,4,805,40,1248,801,805,220,129,20,20,10,1
275,20,0,1.6957e-05,0,0.00421981,1.96621e-05,0.00425643,0.1,4,774,40,1248,770,774,269,169,20,20,10,1
276,20,0,1.6957e-05,0,0.00421981,1.96621e-05,0.00425643,0.1,4,565,30,928,561,565,203,136,20,20,10,1
277,20,0,1.6957e-05,0,0.00421981,1.96621e-05,0.00425643,0.1,4,476,26,800,472,476,152,97,20,20,10,1
278,20,0,1.6957e-05,0,0.00421981,1.96621e-05,0.00425643,0.1,4,1310,64,2016,1306,1310,315,140,20,20,10,1
279,20,0,1.6957e-05,0,0.00421981,1.96621e-05,0.00425643,0,4,726,39,1216,722,726,234,136,20,20,10,1
280,20,0,1.6957e-05,0,0.00421981,1.96621e-05,0.00425643,0,4,523,27,832,519,523,195,141,20,20,10,1
281,20,0,1.6957e-05,0,0.00421981,1.96621e-05,0.00425643,0.2,4,637,33,1024,633,637,229,162,20,20,10,1
282,20,0,1.6957e-05,0,0.00421981,1.96621e-05,0.00425643,0.1,4,842,48,1504,838,842,240,130,20,20,10,1
283,20,0,1.6957e-05,0,0.00421981,1.96621e-05,0.00425643,0,4,693,32,992,689,693,209,141,20,20,10,1
284,20,0,1.6957e-05,0,0.00421981,1.96621e-05,0.00425643,0.1,4,628,40,1248,624,628,241,148,20,20,10,1
285,20,0,1.6957e-05,0,0.00421981,1.96621e-05,0.00425643,0,4,635,34,1056,631,635,188,117,20,20,10,1
286,20,0,1.6957e-05,0,0.00421981,1.96621e-05,0.00425643,0.1,4,892,43,1344,888,892,242,148,20,20,10,1
287,20,0,1.6957e-05,0,0.00421981,1.96621e-05,0.00425643,0,4,780,38,1184,776,780,227,133,20,20,10,1
288,20,0,1.6957e-05,0,0.00421981,1.96621e-05,0.00425643,0,4,659,37,1152,655,659,265,169,20,20,10,1
289,20,0,1.6957e-05,0,0.00421981,1.96621e-05,0.00425643,0.3,4,1227,62,1952,1223,1227,322,151,20,20,10,1
290,20,0,1.6957e-05,0,0.00421981,1.96621e-05,0.00425643,0.1,4,731,33,1024,727,731,220,146,20,20,10,1
291,20,0,1.6957e-05,0,0.00421981,1.96621e-05,0.00425643,0.3,4,619,29,896,615,619,187,111,20,20,10,1
292,20,0,1.6957e-05,0,0.00421981,1.96621e-05,0.00425643,0.2,4,582,32,992,578,582,215,154,20,20,10,1
293,20,0,1.6957e-05,0,0.00421981,1.96621e-05,0.00425643,0.2,4,777,35,1088,773,777,226,143,20,20,10,1
294,20,0,1.6957e-05,0,0.00421981,1.96621e-05,0.00425643,0.1,4,717,37,1152,713,717,257,157,20,20,10,1
295,20,0,1.6957e-05,0,0.00421981,1.96621e-05,0.00425643,0,4,757,37,1152,753,757,239,150,20,20,10,1
296,20,0,1.6957e-05,0,0.00421981,1.96621e-05,0.00425643,0.2,4,747,35,1088,743,747,196,116,20,20,10,1
297,20,0,1.6957e-05,0,0.00421981,1.96621e-05,0.00425643,0.2,4,574,28,864,570,574,213,155,20,20,10,1
298,20,0,1.6957e-05,0,0.00421981,1.96621e-05,0.00425643,0,4,749,34,1056,745,749,206,138,20,20,10,1
299,20,0,1.6957e-05,0,0.00421981,1.96621e-05,0.00425643,0,4,600,32,992,596,600,220,158,20,20,10,1
300,20,0,1.6957e-05,0,0.00421981,1.96621e-05,0.00425643,0.1,4,604,29,896,600,604,164,99,20,20,10,1
301,20,0,1.6957e-05,0,0.00421981,1.96621e-05,0.00425643,0,4,643,37,1152,639,643,229,141,20,20,10,1
302,20,0,1.6957e-05,0,0.00421981,1.96621e-05,0.00425643,0.1,4,802,42,1312,798,802,250,156,20,20,10,1
303,20,0,1.6957e-05,0,0.00421981,1.96621e-05,0.00425643,0.1,4,637,33,1024,633,637,219,149,20,20,10,1
304,20,0,1.6957e-05,0,0.00421981,1.96621e-05,0.00425643,0,4,742,36,1120,738,742,215,144,20,20,10,1
305,20,0,1.6957e-05,0,0.00421981,1.96621e-05,0.00425643,0.1,4,610,27,832,606,610,179,120,20,20,10,1
306,20,0,1.6957e-05,0,0.00421981,1.96621e-05,0.00425643,0.3,4,815,36,1120,811,815,222,117,20,20,10,1
307,20,0,1.6957e-05,0,0.00421981,1.96621e-05,0.00425643,0.2,4,653,30,928,649,653,198,122,20,20,10,1
308,20,0,1.6957e-05,0,0.00421981,1.96621e-05,0.00425643,0.2,4,610,32,992,606,610,198,121,20,20,10,1
309,20,0,1.6957e-05,0,0.00421981,1.96621e-05,0.00425643,0.2,4,844,37,1152,840,844,219,121,20,20,10,1
310,20,0,1.6957e-05,0,0.00421981,1.96621e-05,0.00425643,0.1,4,781,40,1248,777,781,198,109,20,20,10,1
311,20,0,1.6957e-05,0,0.00421981,1.96621e-05,0.00425643,0,4,653,33,1024,649,653,204,128,20,20,10,1
312,20,0,1.6957e-05,0,0.00421981,1.96621e-05,0.00425643,0.1,4,692,28,864,688,692,195,133,20,20,10,1
313,20,0,1.6957e-05,0,0.00421981,1.96621e-05,0.00425643,0,4,519,24,736,515,519,152,100,20,20,10,1
314,20,0,1.6957e-05,0,0.00421981,1.96621e-05,0.00425643,0.5,4,695,34,1056,691,695,232,151,20,20,10,1
315,20,0,1.6957e-05,0,0.00421981,1.96621e-05,0.00425643,0.1,4,695,32,992,691,695,176,111,20,20,10,1
316,20,0,1.6957e-05,0,0.00421981,1.96621e-05,0.00425643,0.1,4,724,36,1120,720,724,224,140,20,20,10,1
317,20,0,1.6957e-05,0,0.00421981,1.96621e-05,0.00425643,0,4,1024,51,1600,1020,1024,293,153,20,20,10,1
318,20,0,1.6957e-05,0,0.00421981,1.96621e-05,0.00425643,0,4,745,38,1184,741,745,259,148,20,20,10,1
319,20,0,1.6957e-05,0,0.00421981,1.96621e-05,0.00425643,0,4,573,26,800,569,573,185,129,20,20,10,1
320,20,0,1.6957e-05,0,0.00421981,1.96621e-05,0.00425643,0,4,870,38,1184,866,870,221,127,20,20,10,1
321,20,0,1.6957e-05,0,0.00421981,1.96621e-05,0.00425643,0.1,4,910,42,1312,906,910,249,145,20,20,10,1
322,20,0,1.6957e-05,0,0.00421981,1.96621e-05,0.00425643,0,4,646,29,896,642,646,174,118,20,20,10,1
323,20,0,1.6957e-05,0,0.00421981,1.96621e-05,0.00425643,0.1,4,630,28,864,626,630,198,130,20,20,10,1
324,20,0,1.6957e-05,0,0.00421981,1.96621e-05,0.00425643,0.1,4,644,31,960,640,644,184,112,20,20,10,1
325,20,0,1.6957e-05,0,0.00421981,1.96621e-05,0.00425643,0.2,4,528,27,832,524,528,171,116,20,20,10,1
326,20,0,1.6957e-05,0,0.00421981,1.96621e-05,0.00425643,0,4,712,32,992,708,712,213,137,20,20,10,1
327,20,0,1.6957e-05,0,0.00421981,1.96621e-05,0.00425643,0.3,4,623,30,928,619,623,192,118,20,20,10,1
328,20,0,1.6957e-05,0,0.00421981,1.96621e-05,0.00425643,0.1,4,664,33,1024,660,664,212,139,20,20,10,1
329,20,0,1.6957e-05,0,0.00421981,1.96621e-05,0.00425643,0.2,4,535,31,960,531,535,202,147,20,20,10,1
330,20,0,1.6957e-05,0,0.00421981,1.96621e-05,0.00425643,0,4,604,33,1024,600,604,204,147,20,20,10,1
331,20,0,1.6957e-05,0,0.00421981,1.96621e-05,0.00425643,0.1,4,957,45,1408,953,957,243,135,20,20,10,1
332,20,0,1.6957e-05,0,0.00421981,1.96621e-05,0.00425643,0,4,645,35,1088,641,645,183,98,20,20,10,1
333,20,0,1.6957e-05,0,0.00421981,1.96621e-05,0.00425643,0.1,4,582,26,800,578,582,182,120,20,20,10,1
334,20,0,1.6957e-05,0,0.00421981,1.96621e-05,0.00425643,0,4,984,43,1344,980,984,289,150,20,20,10,1
335,20,0,1.6957e-05,0,0.00421981,1.96621e-05,0.00425643,0.4,4,813,40,1248,809,813,236,141,20,20,10,1
336,20,0,1.6957e-05,0,0.00421981,1.96621e-05,0.00425643,0,4,684,37,1152,680,684,214,131,20,20,10,1
337,20,0,1.6957e-05,0,0.00421981,1.96621e-05,0.00425643,0.1,4,597,29,896,593,597,198,134,20,20,10,1
338,20,0,1.6957e-05,0,0.00421981,1.96621e-05,0.00425643,0,4,969,45,1408,965,969,287,177,20,20,10,1
339,20,0,1.6957e-05,0,0.00421981,1.96621e-05,0.00425643,0.1,4,704,32,992,700,704,209,146,20,20,10,1
340,20,0,1.6957e-05,0,0.00421981,1.96621e-05,0.00425643,0.1,4,629,33,1024,625,629,215,148,20,20,10,1
341,20,0,1.6957e-05,0,0.00421981,1.96621e-05,0.00425643,0.4,4,584,30,928,580,584,182,113,20,20,10,1
342,20,0,1.6957e-05,0,0.00421981,1.96621e-05,0.00425643,0.3,4,670,34,1056,666,670,190,119,20,20,10,1
343,20,0,1.6957e-05,0,0.00421981,1.96621e-05,0.00425643,0.3,4,645,32,992,641,645,204,118,20,20,10,1
344,20,0,1.6957e-05,0,0.00421981,1.96621e-05,0.00425643,0.1,4,768,38,1184,764,768,239,155,20,20,10,1
345,20,0,1.6957e-05,0,0.00421981,1.96621e-05,0.00425643,0.2,4,584,31,960,580,584,215,136,20,20,10,1
346,20,0,1.6957e-05,0,0.00421981,1.96621e-05,0.00425643,0.2,4,687,40,1248,683,687,233,139,20,20,10,1
347,20,0,1.6957e-05,0,0.00421981,1.96621e-05,0.00425643,0.2,4,631,33,1024,627,631,199,131,20,20,10,1
348,20,0,1.6957e-05,0,0.00421981,1.96621e-05,0.00425643,0.1,4,647,30,928,643,647,197,116,20,20,10,1
349,20,0,1.6957e-05,0,0.00421981,1.96621e-05,0.00425643,0.1,4,662,34,1056,658,662,215,146,20,20,10,1
350,20,0,1.6957e-05,0,0.00421981,1.96621e-05,0.00425643,0.1,4,752,40,1248,748,752,250,153,20,20,10,1
351,20,0,1.6957e-05,0,0.00421981,1.96621e-05,0.00425643,0.3,4,641,33,1024,637,641,173,102,20,20,10,1
352,20,0,1.6957e-05,0,0.00421981,1.96621e-05,0.00425643,0.1,4,549,27,832,545,549,186,131,20,20,10,1
353,20,0,1.6957e-05,0,0.00421981,1.96621e-05,0.00425643,0.2,4,916,49,1536,912,916,260,130,20,20,10,1
354,20,0,1.6957e-05,0,0.00421981,1.96621e-05,0.00425643,0.5,4,673,34,1056,669,673,213,148,20,20,10,1
355,20,0,1.6957e-05,0,0.00421981,1.96621e-05,0.00425643,0,4,526,27,832,522,526,163,113,20,20,10,1
356,20,0,1.6957e-05,0,0.00421981,1.96621e-05,0.00425643,0.3,4,769,38,1184,765,769,272,166,20,20,10,1
357,20,0,1.6957e-05,0,0.00421981,1.96621e-05,0.00425643,0.1,4,666,35,1088,662,666,168,88,20,20,10,1
358,20,0,1.6957e-05,0,0.00421981,1.96621e-05,0.00425643,0,4,710,35,1088,706,710,225,147,20,20,10,1
359,20,0,1.6957e-05,0,0.00421981,1.96621e-05,0.00425643,0.2,4,737,34,1056,733,737,248,164,20,20,10,1
360,20,0,1.6957e-05,0,0.00421981,1.96621e-05,0.00425643,0.1,4,581,35,1088,577,581,232,159,20,20,10,1
361,20,0,1.6957e-05,0,0.00421981,1.96621e-05,0.00425643,0,4,750,36,1120,746,750,207,127,20,20,10,1
362,20,0,1.6957e-05,0,0.00421981,1.96621e-05,0.00425643,0.1,4,694,34,1056,690,694,218,123,20,20,10,1
363,20,0,1.6957e-05,0,0.00421981,1.96621e-05,0.00425643,0,4,610,38,1184,606,610,256,171,20,20,10,1
364,20,0,1.6957e-05,0,0.00421981,1.96621e-05,0.00425643,0.3,4,690,31,960,686,690,216,140,20,20,10,1
365,20,0,1.6957e-05,0,0.00421981,1.96621e-05,0.00425643,0.4,4,676,34,1056,672,676,227,141,20,20,10,1
366,20,0,1.6957e-05,0,0.00421981,1.96621e-05,0.00425643,0.1,4,647,33,1024,643,647,239,164,20,20,10,1
367,20,0,1.6957e-05,0,0.00421981,1.96621e-05,0.00425643,0.2,4,849,43,1344,845,849,273,174,20,20,10,1
368,20,0,1.6957e-05,0,0.00421981,1.96621e-05,0.00425643,0.2,4,516,28,864,512,516,188,127,20,20,10,1
369,20,0,1.6957e-05,0,0.00421981,1.96621e-05,0.00425643,0.3,4,648,34,1056,644,648,209,136,20,20,10,1
370,20,0,1.6957e-05,0,0.00421981,1.96621e-05,0.00425643,0.4,4,789,39,1216,785,789,226,135,20,20,10,1
371,20,0,1.6957e-05,0,0.00421981,1.96621e-05,0.00425643,0.1,4,567,27,832,563,567,153,93,20,20,10,1
372,20,0,1.6957e-05,0,0.00421981,1.96621e-05,0.00425643,0.1,4,515,28,864,511,515,190,120,20,20,10,1
373,20,0,1.6957e-05,0,0.00421981,1.96621e-05,0.00425643,0.1,4,454,25,768,450,454,170,128,20,20,10,1
374,20,0,1.6957e-05,0,0.00421981,1.96621e-05,0.00425643,0.1,4,649,34,1056,645,649,252,181,20,20,10,1
375,20,0,1.6957e-05,0,0.00421981,1.96621e-05,0.00425643,0.2,4,760,36,1120,756,760,213,119,20,20,10,1
376,20,0,1.6957e-05,0,0.00421981,1.96621e-05,0.00425643,0,4,736,33,1024,732,736,217,135,20,20,10,1
377,20,0,1.6957e-05,0,0.00421981,1.96621e-05,0.00425643,0,4,685,35,1088,681,685,237,151,20,20,10,1
378,20,0,1.6957e-05,0,0.00421981,1.96621e-05,0.00425643,0.2,4,685,33,1024,681,685,197,123,20,20,10,1
379,20,0,1.6957e-05,0,0.00421981,1.96621e-05,0.00425643,0,4,809,36,1120,805,809,241,156,20,20,10,1
380,20,0,1.6957e-05,0,0.00421981,1.96621e-05,0.00425643,0.2,4,492,28,864,488,492,192,138,20,20,10,1
381,20,0,1.6957e-05,0,0.00421981,1.96621e-05,0.00425643,0.1,4,605,31,960,601,605,157,76,20,20,10,1
382,20,0,1.6957e-05,0,0.00421981,1.96621e-05,0.00425643,0.1,4,662,33,1024,658,662,209,121,20,20,10,1
383,20,0,1.6957e-05,0,0.00421981,1.96621e-05,0.00425643,0.1,4,732,36,1120,728,732,211,130,20,20,10,1
384,20,0,1.6957e-05,0,0.00421981,1.96621e-05,0.00425643,0,4,868,44,1376,864,868,229,125,20,20,10,1
385,20,0,1.6957e-05,0,0.00421981,1.96621e-05,0.00425643,0.1,4,643,30,928,639,643,211,147,20,20,10,1
386,20,0,1.6957e-05,0,0.00421981,1.96621e-05,0.00425643,0.3,4,660,36,1120,656,660,187,107,20,20,10,1
387,20,0,1.6957e-05,0,0.00421981,1.96621e-05,0.00425643,0.2,4,666,33,1024,662,666,187,110,20,20,10,1
388,20,0,1.6957e-05,0,0.00421981,1.96621e-05,0.00425643,0.1,4,648,30,928,644,648,220,151,20,20,10,1
389,20,0,1.6957e-05,0,0.00421981,1.96621e-05,0.00425643,0,4,753,38,1184,749,753,196,113,20,20,10,1
390,20,0,1.6957e-05,0,0.00421981,1.96621e-05,0.00425643,0.1,4,965,44,1376,961,965,256,133,20,20,10,1
391,20,0,1.6957e-05,0,0.00421981,1.96621e-05,0.00425643,0.3,4,512,27,832,508,512,159,110,20,20,10,1
392,20,0,1.6957e-05,0,0.00421981,1.96621e-05,0.00425643,0.3,4,1039,53,1664,1035,1039,303,170,20,20,10,1
393,20,0,1.6957e-05,0,0.00421981,1.96621e-05,0.00425643,0,4,698,37,1152,694,698,225,151,20,20,10,1
394,20,0,1.6957e-05,0,0.00421981,1.96621e-05,0.00425643,0.3,4,531,30,928,527,531,168,96,20,20,10,1
395,20,0,1.6957e-05,0,0.00421981,1.96621e-05,0.00425643,0.2,4,788,38,1184,784,788,236,151,20,20,10,1
396,20,0,1.6957e-05,0,0.00421981,1.96621e-05,0.00425643,0.1,4,705,34,1056,701,705,185,103,20,20,10,1
397,20,0,1.6957e-05,0,0.00421981,1.96621e-05,0.00425643,0.1,4,821,39,1216,817,821,200,99,20,20,10,1
398,20,0,1.6957e-05,0,0.00421981,1.96621e-05,0.00425643,0.2,4,646,32,992,642,646,199,127,20,20,10,1
399,20,0,1.6957e-05,0,0.00421981,1.96621e-05,0.00425643,0.6,4,431,26,800,427,431,170,120,20,20,10,1
400,20,0,1.6957e-05,0,0.00421981,1.96621e-05,0.00425643,0.3,4,684,37,1152,680,684,230,147,20,20,10,1
401,20,0,1.6957e-05,0,0.00421981,1.96621e-05,0.00425643,0,4,625,29,896,621,625,167,108,20,20,10,1
402,20,0,1.6957e-05,0,0.00421981,1.96621e-05,0.00425643,0,4,1161,53,1664,1157,1161,252,111,20,20,10,1
403,20,0,1.6957e-05,0,0.00421981,1.96621e-05,0.00425643,0,4,568,28,864,564,568,184,129,20,20,10,1
404,20,0,1.6957e-05,0,0.00421981,1.96621e-05,0.00425643,0.2,4,730,36,1120,726,730,242,160,20,20,10,1
405,20,0,1.6957e-05,0,0.00421981,1.96621e-05,0.00425643,0.1,4,700,33,1024,696,700,194,127,20,20,10,1
406,20,0,1.6957e-05,0,0.00421981,1.96621e-05,0.00425643,0.3,4,809,37,1152,805,809,238,158,20,20,10,1
407,20,0,1.6957e-05,0,0.00421981,1.96621e-05,0.00425643,0.1,4,723,34,1056,719,723,189,109,20,20,10,1
408,20,0,1.6957e-05,0,0.00421981,1.96621e-05,0.00425643,0.5,4,609,30,928,605,609,202,137,20,20,10,1
409,20,0,1.6957e-05,0,0.00421981,1.96621e-05,0.00425643,0.2,4,735,32,992,731,735,203,131,20,20,10,1
410,20,0,1.6957e-05,0,0.00421981,1.96621e-05,0.00425643,0.2,4,665,33,1024,661,665,176,106,20,20,10,1
411,20,0,1.6957e-05,0,0.00421981,1.96621e-05,0.00425643,0.1,4,681,31,960,677,681,224,161,20,20,10,1
412,20,0,1.6957e-05,0,0.00421981,1.96621e-05,0.00425643,0.3,4,518,29,896,514,518,172,113,20,20,10,1
413,20,0,1.6957e-05,0,0.00421981,1.96621e-05,0.00425643,0.2,4,656,30,928,652,656,193,119,20,20,10,1
414,20,0,1.6957e-05,0,0.00421981,1.96621e-05,0.00425643,0.2,4,943,42,1312,939,943,232,125,20,20,10,1
415,20,0,1.6957e-05,0,0.00421981,1.96621e-05,0.00425643,0,4,758,41,1280,754,758,217,115,20,20,10,1
416,20,0,1.6957e-05,0,0.00421981,1.96621e-05,0.00425643,0.1,4,554,28,864,550,554,186,119,20,20,10,1
417,20,0,1.6957e-05,0,0.00421981,1.96621e-05,0.00425643,0.1,4,546,27,832,542,546,175,125,20,20,10,1
418,20,0,1.6957e-05,0,0.00421981,1.96621e-05,0.00425643,0,4,687,33,1024,683,687,208,144,20,20,10,1
419,20,0,1.6957e-05,0,0.00421981,1.96621e-05,0.00425643,0,4,582,26,800,578,582,182,122,20,20,10,1
420,20,0,1.6957e-05,0,0.00421981,1.96621e-05,0.00425643,0.2,4,633,34,1056,629,633,226,142,20,20,10,1
421,20,0,1.6957e-05,0,0.00421981,1.96621e-05,0.00425643,0.1,4,666,35,1088,662,666,200,134,20,20,10,1
422,20,0,1.6957e-05,0,0.00421981,1.96621e-05,0.00425643,0.3,4,601,31,960,597,601,222,158,20,20,10,1
423,20,0,1.6957e-05,0,0.00421981,1.96621e-05,0.00425643,0,4,766,40,1248,762,766,257,155,20,20,10,1
424,20,0,1.6957e-05,0,0.00421981,1.96621e-05,0.00425643,0,4,577,27,832,573,577,177,121,20,20,10,1
425,20,0,1.6957e-05,0,0.00421981,1.96621e-05,0.00425643,0,4,558,27,832,554,558,192,130,20,20,10,1
426,20,0,1.6957e-05,0,0.00421981,1.96621e-05,0.00425643,0,4,856,41,1280,852,856,252,150,20,20,10,1
427,20,0,1.6957e-05,0,0.00421981,1.96621e-05,0.00425643,0.1,4,544,27,832,540,544,157,113,20,20,10,1
428,20,0,1.6957e-05,0,0.00421981,1.96621e-05,0.00425643,0,4,702,35,1088,698,702,208,120,20,20,10,1
429,20,0,1.6957e-05,0,0.00421981,1.96621e-05,0.00425643,0.1,4,767,36,1120,763,767,221,132,20,20,10,1
430,20,0,1.6957e-05,0,0.00421981,1.96621e-05,0.00425643,0,4,621,29,896,617,621,229,157,20,20,10,1
431,20,0,1.6957e-05,0,0.00421981,1.96621e-05,0.00425643,0,4,631,30,928,627,631,181,117,20,20,10,1
432,20,0,1.6957e-05,0,0.00421981,1.96621e-05,0.00425643,0.3,4,674,34,1056,670,674,194,117,20,20,10,1
433,20,0,1.6957e-05,0,0.00421981,1.96621e-05,0.00425643,0,4,516,27,832,512,516,170,98,20,20,10,1
434,20,0,1.6957e-05,0,0.00421981,1.96621e-05,0.00425643,0.3,4,909,44,1376,905,909,240,149,20,20,10,1
435,20,0,1.6957e-05,0,0.00421981,1.96621e-05,0.00425643,0,4,504,28,864,500,504,165,107,20,20,10,1
436,20,0,1.6957e-05,0,0.00421981,1.96621e-05,0.00425643,0.6,4,965,48,1504,961,965,235,128,20,20,10,1
437,20,0,1.6957e-05,0,0.00421981,1.96621e-05,0.00425643,0.5,4,759,36,1120,755,759,206,118,20,20,10,1
438,20,0,1.6957e-05,0,0.00421981,1.96621e-05,0.00425643,0,4,640,30,928,636,640,202,135,20,20,10,1
439,20,0,1.6957e-05,0,0.00421981,1.96621e-05,0.00425643,0.1,4,694,35,1088,690,694,200,120,20,20,10,1
440,20,0,1.6957e-05,0,0.00421981,1.96621e-05,0.00425643,0.5,4,683,33,1024,679,683,226,148,20,20,10,1
441,20,0,1.6957e-05,0,0.00421981,1.96621e-05,0.00425643,0.1,4,560,34,1056,556,560,207,133,20,20,10,1
442,20,0,1.6957e-05,0,0.00421981,1.96621e-05,0.00425643,0.1,4,776,43,1344,772,776,239,142,20,20,10,1
443,20,0,1.6957e-05,0,0.00421981,1.96621e-05,0.00425643,0.1,4,621,33,1024,617,621,202,116,20,20,10,1
444,20,0,1.6957e-05,0,0.00421981,1.96621e-05,0.00425643,0,4,843,39,1216,839,843,221,134,20,20,10,1
445,20,0,1.6957e-05,0,0.00421981,1.96621e-05,0.00425643,0.2,4,643,31,960,639,643,189,127,20,20,10,1
446,20,0,1.6957e-05,0,0.00421981,1.96621e-05,0.00425643,0,4,733,35,1088,729,733,198,128,20,20,10,1
447,20,0,1.6957e-05,0,0.00421981,1.96621e-05,0.00425643,0.1,4,600,27,832,596,600,190,120,20,20,10,1
448,20,0,1.6957e-05,0,0.00421981,1.96621e-05,0.00425643,0,4,683,35,1088,679,683,204,126,20,20,10,1
449,20,0,1.6957e-05,0,0.00421981,1.96621e-05,0.00425643,0.4,4,658,38,1184,654,658,245,167,20,20,10,1
450,20,0,1.6957e-05,0,0.00421981,1.96621e-05,0.00425643,0.4,4,790,44,1376,786,790,248,148,20,20,10,1
451,20,0,1.6957e-05,0,0.00421981,1.96621e-05,0.00425643,0.1,4,781,37,1152,777,781,214,120,20,20,10,1
452,20,0,1.6957e-05,0,0.00421981,1.96621e-05,0.00425643,0.1,4,866,39,1216,862,866,224,138,20,20,10,1
453,20,0,1.6957e-05,0,0.00421981,1.96621e-05,0.00425643,0.1,4,1052,48,1504,1048,1052,249,117,20,20,10,1
454,20,0,1.6957e-05,0,0.00421981,1.96621e-05,0.00425643,0.1,4,539,26,800,535,539,181,131,20,20,10,1
455,20,0,1.6957e-05,0,0.00421981,1.96621e-05,0.00425643,0,4,875,42,1312,871,875,247,150,20,20,10,1
456,20,0,1.6957e-05,0,0.00421981,1.96621e-05,0.00425643,0,4,538,31,960,534,538,196,130,20,20,10,1
457,20,0,1.6957e-05,0,0.00421981,1.96621e-05,0.00425643,0.3,4,776,37,1152,772,776,225,127,20,20,10,1
458,20,0,1.6957e-05,0,0.00421981,1.96621e-05,0.00425643,0.3,4,781,41,1280,777,781,242,137,20,20,10,1
459,20,0,1.6957e-05,0,0.00421981,1.96621e-05,0.00425643,0.2,4,757,38,1184,753,757,243,155,20,20,10,1
460,20,0,1.6957e-05,0,0.00421981,1.96621e-05,0.00425643,0.1,4,607,28,864,603,607,180,120,20,20,10,1
461,20,0,1.6957e-05,0,0.00421981,1.96621e-05,0.00425643,0.3,4,908,42,1312,904,908,270,172,20,20,10,1
462,20,0,1.6957e-05,0,0.00421981,1.96621e-05,0.00425643,0.2,4,647,37,1152,643,647,228,150,20,20,10,1
463,20,0,1.6957e-05,0,0.00421981,1.96621e-05,0.00425643,0.1,4,681,41,1280,677,681,248,158,20,20,10,1
464,20,0,1.6957e-05,0,0.00421981,1.96621e-05,0.00425643,0.3,4,649,34,1056,645,649,229,152,20,20,10,1
465,20,0,1.6957e-05,0,0.00421981,1.96621e-05,0.00425643,0,4,485,27,832,481,485,184,142,20,20,10,1
466,20,0,1.6957e-05,0,0.00421981,1.96621e-05,0.00425643,0.1,4,898,47,1472,894,898,247,139,20,20,10,1
467,20,0,1.6957e-05,0,0.00421981,1.96621e-05,0.00425643,0.3,4,915,42,1312,911,915,281,170,20,20,10,1
468,20,0,1.6957e-05,0,0.00421981,1.96621e-05,0.00425643,0,4,880,41,1280,876,880,212,114,20,20,10,1
469,20,0,1.6957e-05,0,0.00421981,1.96621e-05,0.00425643,0.1,4,754,44,1376,750,754,242,151,20,20,10,1
470,20,0,1.6957e-05,0,0.00421981,1.96621e-05,0.00425643,0,4,603,32,992,599,603,214,156,20,20,10,1
471,20,0,1.6957e-05,0,0.00421981,1.96621e-05,0.00425643,0.4,4,594,28,864,590,594,197,136,20,20,10,1
472,20,0,1.6957e-05,0,0.00421981,1.96621e-05,0.00425643,0,4,619,33,1024,615,619,211,138,20,20,10,1
473,20,0,1.6957e-05,0,0.00421981,1.96621e-05,0.00425643,0.5,4,792,45,1408,788,792,263,161,20,20,10,1
474,20,0,1.6957e-05,0,0.00421981,1.96621e-05,0.00425643,0.4,4,710,37,1152,706,710,174,91,20,20,10,1
475,20,0,1.6957e-05,0,0.00421981,1.96621e-05,0.00425643,0.5,4,568,31,960,564,568,214,151,20,20,10,1
476,20,0,1.6957e-05,0,0.00421981,1.96621e-05,0.00425643,0,4,612,36,1120,608,612,209,133,20,20,10,1
477,20,0,1.6957e-05,0,0.00421981,1.96621e-05,0.00425643,0.3,4,619,32,992,615,619,218,144,20,20,10,1
478,20,0,1.6957e-05,0,0.00421981,1.96621e-05,0.00425643,0.4,4,378,33,1024,374,378,197,132,20,20,10,1
479,20,0,1.6957e-05,0,0.00421981,1.96621e-05,0.00425643,0.2,4,696,39,1216,692,696,236,143,20,20,10,1
480,20,0,1.6957e-05,0,0.00421981,1.96621e-05,0.00425643,0.6,4,401,35,1088,397,401,249,194,20,20,10,1
481,20,0,1.6957e-05,0,0.00421981,1.96621e-05,0.00425643,0.1,4,631,35,1088,627,631,250,177,20,20,10,1
482,20,0,1.6957e-05,0,0.00421981,1.96621e-05,0.00425643,0.2,4,632,36,1120,628,632,248,177,20,20,10,1
483,20,0,1.6957e-05,0,0.00421981,1.96621e-05,0.00425643,0.2,4,955,43,1344,951,955,257,147,20,20,10,1
484,20,0,1.6957e-05,0,0.00421981,1.96621e-05,0.00425643,0.3,4,825,45,1408,821,825,257,165,20,20,10,1
485,20,0,1.6957e-05,0,0.00421981,1.96621e-05,0.00425643,0.5,4,462,27,832,458,462,205,151,20,20,10,1
486,20,0,1.6957e-05,0,0.00421981,1.96621e-05,0.00425643,0.5,4,940,47,1472,936,940,277,178,20,20,10,1
487,20,0,1.6957e-05,0,0.00421981,1.96621e-05,0.00425643,0.2,4,699,38,1184,695,699,228,140,20,20,10,1
488,20,0,1.6957e-05,0,0.00421981,1.96621e-05,0.00425643,0.3,4,561,28,864,557,561,211,155,20,20,10,1
489,20,0,1.6957e-05,0,0.00421981,1.96621e-05,0.00425643,0.1,4,1088,51,1600,1084,1088,288,158,20,20,10,1
490,20,0,1.6957e-05,0,0.00421981,1.96621e-05,0.00425643,0.1,4,715,34,1056,711,715,206,126,20,20,10,1
491,20,0,1.6957e-05,0,0.00421981,1.96621e-05,0.00425643,0.2,4,721,37,1152,717,721,245,173,20,20,10,1
492,20,0,1.6957e-05,0,0.00421981,1.96621e-05,0.00425643,0.2,4,674,35,1088,670,674,232,160,20,20,10,1
493,20,0,1.6957e-05,0,0.00421981,1.96621e-05,0.00425643,0.5,4,452,27,832,448,452,193,137,20,20,10,1
494,20,0,1.6957e-05,0,0.00421981,1.96621e-05,0.00425643,0.3,4,761,39,1216,757,761,226,133,20,20,10,1
495,20,0,1.6957e-05,0,0.00421981,1.96621e-05,0.00425643,0.3,4,527,34,1056,523,527,194,121,20,20,10,1
496,20,0,1.6957e-05,0,0.00421981,1.96621e-05,0.00425643,0.4,4,512,28,864,508,512,220,167,20,20,10,1
497,20,0,1.6957e-05,0,0.00421981,1.96621e-05,0.00425643,0.2,4,676,31,960,672,676,199,116,20,20,10,1
498,20,0,1.6957e-05,0,0.00421981,1.96621e-05,0.00425643,0.1,4,615,33,1024,611,615,195,132,20,20,10,1
499,20,0,1.6957e-05,0,0.00421981,1.96621e-05,0.00425643,0.1,4,582,31,960,578,582,179,121,20,20,10,1
500,20,0,1.6957e-05,0,0.00421981,1.96621e-05,0.00425643,0,4,533,25,768,529,533,164,108,20,20,10,1
501,20,0,1.6957e-05,0,0.00421981,1.96621e-05,0.00425643,0.1,4,706,33,1024,702,706,225,137,20,20,10,1
502,20,0,1.6957e-05,0,0.00421981,1.96621e-05,0.00425643,0.6,4,446,29,896,442,446,208,157,20,20,10,1
503,20,0,1.6957e-05,0,0.00421981,1.96621e-05,0.00425643,0.3,4,723,34,1056,719,723,222,152,20,20,10,1
504,20,0,1.6957e-05,0,0.00421981,1.96621e-05,0.00425643,0.2,4,525,32,992,521,525,184,114,20,20,10,1
505,20,0,1.6957e-05,0,0.00421981,1.96621e-05,0.00425643,0.1,4,595,32,992,591,595,212,143,20,20,10,1
506,20,0,1.6957e-05,0,0.00421981,1.96621e-05,0.00425643,0.4,4,647,33,1024,643,647,191,112,20,20,10,1
507,20,0,1.6957e-05,0,0.00421981,1.96621e-05,0.00425643,0.2,4,760,43,1344,756,760,258,137,20,20,10,1
508,20,0,1.6957e-05,0,0.00421981,1.96621e-05,0.00425643,0,4,855,42,1312,851,855,229,119,20,20,10,1
509,20,0,1.6957e-05,0,0.00421981,1.96621e-05,0.00425643,0.1,4,577,34,1056,573,577,202,123,20,20,10,1
510,20,0,1.6957e-05,0,0.00421981,1.96621e-05,0.00425643,0.2,4,948,51,1600,944,948,324,204,20,20,10,1
511,20,0,1.6957e-05,0,0.00421981,1.96621e-05,0.00425643,0,4,655,29,896,651,655,205,132,20,20,10,1
512,20,1,8.72336e-06,0,0.00403384,2.76906e-05,0.00407025,0,4,805,41,1280,801,805,223,136,20,20,10,1
513,20,1,8.72336e-06,0,0.00403384,2.76906e-05,0.00407025,0,4,652,35,1088,648,652,192,122,20,20,10,1
514,20,1,8.72336e-06,0,0.00403384,2.76906e-05,0.00407025,0.1,4,422,32,992,418,422,204,138,20,20,10,1
515,20,1,8.72336e-06,0,0.00403384,2.76906e-05,0.00407025,0.1,4,590,29,896,586,590,169,112,20,20,10,1
516,20,1,8.72336e-06,0,0.00403384,2.76906e-05,0.00407025,0.2,4,911,47,1472,907,911,275,166,20,20,10,1
517,20,1,8.72336e-06,0,0.00403384,2.76906e-05,0.00407025,0.1,4,467,40,1248,463,467,201,141,20,20,10,1
518,20,1,8.72336e-06,0,0.00403384,2.76906e-05,0.00407025,0.2,4,399,27,832,395,399,150,96,20,20,10,1
519,20,1,8.72336e-06,0,0.00403384,2.76906e-05,0.00407025,0,4,807,38,1184,803,807,228,142,20,20,10,1
520,20,1,8.72336e-06,0,0.00403384,2.76906e-05,0.00407025,0.1,4,563,29,896,559,563,196,135,20,20,10,1
521,20,1,8.72336e-06,0,0.00403384,2.76906e-05,0.00407025,0.4,4,512,36,1120,508,512,270,211,20,20,10,1
522,20,1,8.72336e-06,0,0.00403384,2.76906e-05,0.00407025,0,4,589,32,992,585,589,245,177,20,20,10,1
523,20,1,8.72336e-06,0,0.00403384,2.76906e-05,0.00407025,0.4,4,670,35,1088,666,670,210,129,20,20,10,1
524,20,1,8.72336e-06,0,0.00403384,2.76906e-05,0.00407025,0.1,4,554,28,864,550,554,200,144,20,20,10,1
525,20,1,8.72336e-06,0,0.00403384,2.76906e-05,0.00407025,0.6,4,760,36,1120,756,760,213,141,20,20,10,1
526,20,1,8.72336e-06,0,0.00403384,2.76906e-05,0.00407025,0.3,4,491,30,928,487,491,201,130,20,20,10,1
527,20,1,8.72336e-06,0,0.00403384,2.76906e-05,0.00407025,0.4,4,591,35,1088,587,591,216,156,20,20,10,1
528,20,1,8.72336e-06,0,0.00403384,2.76906e-05,0.00407025,0,4,600,30,928,596,600,212,148,20,20,10,1
529,20,1,8.72336e-06,0,0.00403384,2.76906e-05,0.00407025,0,4,753,38,1184,749,753,259,181,20,20,10,1
530,20,1,8.72336e-06,0,0.00403384,2.76906e-05,0.00407025,0,4,568,29,896,564,568,223,160,20,20,10,1
531,20,1,8.72336e-06,0,0.00403384,2.76906e-05,0.00407025,0,4,1065,58,1824,1061,1065,308,154,20,20,10,1
532,20,1,8.72336e-06,0,0.00403384,2.76906e-05,0.00407025,0.4,4,417,36,1120,413,417,211,157,20,20,10,1
533,20,1,8.72336e-06,0,0.00403384,2.76906e-05,0.00407025,0.2,4,641,35,1088,637,641,220,150,20,20,10,1
534,20,1,8.72336e-06,0,0.00403384,2.76906e-05,0.00407025,0.1,4,726,36,1120,722,726,223,156,20,20,10,1
535,20,1,8.72336e-06,0,0.00403384,2.76906e-05,0.00407025,0.1,4,685,30,928,681,685,207,139,20,20,10,1
536,20,1,8.72336e-06,0,0.00403384,2.76906e-05,0.00407025,0.2,4,642,35,1088,638,642,235,150,20,20,10,1
537,20,1,8.72336e-06,0,0.00403384,2.76906e-05,0.00407025,0,4,801,37,1152,797,801,240,152,20,20,10,1
538,20,1,8.72336e-06,0,0.00403384,2.76906e-05,0.00407025,0,4,729,35,1088,725,729,204,131,20,20,10,1
539,20,1,8.72336e-06,0,0.00403384,2.76906e-05,0.00407025,0.1,4,780,37,1152,776,780,234,150,20,20,10,1
540,20,1,8.72336e-06,0,0.00403384,2.76906e-05,0.00407025,0.6,4,718,37,1152,714,718,224,137,20,20,10,1
541,20,1,8.72336e-06,0,0.00403384,2.76906e-05,0.00407025,0.1,4,807,37,1152,803,807,221,121,20,20,10,1
542,20,1,8.72336e-06,0,0.00403384,2.76906e-05,0.00407025,0,4,757,34,1056,753,757,230,164,20,20,10,1
543,20,1,8.72336e-06,0,0.00403384,2.76906e-05,0.00407025,0,4,650,35,1088,646,650,221,137,20,20,10,1
544,20,1,8.72336e-06,0,0.00403384,2.76906e-05,0.00407025,0.2,4,715,38,1184,711,715,214,120,20,20,10,1
545,20,1,8.72336e-06,0,0.00403384,2.76906e-05,0.00407025,0.2,4,730,37,1152,726,730,239,155,20,20,10,1
546,20,1,8.72336e-06,0,0.00403384,2.76906e-05,0.00407025,0,4,762,36,1120,758,762,200,133,20,20,10,1
547,20,1,8.72336e-06,0,0.00403384,2.76906e-05,0.00407025,0,4,803,34,1056,799,803,236,148,20,20,10,1
548,20,1,8.72336e-06,0,0.00403384,2.76906e-05,0.00407025,0,4,659,35,1088,655,659,226,151,20,20,10,1
549,20,1,8.72336e-06,0,0.00403384,2.76906e-05,0.00407025,0.3,4,711,37,1152,707,711,197,117,20,20,10,1
550,20,1,8.72336e-06,0,0.00403384,2.76906e-05,0.00407025,0.1,4,577,34,1056,573,577,170,92,20,20,10,1
551,20,1,8.72336e-06,0,0.00403384,2.76906e-05,0.00407025,0.2,4,578,26,800,574,578,186,130,20,20,10,1
552,20,1,8.72336e-06,0,0.00403384,2.76906e-05,0.00407025,0.2,4,769,39,1216,765,769,232,140,20,20,10,1
553,20,1,8.72336e-06,0,0.00403384,2.76906e-05,0.00407025,0.2,4,731,35,1088,727,731,226,145,20,20,10,1
554,20,1,8.72336e-06,0,0.00403384,2.76906e-05,0.00407025,0,4,439,26,800,435,439,195,136,20,20,10,1
555,20,1,8.72336e-06,0,0.00403384,2.76906e-05,0.00407025,0.1,4,749,38,1184,745,749,252,169,20,20,10,1
556,20,1,8.72336e-06,0,0.00403384,2.76906e-05,0.00407025,0.2,4,855,44,1376,851,855,259,135,20,20,10,1
557,20,1,8.72336e-06,0,0.00403384,2.76906e-05,0.00407025,0.4,4,657,37,1152,653,657,253,162,20,20,10,1
558,20,1,8.72336e-06,0,0.00403384,2.76906e-05,0.00407025,0.2,4,474,23,704,470,474,128,91,20,20,10,1
559,20,1,8.72336e-06,0,0.00403384,2.76906e-05,0.00407025,0.3,4,741,36,1120,737,741,241,161,20,20,10,1
560,20,1,8.72336e-06,0,0.00403384,2.76906e-05,0.00407025,0,4,799,43,1344,795,799,271,179,20,20,10,1
561,20,1,8.72336e-06,0,0.00403384,2.76906e-05,0.00407025,0.3,4,558,28,864,554,558,205,155,20,20,10,1
562,20,1,8.72336e-06,0,0.00403384,2.76906e-05,0.00407025,0.1,4,545,31,960,541,545,172,110,20,20,10,1
563,20,1,8.72336e-06,0,0.00403384,2.76906e-05,0.00407025,0,4,705,33,1024,701,705,181,103,20,20,10,1
564,20,1,8.72336e-06,0,0.00403384,2.76906e-05,0.00407025,0.2,4,775,40,1248,771,775,270,160,20,20,10,1
565,20,1,8.72336e-06,0,0.00403384,2.76906e-05,0.00407025,0.1,4,913,44,1376,909,913,260,147,20,20,10,1
566,20,1,8.72336e-06,0,0.00403384,2.76906e-05,0.00407025,0.1,4,913,49,1536,909,913,259,157,20,20,10,1
567,20,1,8.72336e-06,0,0.00403384,2.76906e-05,0.00407025,0.2,4,535,27,832,531,535,194,138,20,20,10,1
568,20,1,8.72336e-06,0,0.00403384,2.76906e-05,0.00407025,0.3,4,769,34,1056,765,769,210,133,20,20,10,1
569,20,1,8.72336e-06,0,0.00403384,2.76906e-05,0.00407025,0.6,4,686,42,1312,682,686,282,193,20,20,10,1
570,20,1,8.72336e-06,0,0.00403384,2.76906e-05,0.00407025,0.4,4,723,34,1056,719,723,249,173,20,20,10,1
571,20,1,8.72336e-06,0,0.00403384,2.76906e-05,0.00407025,0.1,4,622,28,864,618,622,181,120,20,20,10,1
572,20,1,8.72336e-06,0,0.00403384,2.76906e-05,0.00407025,0.4,4,645,32,992,641,645,204,143,20,20,10,1
573,20,1,8.72336e-06,0,0.00403384,2.76906e-05,0.00407025,0,4,827,38,1184,823,827,224,140,20,20,10,1
574,20,1,8.72336e-06,0,0.00403384,2.76906e-05,0.00407025,0.2,4,636,34,1056,632,636,173,93,20,20,10,1
575,20,1,8.72336e-06,0,0.00403384,2.76906e-05,0.00407025,0.1,4,581,27,832,577,581,173,103,20,20,10,1
576,20,1,8.72336e-06,0,0.00403384,2.76906e-05,0.00407025,0.1,4,734,36,1120,730,734,193,102,20,20,10,1
577,20,1,8.72336e-06,0,0.00403384,2.76906e-05,0.00407025,0.3,4,708,33,1024,704,708,252,186,20,20,10,1
578,20,1,8.72336e-06,0,0.00403384,2.76906e-05,0.00407025,0.3,4,690,35,1088,686,690,226,153,20,20,10,1
579,20,1,8.72336e-06,0,0.00403384,2.76906e-05,0.00407025,0.1,4,824,44,1376,820,824,302,207,20,20,10,1
580,20,1,8.72336e-06,0,0.00403384,2.76906e-05,0.00407025,0.2,4,787,38,1184,783,787,207,130,20,20,10,1
581,20,1,8.72336e-06,0,0.00403384,2.76906e-05,0.00407025,0.2,4,535,27,832,531,535,196,146,20,20,10,1
582,20,1,8.72336e-06,0,0.00403384,2.76906e-05,0.00407025,0.1,4,546,31,960,542,546,201,135,20,20,10,1
583,20,1,8.72336e-06,0,0.00403384,2.76906e-05,0.00407025,0,4,556,27,832,552,556,162,104,20,20,10,1
584,20,1,8.72336e-06,0,0.00403384,2.76906e-05,0.00407025,0.1,4,855,38,1184,851,855,209,125,20,20,10,1
585,20,1,8.72336e-06,0,0.00403384,2.76906e-05,0.00407025,0.2,4,531,31,960,527,531,204,136,20,20,10,1
586,20,1,8.72336e-06,0,0.00403384,2.76906e-05,0.00407025,0.3,4,489,24,736,485,489,163,106,20,20,10,1
587,20,1,8.72336e-06,0,0.00403384,2.76906e-05,0.00407025,0.1,4,696,32,992,692,696,176,104,20,20,10,1
588,20,1,8.72336e-06,0,0.00403384,2.76906e-05,0.00407025,0,4,758,34,1056,754,758,207,126,20,20,10,1
589,20,1,8.72336e-06,0,0.00403384,2.76906e-05,0.00407025,0,4,731,38,1184,727,731,205,129,20,20,10,1
590,20,1,8.72336e-06,0,0.00403384,2.76906e-05,0.00407025,0.1,4,695,38,1184,691,695,248,168,20,20,10,1
591,20,1,8.72336e-06,0,0.00403384,2.76906e-05,0.00407025,0.3,4,588,31,960,584,588,174,96,20,20,10,1
592,20,1,8.72336e-06,0,0.00403384,2.76906e-05,0.00407025,0.2,4,875,43,1344,871,875,236,141,20,20,10,1
593,20,1,8.72336e-06,0,0.00403384,2.76906e-05,0.00407025,0.2,4,602,34,1056,598,602,224,143,20,20,10,1
594,20,1,8.72336e-06,0,0.00403384,2.76906e-05,0.00407025,0.2,4,554,38,1184,550,554,224,142,20,20,10,1
595,20,1,8.72336e-06,0,0.00403384,2.76906e-05,0.00407025,0.4,4,528,30,928,524,528,196,140,20,20,10,1
596,20,1,8.72336e-06,0,0.00403384,2.76906e-05,0.00407025,0.4,4,599,33,1024,595,599,196,127,20,20,10,1
597,20,1,8.72336e-06,0,0.00403384,2.76906e-05,0.00407025,0.5,4,573,30,928,569,573,216,148,20,20,10,1
598,20,1,8.72336e-06,0,0.00403384,2.76906e-05,0.00407025,0.4,4,663,34,1056,659,663,194,118,20,20,10,1
599,20,1,8.72336e-06,0,0.00403384,2.76906e-05,0.00407025,0.3,4,669,34,1056,665,669,229,147,20,20,10,1
600,20,1,8.72336e-06,0,0.00403384,2.76906e-05,0.00407025,0.1,4,538,28,864,534,538,216,159,20,20,10,1
601,20,1,8.72336e-06,0,0.00403384,2.76906e-05,0.00407025,0.5,4,580,26,800,576,580,179,117,20,20,10,1
602,20,1,8.72336e-06,0,0.00403384,2.76906e-05,0.00407025,0.1,4,839,44,1376,835,839,263,165,20,20,10,1
603,20,1,8.72336e-06,0,0.00403384,2.76906e-05,0.00407025,0,4,648,31,960,644,648,228,155,20,20,10,1
604,20,1,8.72336e-06,0,0.00403384,2.76906e-05,0.00407025,0,4,638,29,896,634,638,153,94,20,20,10,1
605,20,1,8.72336e-06,0,0.00403384,2.76906e-05,0.00407025,0.3,4,659,33,1024,655,659,224,155,20,20,10,1
606,20,1,8.72336e-06,0,0.00403384,2.76906e-05,0.00407025,0.2,4,629,30,928,625,629,196,122,20,20,10,1
607,20,1,8.72336e-06,0,0.00403384,2.76906e-05,0.00407025,0.2,4,758,37,1152,754,758,259,173,20,20,10,1
608,20,1,8.72336e-06,0,0.00403384,2.76906e-05,0.00407025,0.1,4,626,31,960,622,626,197,138,20,20,10,1
609,20,1,8.72336e-06,0,0.00403384,2.76906e-05,0.00407025,0.2,4,570,31,960,566,570,214,144,20,20,10,1
610,20,1,8.72336e-06,0,0.00403384,2.76906e-05,0.00407025,0.2,4,827,38,1184,823,827,231,137,20,20,10,1
611,20,1,8.72336e-06,0,0.00403384,2.76906e-05,0.00407025,0.2,4,675,31,960,671,675,194,126,20,20,10,1
612,20,1,8.72336e-06,0,0.00403384,2.76906e-05,0.00407025,0.1,4,997,54,1696,993,997,272,134,20,20,10,1
613,20,1,8.72336e-06,0,0.00403384,2.76906e-05,0.00407025,0,4,556,31,960,552,556,199,126,20,20,10,1
614,20,1,8.72336e-06,0,0.00403384,2.76906e-05,0.00407025,0.1,4,448,25,768,444,448,160,106,20,20,10,1
615,20,1,8.72336e-06,0,0.00403384,2.76906e-05,0.00407025,0.1,4,918,46,1440,914,918,257,158,20,20,10,1
616,20,1,8.72336e-06,0,0.00403384,2.76906e-05,0.00407025,0.2,4,841,41,1280,837,841,250,160,20,20,10,1
617,20,1,8.72336e-06,0,0.00403384,2.76906e-05,0.00407025,0.1,4,732,35,1088,728,732,224,131,20,20,10,1
618,20,1,8.72336e-06,0,0.00403384,2.76906e-05,0.00407025,0,4,957,48,1504,953,957,314,193,20,20,10,1
619,20,1,8.72336e-06,0,0.00403384,2.76906e-05,0.00407025,0.1,4,499,24,736,495,499,142,95,20,20,10,1
620,20,1,8.72336e-06,0,0.00403384,2.76906e-05,0.00407025,0,4,618,33,1024,614,618,198,126,20,20,10,1
621,20,1,8.72336e-06,0,0.00403384,2.76906e-05,0.00407025,0.4,4,586,31,960,582,586,235,170,20,20,10,1
622,20,1,8.72336e-06,0,0.00403384,2.76906e-05,0.00407025,0.1,4,508,30,928,504,508,201,139,20,20,10,1
623,20,1,8.72336e-06,0,0.00403384,2.76906e-05,0.00407025,0.5,4,414,32,992,410,414,197,136,20,20,10,1
624,20,1,8.72336e-06,0,0.00403384,2.76906e-05,0.00407025,0.6,4,652,35,1088,648,652,204,138,20,20,10,1
625,20,1,8.72336e-06,0,0.00403384,2.76906e-05,0.00407025,0.3,4,329,33,1024,325,329,189,122,20,20,10,1
626,20,1,8.72336e-06,0,0.00403384,2.76906e-05,0.00407025,0.2,4,633,37,1152,629,633,259,195,20,20,10,1
627,20,1,8.72336e-06,0,0.00403384,2.76906e-05,0.00407025,0.2,4,504,33,1024,500,504,204,132,20,20,10,1
628,20,1,8.72336e-06,0,0.00403384,2.76906e-05,0.00407025,0.5,4,274,24,736,270,274,157,114,20,20,10,1
629,20,1,8.72336e-06,0,0.00403384,2.76906e-05,0.00407025,0.4,4,367,27,832,363,367,209,164,20,20,10,1
630,20,1,8.72336e-06,0,0.00403384,2.76906e-05,0.00407025,0.6,4,681,45,1408,677,681,317,233,20,20,10,1
631,20,1,8.72336e-06,0,0.00403384,2.76906e-05,0.00407025,0.1,4,462,38,1184,458,462,255,177,20,20,10,1
632,20,1,8.72336e-06,0,0.00403384,2.76906e-05,0.00407025,0.6,4,450,31,960,446,450,230,179,20,20,10,1
633,20,1,8.72336e-06,0,0.00403384,2.76906e-05,0.00407025,0.5,4,376,34,1056,372,376,233,176,20,20,10,1
634,20,1,8.72336e-06,0,0.00403384,2.76906e-05,0.00407025,0.5,4,404,30,928,400,404,222,168,20,20,10,1
635,20,1,8.72336e-06,0,0.00403384,2.76906e-05,0.00407025,0.3,4,548,35,1088,544,548,249,191,20,20,10,1
636,20,1,8.72336e-06,0,0.00403384,2.76906e-05,0.00407025,0.3,4,562,40,1248,558,562,208,126,20,20,10,1
637,20,1,8.72336e-06,0,0.00403384,2.76906e-05,0.00407025,0.1,4,507,30,928,503,507,182,131,20,20,10,1
638,20,1,8.72336e-06,0,0.00403384,2.76906e-05,0.00407025,0.5,4,557,31,960,553,557,243,182,20,20,10,1
639,20,1,8.72336e-06,0,0.00403384,2.76906e-05,0.00407025,0.7,4,391,29,896,387,391,205,155,20,20,10,1
640,20,1,8.72336e-06,0,0.00403384,2.76906e-05,0.00407025,0.3,4,623,33,1024,619,623,235,175,20,20,10,1
641,20,1,8.72336e-06,0,0.00403384,2.76906e-05,0.00407025,0.1,4,500,27,832,496,500,216,168,20,20,10,1
642,20,1,8.72336e-06,0,0.00403384,2.76906e-05,0.00407025,0.6,4,408,31,960,404,408,229,171,20,20,10,1
643,20,1,8.72336e-06,0,0.00403384,2.76906e-05,0.00407025,0.4,4,568,31,960,564,568,174,104,20,20,10,1
644,20,1,8.72336e-06,0,0.00403384,2.76906e-05,0.00407025,0.2,4,426,24,736,422,426,152,105,20,20,10,1
645,20,1,8.72336e-06,0,0.00403384,2.76906e-05,0.00407025,0,4,575,28,864,571,575,186,129,20,20,10,1
646,20,1,8.72336e-06,0,0.00403384,2.76906e-05,0.00407025,0.2,4,543,27,832,539,543,175,135,20,20,10,1
647,20,1,8.72336e-06,0,0.00403384,2.76906e-05,0.00407025,0,4,785,39,1216,781,785,219,117,20,20,10,1
648,20,1,8.72336e-06,0,0.00403384,2.76906e-05,0.00407025,0.3,4,435,26,800,431,435,161,106,20,20,10,1
649,20,1,8.72336e-06,0,0.00403384,2.76906e-05,0.00407025,0.1,4,797,38,1184,793,797,267,182,20,20,10,1
650,20,1,8.72336e-06,0,0.00403384,2.76906e-05,0.00407025,0.4,4,858,44,1376,854,858,251,151,20,20,10,1
651,20,1,8.72336e-06,0,0.00403384,2.76906e-05,0.00407025,0.2,4,612,35,1088,608,612,270,197,20,20,10,1
652,20,1,8.72336e-06,0,0.00403384,2.76906e-05,0.00407025,0.2,4,473,28,864,469,473,221,170,20,20,10,1
653,20,1,8.72336e-06,0,0.00403384,2.76906e-05,0.00407025,0.3,4,610,36,1120,606,610,192,124,20,20,10,1
654,20,1,8.72336e-06,0,0.00403384,2.76906e-05,0.00407025,0,4,437,29,896,433,437,178,125,20,20,10,1
655,20,1,8.72336e-06,0,0.00403384,2.76906e-05,0.00407025,0.3,4,703,36,1120,699,703,244,169,20,20,10,1
656,20,1,8.72336e-06,0,0.00403384,2.76906e-05,0.00407025,0.2,4,475,25,768,471,475,175,123,20,20,10,1
657,20,1,8.72336e-06,0,0.00403384,2.76906e-05,0.00407025,0.1,4,515,27,832,511,515,173,117,20,20,10,1
658,20,1,8.72336e-06,0,0.00403384,2.76906e-05,0.00407025,0.4,4,322,27,832,318,322,209,159,20,20,10,1
659,20,1,8.72336e-06,0,0.00403384,2.76906e-05,0.00407025,0.3,4,576,34,1056,572,576,238,173,20,20,10,1
660,20,1,8.72336e-06,0,0.00403384,2.76906e-05,0.00407025,0.3,4,715,45,1408,711,715,274,172,20,20,10,1
661,20,1,8.72336e-06,0,0.00403384,2.76906e-05,0.00407025,0.2,4,867,43,1344,863,867,233,129,20,20,10,1
662,20,1,8.72336e-06,0,0.00403384,2.76906e-05,0.00407025,0.1,4,643,39,1216,639,643,194,128,20,20,10,1
663,20,1,8.72336e-06,0,0.00403384,2.76906e-05,0.00407025,0.3,4,599,35,1088,595,599,216,141,20,20,10,1
664,20,1,8.72336e-06,0,0.00403384,2.76906e-05,0.00407025,0.1,4,726,39,1216,722,726,246,149,20,20,10,1
665,20,1,8.72336e-06,0,0.00403384,2.76906e-05,0.00407025,0.3,4,755,39,1216,751,755,248,166,20,20,10,1
666,20,1,8.72336e-06,0,0.00403384,2.76906e-05,0.00407025,0,4,759,36,1120,755,759,225,135,20,20,10,1
667,20,1,8.72336e-06,0,0.00403384,2.76906e-05,0.00407025,0.1,4,652,36,1120,648,652,247,174,20,20,10,1
668,20,1,8.72336e-06,0,0.00403384,2.76906e-05,0.00407025,0.4,4,442,26,800,438,442,186,131,20,20,10,1
669,20,1,8.72336e-06,0,0.00403384,2.76906e-05,0.00407025,0,4,739,35,1088,735,739,234,152,20,20,10,1
670,20,1,8.72336e-06,0,0.00403384,2.76906e-05,0.00407025,0,4,442,30,928,438,442,167,100,20,20,10,1
671,20,1,8.72336e-06,0,0.00403384,2.76906e-05,0.00407025,0.1,4,565,31,960,561,565,222,165,20,20,10,1
672,20,1,8.72336e-06,0,0.00403384,2.76906e-05,0.00407025,0.6,4,516,32,992,512,516,240,179,20,20,10,1
673,20,1,8.72336e-06,0,0.00403384,2.76906e-05,0.00407025,0.4,4,531,29,896,527,531,207,138,20,20,10,1
674,20,1,8.72336e-06,0,0.00403384,2.76906e-05,0.00407025,0.2,4,476,28,864,472,476,219,160,20,20,10,1
675,20,1,8.72336e-06,0,0.00403384,2.76906e-05,0.00407025,0.3,4,557,29,896,553,557,184,129,20,20,10,1
676,20,1,8.72336e-06,0,0.00403384,2.76906e-05,0.00407025,0.2,4,714,40,1248,710,714,236,146,20,20,10,1
677,20,1,8.72336e-06,0,0.00403384,2.76906e-05,0.00407025,0.5,4,473,28,864,469,473,219,161,20,20,10,1
678,20,1,8.72336e-06,0,0.00403384,2.76906e-05,0.00407025,0.1,4,504,35,1088,500,504,207,147,20,20,10,1
679,20,1,8.72336e-06,0,0.00403384,2.76906e-05,0.00407025,0,4,558,30,928,554,558,180,108,20,20,10,1
680,20,1,8.72336e-06,0,0.00403384,2.76906e-05,0.00407025,0.1,4,528,27,832,524,528,178,110,20,20,10,1
681,20,1,8.72336e-06,0,0.00403384,2.76906e-05,0.00407025,0.5,4,527,30,928,523,527,159,87,20,20,10,1
682,20,1,8.72336e-06,0,0.00403384,2.76906e-05,0.00407025,0.5,4,582,32,992,578,582,203,128,20,20,10,1
683,20,1,8.72336e-06,0,0.00403384,2.76906e-05,0.00407025,0.1,4,503,27,832,499,503,176,116,20,20,10,1
684,20,1,8.72336e-06,0,0.00403384,2.76906e-05,0.00407025,0.4,4,425,27,832,421,425,172,133,20,20,10,1
685,20,1,8.72336e-06,0,0.00403384,2.76906e-05,0.00407025,0.1,4,992,46,1440,988,992,275,146,20,20,10,1
686,20,1,8.72336e-06,0,0.00403384,2.76906e-05,0.00407025,0.5,4,429,27,832,425,429,195,150,20,20,10,1
687,20,1,8.72336e-06,0,0.00403384,2.76906e-05,0.00407025,0.3,4,504,27,832,500,504,212,159,20,20,10,1
688,20,1,8.72336e-06,0,0.00403384,2.76906e-05,0.00407025,0.5,4,579,33,1024,575,579,208,138,20,20,10,1
689,20,1,8.72336e-06,0,0.00403384,2.76906e-05,0.00407025,0.7,4,590,36,1120,586,590,249,176,20,20,10,1
690,20,1,8.72336e-06,0,0.00403384,2.76906e-05,0.00407025,0.2,4,804,43,1344,800,804,228,123,20,20,10,1
691,20,1,8.72336e-06,0,0.00403384,2.76906e-05,0.00407025,0.1,4,699,40,1248,695,699,227,139,20,20,10,1
692,20,1,8.72336e-06,0,0.00403384,2.76906e-05,0.00407025,0.4,4,490,26,800,486,490,187,131,20,20,10,1
693,20,1,8.72336e-06,0,0.00403384,2.76906e-05,0.00407025,0.1,4,648,32,992,644,648,198,132,20,20,10,1
694,20,1,8.72336e-06,0,0.00403384,2.76906e-05,0.00407025,0.3,4,655,36,1120,651,655,259,181,20,20,10,1
695,20,1,8.72336e-06,0,0.00403384,2.76906e-05,0.00407025,0.1,4,660,35,1088,656,660,249,175,20,20,10,1
696,20,1,8.72336e-06,0,0.00403384,2.76906e-05,0.00407025,0.3,4,505,33,1024,501,505,186,111,20,20,10,1
697,20,1,8.72336e-06,0,0.00403384,2.76906e-05,0.00407025,0.5,4,423,30,928,419,423,219,182,20,20,10,1
698,20,1,8.72336e-06,0,0.00403384,2.76906e-05,0.00407025,0.3,4,528,35,1088,524,528,264,194,20,20,10,1
699,20,1,8.72336e-06,0,0.00403384,2.76906e-05,0.00407025,0.6,4,500,36,1120,496,500,236,169,20,20,10,1
700,20,1,8.72336e-06,0,0.00403384,2.76906e-05,0.00407025,0.5,4,463,32,992,459,463,198,133,20,20,10,1
701,20,1,8.72336e-06,0,0.00403384,2.76906e-05,0.00407025,0,4,784,37,1152,780,784,205,125,20,20,10,1
702,20,1,8.72336e-06,0,0.00403384,2.76906e-05,0.00407025,0.3,4,600,33,1024,596,600,211,139,20,20,10,1
703,20,1,8.72336e-06,0,0.00403384,2.76906e-05,0.00407025,0.1,4,680,31,960,676,680,194,124,20,20,10,1
704,20,1,8.72336e-06,0,0.00403384,2.76906e-05,0.00407025,0.4,4,565,30,928,561,565,168,109,20,20,10,1
705,20,1,8.72336e-06,0,0.00403384,2.76906e-05,0.00407025,0.1,4,629,37,1152,625,629,210,129,20,20,10,1
706,20,1,8.72336e-06,0,0.00403384,2.76906e-05,0.00407025,0.3,4,549,31,960,545,549,147,87,20,20,10,1
707,20,1,8.72336e-06,0,0.00403384,2.76906e-05,0.00407025,0,4,576,33,1024,572,576,191,120,20,20,10,1
708,20,1,8.72336e-06,0,0.00403384,2.76906e-05,0.00407025,0.3,4,615,38,1184,611,615,213,130,20,20,10,1
709,20,1,8.72336e-06,0,0.00403384,2.76906e-05,0.00407025,0.2,4,553,33,1024,549,553,228,156,20,20,10,1
710,20,1,8.72336e-06,0,0.00403384,2.76906e-05,0.00407025,0.3,4,525,26,800,521,525,182,123,20,20,10,1
711,20,1,8.72336e-06,0,0.00403384,2.76906e-05,0.00407025,0,4,783,36,1120,779,783,209,122,20,20,10,1
712,20,1,8.72336e-06,0,0.00403384,2.76906e-05,0.00407025,0.2,4,585,29,896,581,585,195,144,20,20,10,1
713,20,1,8.72336e-06,0,0.00403384,2.76906e-05,0.00407025,0,4,754,38,1184,750,754,207,133,20,20,10,1
714,20,1,8.72336e-06,0,0.00403384,2.76906e-05,0.00407025,0,4,803,36,1120,799,803,213,139,20,20,10,1
715,20,1,8.72336e-06,0,0.00403384,2.76906e-05,0.00407025,0,4,780,36,1120,776,780,229,113,20,20,10,1
716,20,1,8.72336e-06,0,0.00403384,2.76906e-05,0.00407025,0.2,4,560,30,928,556,560,238,173,20,20,10,1
717,20,1,8.72336e-06,0,0.00403384,2.76906e-05,0.00407025,0,4,800,41,1280,796,800,267,183,20,20,10,1
718,20,1,8.72336e-06,0,0.00403384,2.76906e-05,0.00407025,0.2,4,784,40,1248,780,784,223,134,20,20,10,1
719,20,1,8.72336e-06,0,0.00403384,2.76906e-05,0.00407025,0.1,4,724,34,1056,720,724,215,124,20,20,10,1
720,20,1,8.72336e-06,0,0.00403384,2.76906e-05,0.00407025,0,4,543,27,832,539,543,185,127,20,20,10,1
721,20,1,8.72336e-06,0,0.00403384,2.76906e-05,0.00407025,0.3,4,828,43,1344,824,828,238,148,20,20,10,1
722,20,1,8.72336e-06,0,0.00403384,2.76906e-05,0.00407025,0.1,4,679,30,928,675,679,198,124,20,20,10,1
723,20,1,8.72336e-06,0,0.00403384,2.76906e-05,0.00407025,0,4,774,39,1216,770,774,245,144,20,20,10,1
724,20,1,8.72336e-06,0,0.00403384,2.76906e-05,0.00407025,0.1,4,705,35,1088,701,705,250,167,20,20,10,1
725,20,1,8.72336e-06,0,0.00403384,2.76906e-05,0.00407025,0,4,530,29,896,526,530,213,151,20,20,10,1
726,20,1,8.72336e-06,0,0.00403384,2.76906e-05,0.00407025,0.3,4,509,25,768,505,509,195,144,20,20,10,1
727,20,1,8.72336e-06,0,0.00403384,2.76906e-05,0.00407025,0.2,4,812,39,1216,808,812,247,159,20,20,10,1
728,20,1,8.72336e-06,0,0.00403384,2.76906e-05,0.00407025,0,4,766,36,1120,762,766,240,151,20,20,10,1
729,20,1,8.72336e-06,0,0.00403384,2.76906e-05,0.00407025,0.2,4,739,36,1120,735,739,230,150,20,20,10,1
730,20,1,8.72336e-06,0,0.00403384,2.76906e-05,0.00407025,0.1,4,869,41,1280,865,869,253,140,20,20,10,1
731,20,1,8.72336e-06,0,0.00403384,2.76906e-05,0.00407025,0,4,708,42,1312,704,708,216,108,20,20,10,1
732,20,1,8.72336e-06,0,0.00403384,2.76906e-05,0.00407025,0.3,4,521,36,1120,517,521,222,125,20,20,10,1
733,20,1,8.72336e-06,0,0.00403384,2.76906e-05,0.00407025,0,4,481,38,1184,477,481,231,173,20,20,10,1
734,20,1,8.72336e-06,0,0.00403384,2.76906e-05,0.00407025,0,4,878,46,1440,874,878,251,128,20,20,10,1
735,20,1,8.72336e-06,0,0.00403384,2.76906e-05,0.00407025,0,4,810,37,1152,806,810,230,150,20,20,10,1
736,20,1,8.72336e-06,0,0.00403384,2.76906e-05,0.00407025,0,4,812,39,1216,808,812,274,185,20,20,10,1
737,20,1,8.72336e-06,0,0.00403384,2.76906e-05,0.00407025,0,4,815,39,1216,811,815,234,144,20,20,10,1
738,20,1,8.72336e-06,0,0.00403384,2.76906e-05,0.00407025,0.2,4,608,33,1024,604,608,232,163,20,20,10,1
739,20,1,8.72336e-06,0,0.00403384,2.76906e-05,0.00407025,0.2,4,549,28,864,545,549,204,143,20,20,10,1
740,20,1,8.72336e-06,0,0.00403384,2.76906e-05,0.00407025,0.1,4,763,41,1280,759,763,291,198,20,20,10,1
741,20,1,8.72336e-06,0,0.00403384,2.76906e-05,0.00407025,0,4,1080,52,1632,1076,1080,305,167,20,20,10,1
742,20,1,8.72336e-06,0,0.00403384,2.76906e-05,0.00407025,0.2,4,519,27,832,515,519,211,165,20,20,10,1
743,20,1,8.72336e-06,0,0.00403384,2.76906e-05,0.00407025,0.4,4,467,27,832,463,467,210,144,20,20,10,1
744,20,1,8.72336e-06,0,0.00403384,2.76906e-05,0.00407025,0,4,1006,47,1472,1002,1006,254,128,20,20,10,1
745,20,1,8.72336e-06,0,0.00403384,2.76906e-05,0.00407025,0.3,4,863,47,1472,859,863,340,220,20,20,10,1
746,20,1,8.72336e-06,0,0.00403384,2.76906e-05,0.00407025,0,4,699,42,1312,695,699,242,137,20,20,10,1
747,20,1,8.72336e-06,0,0.00403384,2.76906e-05,0.00407025,0.1,4,635,33,1024,631,635,197,115,20,20,10,1
748,20,1,8.72336e-06,0,0.00403384,2.76906e-05,0.00407025,0,4,727,36,1120,723,727,240,162,20,20,10,1
749,20,1,8.72336e-06,0,0.00403384,2.76906e-05,0.00407025,0.4,4,736,41,1280,732,736,250,160,20,20,10,1
750,20,1,8.72336e-06,0,0.00403384,2.76906e-05,0.00407025,0.1,4,705,37,1152,701,705,260,178,20,20,10,1
751,20,1,8.72336e-06,0,0.00403384,2.76906e-05,0.00407025,0,4,657,32,992,653,657,195,134,20,20,10,1
752,20,1,8.72336e-06,0,0.00403384,2.76906e-05,0.00407025,0.3,4,643,35,1088,639,643,239,149,20,20,10,1
753,20,1,8.72336e-06,0,0.00403384,2.76906e-05,0.00407025,0.1,4,544,30,928,540,544,171,101,20,20,10,1
754,20,1,8.72336e-06,0,0.00403384,2.76906e-05,0.00407025,0.1,4,575,31,960,571,575,196,134,20,20,10,1
755,20,1,8.72336e-06,0,0.00403384,2.76906e-05,0.00407025,0.2,4,477,27,832,473,477,184,132,20,20,10,1
756,20,1,8.72336e-06,0,0.00403384,2.76906e-05,0.00407025,0,4,522,26,800,518,522,166,107,20,20,10,1
757,20,1,8.72336e-06,0,0.00403384,2.76906e-05,0.00407025,0.6,4,678,39,1216,674,678,261,173,20,20,10,1
758,20,1,8.72336e-06,0,0.00403384,2.76906e-05,0.00407025,0.4,4,504,30,928,500,504,208,152,20,20,10,1
759,20,1,8.72336e-06,0,0.00403384,2.76906e-05,0.00407025,0.2,4,607,31,960,603,607,240,168,20,20,10,1
760,20,1,8.72336e-06,0,0.00403384,2.76906e-05,0.00407025,0.1,4,548,25,768,544,548,169,114,20,20,10,1
761,20,1,8.72336e-06,0,0.00403384,2.76906e-05,0.00407025,0.6,4,372,28,864,368,372,166,114,20,20,10,1
762,20,1,8.72336e-06,0,0.00403384,2.76906e-05,0.00407025,0.1,4,438,30,928,434,438,223,172,20,20,10,1
763,20,1,8.72336e-06,0,0.00403384,2.76906e-05,0.00407025,0.1,4,733,33,1024,729,733,201,110,20,20,10,1
764,20,1,8.72336e-06,0,0.00403384,2.76906e-05,0.00407025,0.2,4,726,43,1344,722,726,293,199,20,20,10,1
765,20,1,8.72336e-06,0,0.00403384,2.76906e-05,0.00407025,0.2,4,631,42,1312,627,631,278,191,20,20,10,1
766,20,1,8.72336e-06,0,0.00403384,2.76906e-05,0.00407025,0.4,4,425,26,800,421,425,208,153,20,20,10,1
767,20,1,8.72336e-06,0,0.00403384,2.76906e-05,0.00407025,0.3,4,430,25,768,426,430,181,135,20,20,10,1
768,20,1,8.72336e-06,0,0.00403384,2.76906e-05,0.00407025,0.2,4,574,26,800,570,574,197,136,20,20,10,1
769,20,1,8.72336e-06,0,0.00403384,2.76906e-05,0.00407025,0.4,4,638,38,1184,634,638,230,151,20,20,10,1
770,20,1,8.72336e-06,0,0.00403384,2.76906e-05,0.00407025,0.2,4,606,30,928,602,606,202,139,20,20,10,1
771,20,1,8.72336e-06,0,0.00403384,2.76906e-05,0.00407025,0.2,4,757,37,1152,753,757,241,160,20,20,10,1
772,20,1,8.72336e-06,0,0.00403384,2.76906e-05,0.00407025,0.1,4,724,34,1056,720,724,209,124,20,20,10,1
773,20,1,8.72336e-06,0,0.00403384,2.76906e-05,0.00407025,0.2,4,533,27,832,529,533,172,106,20,20,10,1
774,20,1,8.72336e-06,0,0.00403384,2.76906e-05,0.00407025,0.2,4,453,29,896,449,453,256,213,20,20,10,1
775,20,1,8.72336e-06,0,0.00403384,2.76906e-05,0.00407025,0.2,4,892,43,1344,888,892,268,149,20,20,10,1
776,20,1,8.72336e-06,0,0.00403384,2.76906e-05,0.00407025,0.1,4,630,39,1216,626,630,225,148,20,20,10,1
777,20,1,8.72336e-06,0,0.00403384,2.76906e-05,0.00407025,0.2,4,532,30,928,528,532,215,153,20,20,10,1
778,20,1,8.72336e-06,0,0.00403384,2.76906e-05,0.00407025,0.3,4,605,30,928,601,605,184,102,20,20,10,1
779,20,1,8.72336e-06,0,0.00403384,2.76906e-05,0.00407025,0.5,4,669,37,1152,665,669,238,158,20,20,10,1
780,20,1,8.72336e-06,0,0.00403384,2.76906e-05,0.00407025,0,4,669,30,928,665,669,196,118,20,20,10,1
781,20,1,8.72336e-06,0,0.00403384,2.76906e-05,0.00407025,0.3,4,597,31,960,593,597,224,149,20,20,10,1
782,20,1,8.72336e-06,0,0.00403384,2.76906e-05,0.00407025,0,4,722,39,1216,718,722,214,124,20,20,10,1
783,20,1,8.72336e-06,0,0.00403384,2.76906e-05,0.00407025,0.1,4,636,38,1184,632,636,201,132,20,20,10,1
784,20,1,8.72336e-06,0,0.00403384,2.76906e-05,0.00407025,0.2,4,561,33,1024,557,561,244,172,20,20,10,1
785,20,1,8.72336e-06,0,0.00403384,2.76906e-05,0.00407025,0.3,4,628,37,1152,624,628,245,182,20,20,10,1
786,20,1,8.72336e-06,0,0.00403384,2.76906e-05,0.00407025,0.1,4,682,37,1152,678,682,210,136,20,20,10,1
787,20,1,8.72336e-06,0,0.00403384,2.76906e-05,0.00407025,0,4,697,38,1184,693,697,228,146,20,20,10,1
788,20,1,8.72336e-06,0,0.00403384,2.76906e-05,0.00407025,0.2,4,604,32,992,600,604,224,150,20,20,10,1
789,20,1,8.72336e-06,0,0.00403384,2.76906e-05,0.00407025,0,4,651,33,1024,647,651,200,111,20,20,10,1
790,20,1,8.72336e-06,0,0.00403384,2.76906e-05,0.00407025,0.1,4,549,29,896,545,549,194,128,20,20,10,1
791,20,1,8.72336e-06,0,0.00403384,2.76906e-05,0.00407025,0.2,4,789,43,1344,785,789,264,143,20,20,10,1
792,20,1,8.72336e-06,0,0.00403384,2.76906e-05,0.00407025,0.1,4,512,25,768,508,512,170,114,20,20,10,1
793,20,1,8.72336e-06,0,0.00403384,2.76906e-05,0.00407025,0,4,903,43,1344,899,903,238,147,20,20,10,1
794,20,1,8.72336e-06,0,0.00403384,2.76906e-05,0.00407025,0.2,4,711,42,1312,707,711,238,145,20,20,10,1
795,20,1,8.72336e-06,0,0.00403384,2.76906e-05,0.00407025,0.5,4,848,43,1344,844,848,231,132,20,20,10,1
796,20,1,8.72336e-06,0,0.00403384,2.76906e-05,0.00407025,0.4,4,491,33,1024,487,491,236,178,20,20,10,1
797,20,1,8.72336e-06,0,0.00403384,2.76906e-05,0.00407025,0.8,4,563,35,1088,559,563,238,163,20,20,10,1
798,20,1,8.72336e-06,0,0.00403384,2.76906e-05,0.00407025,0.5,4,674,43,1344,670,674,283,195,20,20,10,1
799,20,1,8.72336e-06,0,0.00403384,2.76906e-05,0.00407025,0,4,731,37,1152,727,731,204,122,20,20,10,1
800,20,1,8.72336e-06,0,0.00403384,2.76906e-05,0.00407025,0.6,4,521,29,896,517,521,237,177,20,20,10,1
801,20,1,8.72336e-06,0,0.00403384,2.76906e-05,0.00407025,0.2,4,716,35,1088,712,716,260,182,20,20,10,1
802,20,1,8.72336e-06,0,0.00403384,2.76906e-05,0.00407025,0.3,4,528,30,928,524,528,209,143,20,20,10,1
803,20,1,8.72336e-06,0,0.00403384,2.76906e-05,0.00407025,0.3,4,731,39,1216,727,731,258,165,20,20,10,1
804,20,1,8.72336e-06,0,0.00403384,2.76906e-05,0.00407025,0.2,4,608,31,960,604,608,180,113,20,20,10,1
805,20,1,8.72336e-06,0,0.00403384,2.76906e-05,0.00407025,0.4,4,648,36,1120,644,648,230,150,20,20,10,1
806,20,1,8.72336e-06,0,0.00403384,2.76906e-05,0.00407025,0.3,4,486,37,1152,482,486,249,187,20,20,10,1
807,20,1,8.72336e-06,0,0.00403384,2.76906e-05,0.00407025,0.5,4,488,31,960,484,488,193,138,20,20,10,1
808,20,1,8.72336e-06,0,0.00403384,2.76906e-05,0.00407025,0.3,4,435,27,832,431,435,150,94,20,20,10,1
809,20,1,8.72336e-06,0,0.00403384,2.76906e-05,0.00407025,0.5,4,397,30,928,393,397,164,109,20,20,10,1
810,20,1,8.72336e-06,0,0.00403384,2.76906e-05,0.00407025,0.1,4,700,38,1184,696,700,244,148,20,20,10,1
811,20,1,8.72336e-06,0,0.00403384,2.76906e-05,0.00407025,0.2,4,705,39,1216,701,705,243,155,20,20,10,1
812,20,1,8.72336e-06,0,0.00403384,2.76906e-05,0.00407025,0,4,603,34,1056,599,603,223,142,20,20,10,1
813,20,1,8.72336e-06,0,0.00403384,2.76906e-05,0.00407025,0,4,732,33,1024,728,732,187,111,20,20,10,1
814,20,1,8.72336e-06,0,0.00403384,2.76906e-05,0.00407025,0.3,4,626,37,1152,622,626,222,140,20,20,10,1
815,20,1,8.72336e-06,0,0.00403384,2.76906e-05,0.00407025,0.1,4,637,36,1120,633,637,193,116,20,20,10,1
816,20,1,8.72336e-06,0,0.00403384,2.76906e-05,0.00407025,0.5,4,682,33,1024,678,682,197,116,20,20,10,1
817,20,1,8.72336e-06,0,0.00403384,2.76906e-05,0.00407025,0,4,426,25,768,422,426,158,106,20,20,10,1
818,20,1,8.72336e-06,0,0.00403384,2.76906e-05,0.00407025,0.1,4,663,39,1216,659,663,259,170,20,20,10,1
819,20,1,8.72336e-06,0,0.00403384,2.76906e-05,0.00407025,0.3,4,540,30,928,536,540,204,129,20,20,10,1
820,20,1,8.72336e-06,0,0.00403384,2.76906e-05,0.00407025,0.5,4,678,39,1216,674,678,241,158,20,20,10,1
821,20,1,8.72336e-06,0,0.00403384,2.76906e-05,0.00407025,0.2,4,542,28,864,538,542,200,140,20,20,10,1
822,20,1,8.72336e-06,0,0.00403384,2.76906e-05,0.00407025,0,4,756,37,1152,752,756,250,160,20,20,10,1
823,20,1,8.72336e-06,0,0.00403384,2.76906e-05,0.00407025,0,4,729,31,960,725,729,189,116,20,20,10,1
824,20,1,8.72336e-06,0,0.00403384,2.76906e-05,0.00407025,0.1,4,733,33,1024,729,733,217,132,20,20,10,1
825,20,1,8.72336e-06,0,0.00403384,2.76906e-05,0.00407025,0.3,4,595,32,992,591,595,182,112,20,20,10,1
826,20,1,8.72336e-06,0,0.00403384,2.76906e-05,0.00407025,0.1,4,549,27,832,545,549,172,115,20,20,10,1
827,20,1,8.72336e-06,0,0.00403384,2.76906e-05,0.00407025,0.2,4,910,51,1600,906,910,233,129,20,20,10,1
828,20,1,8.72336e-06,0,0.00403384,2.76906e-05,0.00407025,0.2,4,576,28,864,572,576,177,114,20,20,10,1
829,20,1,8.72336e-06,0,0.00403384,2.76906e-05,0.00407025,0.3,4,619,30,928,615,619,193,129,20,20,10,1
830,20,1,8.72336e-06,0,0.00403384,2.76906e-05,0.00407025,0.5,4,698,37,1152,694,698,238,148,20,20,10,1
831,20,1,8.72336e-06,0,0.00403384,2.76906e-05,0.00407025,0.1,4,527,26,800,523,527,189,135,20,20,10,1
832,20,1,8.72336e-06,0,0.00403384,2.76906e-05,0.00407025,0.1,4,622,35,1088,618,622,225,138,20,20,10,1
833,20,1,8.72336e-06,0,0.00403384,2.76906e-05,0.00407025,0,4,735,37,1152,731,735,200,99,20,20,10,1
834,20,1,8.72336e-06,0,0.00403384,2.76906e-05,0.00407025,0.2,4,605,30,928,601,605,166,95,20,20,10,1
835,20,1,8.72336e-06,0,0.00403384,2.76906e-05,0.00407025,0.6,4,578,30,928,574,578,186,117,20,20,10,1
836,20,1,8.72336e-06,0,0.00403384,2.76906e-05,0.00407025,0,4,493,25,768,489,493,157,113,20,20,10,1
837,20,1,8.72336e-06,0,0.00403384,2.76906e-05,0.00407025,0.3,4,868,40,1248,864,868,234,142,20,20,10,1
838,20,1,8.72336e-06,0,0.00403384,2.76906e-05,0.00407025,0.1,4,626,32,992,622,626,203,126,20,20,10,1
839,20,1,8.72336e-06,0,0.00403384,2.76906e-05,0.00407025,0.5,4,1102,60,1888,1098,1102,275,131,20,20,10,1
840,20,1,8.72336e-06,0,0.00403384,2.76906e-05,0.00407025,0.4,4,576,27,832,572,576,171,121,20,20,10,1
841,20,1,8.72336e-06,0,0.00403384,2.76906e-05,0.00407025,0.1,4,695,30,928,691,695,182,112,20,20,10,1
842,20,1,8.72336e-06,0,0.00403384,2.76906e-05,0.00407025,0,4,706,38,1184,702,706,233,138,20,20,10,1
843,20,1,8.72336e-06,0,0.00403384,2.76906e-05,0.00407025,0.3,4,642,32,992,638,642,189,119,20,20,10,1
844,20,1,8.72336e-06,0,0.00403384,2.76906e-05,0.00407025,0,4,743,35,1088,739,743,218,128,20,20,10,1
845,20,1,8.72336e-06,0,0.00403384,2.76906e-05,0.00407025,0.1,4,710,36,1120,706,710,211,117,20,20,10,1
846,20,1,8.72336e-06,0,0.00403384,2.76906e-05,0.00407025,0.3,4,637,31,960,633,637,218,156,20,20,10,1
847,20,1,8.72336e-06,0,0.00403384,2.76906e-05,0.00407025,0,4,752,33,1024,748,752,220,150,20,20,10,1
848,20,1,8.72336e-06,0,0.00403384,2.76906e-05,0.00407025,0,4,556,27,832,552,556,170,105,20,20,10,1
849,20,1,8.72336e-06,0,0.00403384,2.76906e-05,0.00407025,0,4,494,25,768,490,494,163,117,20,20,10,1
850,20,1,8.72336e-06,0,0.00403384,2.76906e-05,0.00407025,0.6,4,684,32,992,680,684,218,143,20,20,10,1
851,20,1,8.72336e-06,0,0.00403384,2.76906e-05,0.00407025,0.3,4,599,29,896,595,599,208,143,20,20,10,1
852,20,1,8.72336e-06,0,0.00403384,2.76906e-05,0.00407025,0.2,4,483,26,800,479,483,149,95,20,20,10,1
853,20,1,8.72336e-06,0,0.00403384,2.76906e-05,0.00407025,0.3,4,499,30,928,495,499,181,127,20,20,10,1
854,20,1,8.72336e-06,0,0.00403384,2.76906e-05,0.00407025,0,4,742,39,1216,738,742,218,126,20,20,10,1
855,20,1,8.72336e-06,0,0.00403384,2.76906e-05,0.00407025,0.2,4,558,27,832,554,558,193,141,20,20,10,1
856,20,1,8.72336e-06,0,0.00403384,2.76906e-05,0.00407025,0.5,4,555,30,928,551,555,207,134,20,20,10,1
857,20,1,8.72336e-06,0,0.00403384,2.76906e-05,0.00407025,0,4,593,27,832,589,593,195,129,20,20,10,1
858,20,1,8.72336e-06,0,0.00403384,2.76906e-05,0.00407025,0.6,4,805,39,1216,801,805,228,132,20,20,10,1
859,20,1,8.72336e-06,0,0.00403384,2.76906e-05,0.00407025,0.1,4,858,44,1376,854,858,254,143,20,20,10,1
860,20,1,8.72336e-06,0,0.00403384,2.76906e-05,0.00407025,0.1,4,1141,56,1760,1137,1141,286,143,20,20,10,1
861,20,1,8.72336e-06,0,0.00403384,2.76906e-05,0.00407025,0,4,643,31,960,639,643,209,142,20,20,10,1
862,20,1,8.72336e-06,0,0.00403384,2.76906e-05,0.00407025,0.3,4,747,40,1248,743,747,217,124,20,20,10,1
863,20,1,8.72336e-06,0,0.00403384,2.76906e-05,0.00407025,0.1,4,747,38,1184,743,747,229,141,20,20,10,1
864,20,1,8.72336e-06,0,0.00403384,2.76906e-05,0.00407025,0.3,4,593,31,960,589,593,209,136,20,20,10,1
865,20,1,8.72336e-06,0,0.00403384,2.76906e-05,0.00407025,0.4,4,667,31,960,663,667,219,148,20,20,10,1
866,20,1,8.72336e-06,0,0.00403384,2.76906e-05,0.00407025,0.3,4,654,33,1024,650,654,209,150,20,20,10,1
867,20,1,8.72336e-06,0,0.00403384,2.76906e-05,0.00407025,0.2,4,544,29,896,540,544,175,121,20,20,10,1
868,20,1,8.72336e-06,0,0.00403384,2.76906e-05,0.00407025,0.1,4,717,33,1024,713,717,194,119,20,20,10,1
869,20,1,8.72336e-06,0,0.00403384,2.76906e-05,0.00407025,0.4,4,512,26,800,508,512,175,114,20,20,10,1
870,20,1,8.72336e-06,0,0.00403384,2.76906e-05,0.00407025,0,4,1070,60,1888,1066,1070,318,154,20,20,10,1
871,20,1,8.72336e-06,0,0.00403384,2.76906e-05,0.00407025,0.2,4,526,27,832,522,526,176,111,20,20,10,1
872,20,1,8.72336e-06,0,0.00403384,2.76906e-05,0.00407025,0.1,4,825,43,1344,821,825,260,151,20,20,10,1
873,20,1,8.72336e-06,0,0.00403384,2.76906e-05,0.00407025,0.5,4,622,30,928,618,622,190,127,20,20,10,1
874,20,1,8.72336e-06,0,0.00403384,2.76906e-05,0.00407025,0,4,606,38,1184,602,606,264,171,20,20,10,1
875,20,1,8.72336e-06,0,0.00403384,2.76906e-05,0.00407025,0,4,767,38,1184,763,767,254,159,20,20,10,1
876,20,1,8.72336e-06,0,0.00403384,2.76906e-05,0.00407025,0.3,4,536,25,768,532,536,169,104,20,20,10,1
877,20,1,8.72336e-06,0,0.00403384,2.76906e-05,0.00407025,0,4,950,49,1536,946,950,231,124,20,20,10,1
878,20,1,8.72336e-06,0,0.00403384,2.76906e-05,0.00407025,0.1,4,664,31,960,660,664,226,159,20,20,10,1
879,20,1,8.72336e-06,0,0.00403384,2.76906e-05,0.00407025,0.1,4,515,26,800,511,515,166,117,20,20,10,1
880,20,1,8.72336e-06,0,0.00403384,2.76906e-05,0.00407025,0.5,4,641,33,1024,637,641,177,99,20,20,10,1
881,20,1,8.72336e-06,0,0.00403384,2.76906e-05,0.00407025,0.1,4,485,27,832,481,485,173,126,20,20,10,1
882,20,1,8.72336e-06,0,0.00403384,2.76906e-05,0.00407025,0.1,4,443,27,832,439,443,192,136,20,20,10,1
883,20,1,8.72336e-06,0,0.00403384,2.76906e-05,0.00407025,0.3,4,706,41,1280,702,706,233,140,20,20,10,1
884,20,1,8.72336e-06,0,0.00403384,2.76906e-05,0.00407025,0.3,4,600,26,800,596,600,174,111,20,20,10,1
885,20,1,8.72336e-06,0,0.00403384,2.76906e-05,0.00407025,0,4,575,27,832,571,575,164,114,20,20,10,1
886,20,1,8.72336e-06,0,0.00403384,2.76906e-05,0.00407025,0.2,4,811,40,1248,807,811,231,118,20,20,10,1
887,20,1,8.72336e-06,0,0.00403384,2.76906e-05,0.00407025,0,4,733,36,1120,729,733,219,140,20,20,10,1
888,20,1,8.72336e-06,0,0.00403384,2.76906e-05,0.00407025,0.3,4,708,35,1088,704,708,197,128,20,20,10,1
889,20,1,8.72336e-06,0,0.00403384,2.76906e-05,0.00407025,0.4,4,737,34,1056,733,737,228,159,20,20,10,1
890,20,1,8.72336e-06,0,0.00403384,2.76906e-05,0.00407025,0.2,4,516,26,800,512,516,171,108,20,20,10,1
891,20,1,8.72336e-06,0,0.00403384,2.76906e-05,0.00407025,0,4,584,29,896,580,584,199,139,20,20,10,1
892,20,1,8.72336e-06,0,0.00403384,2.76906e-05,0.00407025,0,4,792,36,1120,788,792,237,147,20,20,10,1
893,20,1,8.72336e-06,0,0.00403384,2.76906e-05,0.00407025,0,4,987,46,1440,983,987,261,139,20,20,10,1
894,20,1,8.72336e-06,0,0.00403384,2.76906e-05,0.00407025,0.5,4,811,39,1216,807,811,266,180,20,20,10,1
895,20,1,8.72336e-06,0,0.00403384,2.76906e-05,0.00407025,0.1,4,529,26,800,525,529,162,121,20,20,10,1
896,20,1,8.72336e-06,0,0.00403384,2.76906e-05,0.00407025,0.2,4,574,32,992,570,574,173,97,20,20,10,1
897,20,1,8.72336e-06,0,0.00403384,2.76906e-05,0.00407025,0.3,4,508,28,864,504,508,208,158,20,20,10,1
898,20,1,8.72336e-06,0,0.00403384,2.76906e-05,0.00407025,0.3,4,835,39,1216,831,835,260,163,20,20,10,1
899,20,1,8.72336e-06,0,0.00403384,2.76906e-05,0.00407025,0,4,712,34,1056,708,712,212,137,20,20,10,1
900,20,1,8.72336e-06,0,0.00403384,2.76906e-05,0.00407025,0,4,502,23,704,498,502,120,61,20,20,10,1
901,20,1,8.72336e-06,0,0.00403384,2.76906e-05,0.00407025,0.1,4,703,30,928,699,703,209,144,20,20,10,1
902,20,1,8.72336e-06,0,0.00403384,2.76906e-05,0.00407025,0.2,4,463,28,864,459,463,170,112,20,20,10,1
903,20,1,8.72336e-06,0,0.00403384,2.76906e-05,0.00407025,0.3,4,564,30,928,560,564,207,139,20,20,10,1
904,20,1,8.72336e-06,0,0.00403384,2.76906e-05,0.00407025,0.1,4,681,31,960,677,681,168,101,20,20,10,1
905,20,1,8.72336e-06,0,0.00403384,2.76906e-05,0.00407025,0.4,4,466,25,768,462,466,168,114,20,20,10,1
906,20,1,8.72336e-06,0,0.00403384,2.76906e-05,0.00407025,0.1,4,727,37,1152,723,727,206,117,20,20,10,1
907,20,1,8.72336e-06,0,0.00403384,2.76906e-05,0.00407025,0.1,4,624,30,928,620,624,182,127,20,20,10,1
908,20,1,8.72336e-06,0,0.00403384,2.76906e-05,0.00407025,0.3,4,791,37,1152,787,791,216,114,20,20,10,1
909,20,1,8.72336e-06,0,0.00403384,2.76906e-05,0.00407025,0,4,653,34,1056,649,653,205,128,20,20,10,1
910,20,1,8.72336e-06,0,0.00403384,2.76906e-05,0.00407025,0.3,4,686,35,1088,682,686,192,111,20,20,10,1
911,20,1,8.72336e-06,0,0.00403384,2.76906e-05,0.00407025,0,4,616,27,832,612,616,170,103,20,20,10,1
912,20,1,8.72336e-06,0,0.00403384,2.76906e-05,0.00407025,0.1,4,817,39,1216,813,817,226,141,20,20,10,1
913,20,1,8.72336e-06,0,0.00403384,2.76906e-05,0.00407025,0,4,579,28,864,575,579,160,100,20,20,10,1
914,20,1,8.72336e-06,0,0.00403384,2.76906e-05,0.00407025,0,4,797,37,1152,793,797,215,125,20,20,10,1
915,20,1,8.72336e-06,0,0.00403384,2.76906e-05,0.00407025,0,4,657,34,1056,653,657,202,124,20,20,10,1
916,20,1,8.72336e-06,0,0.00403384,2.76906e-05,0.00407025,0,4,597,27,832,593,597,162,102,20,20,10,1
917,20,1,8.72336e-06,0,0.00403384,2.76906e-05,0.00407025,0.3,4,635,38,1184,631,635,209,120,20,20,10,1
918,20,1,8.72336e-06,0,0.00403384,2.76906e-05,0.00407025,0.2,4,685,35,1088,681,685,226,150,20,20,10,1
919,20,1,8.72336e-06,0,0.00403384,2.76906e-05,0.00407025,0.2,4,663,35,1088,659,663,205,123,20,20,10,1
920,20,1,8.72336e-06,0,0.00403384,2.76906e-05,0.00407025,0.3,4,858,38,1184,854,858,245,157,20,20,10,1
921,20,1,8.72336e-06,0,0.00403384,2.76906e-05,0.00407025,0.1,4,766,35,1088,762,766,209,132,20,20,10,1
922,20,1,8.72336e-06,0,0.00403384,2.76906e-05,0.00407025,0.3,4,563,33,1024,559,563,229,157,20,20,10,1
923,20,1,8.72336e-06,0,0.00403384,2.76906e-05,0.00407025,0.1,4,655,31,960,651,655,167,95,20,20,10,1
924,20,1,8.72336e-06,0,0.00403384,2.76906e-05,0.00407025,0,4,606,29,896,602,606,210,146,20,20,10,1
925,20,1,8.72336e-06,0,0.00403384,2.76906e-05,0.00407025,0.4,4,486,28,864,482,486,184,116,20,20,10,1
926,20,1,8.72336e-06,0,0.00403384,2.76906e-05,0.00407025,0.2,4,675,37,1152,671,675,262,181,20,20,10,1
927,20,1,8.72336e-06,0,0.00403384,2.76906e-05,0.00407025,0.1,4,948,44,1376,944,948,259,159,20,20,10,1
928,20,1,8.72336e-06,0,0.00403384,2.76906e-05,0.00407025,0.3,4,802,44,1376,798,802,254,150,20,20,10,1
929,20,1,8.72336e-06,0,0.00403384,2.76906e-05,0.00407025,0.2,4,1191,61,1920,1187,1191,354,204,20,20,10,1
930,20,1,8.72336e-06,0,0.00403384,2.76906e-05,0.00407025,0.1,4,629,28,864,625,629,178,117,20,20,10,1
931,20,1,8.72336e-06,0,0.00403384,2.76906e-05,0.00407025,0.5,4,641,31,960,637,641,202,152,20,20,10,1
932,20,1,8.72336e-06,0,0.00403384,2.76906e-05,0.00407025,0,4,627,30,928,623,627,169,119,20,20,10,1
933,20,1,8.72336e-06,0,0.00403384,2.76906e-05,0.00407025,0.2,4,737,39,1216,733,737,239,155,20,20,10,1
934,20,1,8.72336e-06,0,0.00403384,2.76906e-05,0.00407025,0.2,4,670,35,1088,666,670,236,172,20,20,10,1
935,20,1,8.72336e-06,0,0.00403384,2.76906e-05,0.00407025,0.2,4,757,39,1216,753,757,246,155,20,20,10,1
936,20,1,8.72336e-06,0,0.00403384,2.76906e-05,0.00407025,0.2,4,905,41,1280,901,905,210,120,20,20,10,1
937,20,1,8.72336e-06,0,0.00403384,2.76906e-05,0.00407025,0.1,4,690,32,992,686,690,216,146,20,20,10,1
938,20,1,8.72336e-06,0,0.00403384,2.76906e-05,0.00407025,0,4,569,32,992,565,569,188,120,20,20,10,1
939,20,1,8.72336e-06,0,0.00403384,2.76906e-05,0.00407025,0.1,4,764,40,1248,760,764,210,129,20,20,10,1
940,20,1,8.72336e-06,0,0.00403384,2.76906e-05,0.00407025,0.1,4,778,37,1152,774,778,234,136,20,20,10,1
941,20,1,8.72336e-06,0,0.00403384,2.76906e-05,0.00407025,0.4,4,682,30,928,678,682,221,159,20,20,10,1
942,20,1,8.72336e-06,0,0.00403384,2.76906e-05,0.00407025,0.4,4,692,34,1056,688,692,235,160,20,20,10,1
943,20,1,8.72336e-06,0,0.00403384,2.76906e-05,0.00407025,0.2,4,566,30,928,562,566,184,99,20,20,10,1
944,20,1,8.72336e-06,0,0.00403384,2.76906e-05,0.00407025,0.2,4,634,37,1152,630,634,218,145,20,20,10,1
945,20,1,8.72336e-06,0,0.00403384,2.76906e-05,0.00407025,0.5,4,346,27,832,342,346,184,123,20,20,10,1
946,20,1,8.72336e-06,0,0.00403384,2.76906e-05,0.00407025,0.6,4,844,41,1280,840,844,272,180,20,20,10,1
947,20,1,8.72336e-06,0,0.00403384,2.76906e-05,0.00407025,0.1,4,655,34,1056,651,655,222,140,20,20,10,1
948,20,1,8.72336e-06,0,0.00403384,2.76906e-05,0.00407025,0.1,4,985,43,1344,981,985,260,155,20,20,10,1
949,20,1,8.72336e-06,0,0.00403384,2.76906e-05,0.00407025,0.1,4,940,44,1376,936,940,283,180,20,20,10,1
950,20,1,8.72336e-06,0,0.00403384,2.76906e-05,0.00407025,0.3,4,814,42,1312,810,814,258,151,20,20,10,1
951,20,1,8.72336e-06,0,0.00403384,2.76906e-05,0.00407025,0,4,517,27,832,513,517,212,140,20,20,10,1
952,20,1,8.72336e-06,0,0.00403384,2.76906e-05,0.00407025,0.2,4,615,30,928,611,615,179,101,20,20,10,1
953,20,1,8.72336e-06,0,0.00403384,2.76906e-05,0.00407025,0.3,4,753,35,1088,749,753,193,117,20,20,10,1
954,20,1,8.72336e-06,0,0.00403384,2.76906e-05,0.00407025,0.3,4,734,36,1120,730,734,229,150,20,20,10,1
955,20,1,8.72336e-06,0,0.00403384,2.76906e-05,0.00407025,0.1,4,648,36,1120,644,648,232,157,20,20,10,1
956,20,1,8.72336e-06,0,0.00403384,2.76906e-05,0.00407025,0.1,4,817,43,1344,813,817,221,120,20,20,10,1
957,20,1,8.72336e-06,0,0.00403384,2.76906e-05,0.00407025,0.1,4,694,33,1024,690,694,208,132,20,20,10,1
958,20,1,8.72336e-06,0,0.00403384,2.76906e-05,0.00407025,0,4,498,25,768,494,498,151,102,20,20,10,1
959,20,1,8.72336e-06,0,0.00403384,2.76906e-05,0.00407025,0,4,622,30,928,618,622,183,110,20,20,10,1
960,20,1,8.72336e-06,0,0.00403384,2.76906e-05,0.00407025,0.1,4,934,45,1408,930,934,243,128,20,20,10,1
961,20,1,8.72336e-06,0,0.00403384,2.76906e-05,0.00407025,0.1,4,662,35,1088,658,662,228,148,20,20,10,1
962,20,1,8.72336e-06,0,0.00403384,2.76906e-05,0.00407025,0.2,4,745,37,1152,741,745,218,128,20,20,10,1
963,20,1,8.72336e-06,0,0.00403384,2.76906e-05,0.00407025,0.3,4,730,35,1088,726,730,217,146,20,20,10,1
964,20,1,8.72336e-06,0,0.00403384,2.76906e-05,0.00407025,0,4,618,31,960,614,618,206,130,20,20,10,1
965,20,1,8.72336e-06,0,0.00403384,2.76906e-05,0.00407025,0.2,4,807,40,1248,803,807,258,173,20,20,10,1
966,20,1,8.72336e-06,0,0.00403384,2.76906e-05,0.00407025,0.5,4,732,38,1184,728,732,255,161,20,20,10,1
967,20,1,8.72336e-06,0,0.00403384,2.76906e-05,0.00407025,0,4,637,34,1056,633,637,186,107,20,20,10,1
968,20,1,8.72336e-06,0,0.00403384,2.76906e-05,0.00407025,0.3,4,516,36,1120,512,516,212,142,20,20,10,1
969,20,1,8.72336e-06,0,0.00403384,2.76906e-05,0.00407025,0.3,4,587,34,1056,583,587,213,142,20,20,10,1
970,20,1,8.72336e-06,0,0.00403384,2.76906e-05,0.00407025,0,4,715,33,1024,711,715,228,143,20,20,10,1
971,20,1,8.72336e-06,0,0.00403384,2.76906e-05,0.00407025,0.4,4,571,32,992,567,571,198,125,20,20,10,1
972,20,1,8.72336e-06,0,0.00403384,2.76906e-05,0.00407025,0.1,4,553,30,928,549,553,188,125,20,20,10,1
973,20,1,8.72336e-06,0,0.00403384,2.76906e-05,0.00407025,0.2,4,600,35,1088,596,600,203,134,20,20,10,1
974,20,1,8.72336e-06,0,0.00403384,2.76906e-05,0.00407025,0,4,563,29,896,559,563,204,152,20,20,10,1
975,20,1,8.72336e-06,0,0.00403384,2.76906e-05,0.00407025,0.2,4,500,26,800,496,500,169,121,20,20,10,1
976,20,1,8.72336e-06,0,0.00403384,2.76906e-05,0.00407025,0.2,4,545,31,960,541,545,234,175,20,20,10,1
977,20,1,8.72336e-06,0,0.00403384,2.76906e-05,0.00407025,0,4,854,38,1184,850,854,230,133,20,20,10,1
978,20,1,8.72336e-06,0,0.00403384,2.76906e-05,0.00407025,0.3,4,584,36,1120,580,584,222,143,20,20,10,1
979,20,1,8.72336e-06,0,0.00403384,2.76906e-05,0.00407025,0.4,4,670,41,1280,666,670,255,162,20,20,10,1
980,20,1,8.72336e-06,0,0.00403384,2.76906e-05,0.00407025,0.1,4,749,43,1344,745,749,228,124,20,20,10,1
981,20,1,8.72336e-06,0,0.00403384,2.76906e-05,0.00407025,0.1,4,643,30,928,639,643,202,134,20,20,10,1
982,20,1,8.72336e-06,0,0.00403384,2.76906e-05,0.00407025,0,4,576,26,800,572,576,185,119,20,20,10,1
983,20,1,8.72336e-06,0,0.00403384,2.76906e-05,0.00407025,0.1,4,739,34,1056,735,739,264,177,20,20,10,1
984,20,1,8.72336e-06,0,0.00403384,2.76906e-05,0.00407025,0.3,4,667,36,1120,663,667,217,129,20,20,10,1
985,20,1,8.72336e-06,0,0.00403384,2.76906e-05,0.00407025,0.2,4,648,30,928,644,648,219,142,20,20,10,1
986,20,1,8.72336e-06,0,0.00403384,2.76906e-05,0.00407025,0.1,4,867,44,1376,863,867,253,135,20,20,10,1
987,20,1,8.72336e-06,0,0.00403384,2.76906e-05,0.00407025,0.4,4,573,30,928,569,573,216,137,20,20,10,1
988,20,1,8.72336e-06,0,0.00403384,2.76906e-05,0.00407025,0.4,4,668,38,1184,664,668,250,155,20,20,10,1
989,20,1,8.72336e-06,0,0.00403384,2.76906e-05,0.00407025,0.1,4,701,35,1088,697,701,213,131,20,20,10,1
990,20,1,8.72336e-06,0,0.00403384,2.76906e-05,0.00407025,0.1,4,621,34,1056,617,621,207,140,20,20,10,1
991,20,1,8.72336e-06,0,0.00403384,2.76906e-05,0.00407025,0,4,881,40,1248,877,881,244,156,20,20,10,1
992,20,1,8.72336e-06,0,0.00403384,2.76906e-05,0.00407025,0,4,688,34,1056,684,688,225,153,20,20,10,1
993,20,1,8.72336e-06,0,0.00403384,2.76906e-05,0.00407025,0,4,715,33,1024,711,715,228,156,20,20,10,1
994,20,1,8.72336e-06,0,0.00403384,2.76906e-05,0.00407025,0.5,4,447,30,928,443,447,197,127,20,20,10,1
995,20,1,8.72336e-06,0,0.00403384,2.76906e-05,0.00407025,0.3,4,740,34,1056,736,740,202,125,20,20,10,1
996,20,1,8.72336e-06,0,0.00403384,2.76906e-05,0.00407025,0.1,4,639,33,1024,635,639,225,154,20,20,10,1
997,20,1,8.72336e-06,0,0.00403384,2.76906e-05,0.00407025,0.5,4,562,30,928,558,562,186,128,20,20,10,1
998,20,1,8.72336e-06,0,0.00403384,2.76906e-05,0.00407025,0.4,4,690,40,1248,686,690,263,177,20,20,10,1
999,20,1,8.72336e-06,0,0.00403384,2.76906e-05,0.00407025,0,4,658,32,992,654,658,215,128,20,20,10,1
