query_id,pq,batch_index,approx_h2d_ms,approx_memset_ms,approx_kernel_ms,approx_d2h_ms,approx_total_ms,recall,seed_count,visited_nodes,expanded_nodes,neighbor_slots_scanned,candidate_nodes,distance_evals,frontier_pushes,result_updates,peak_frontier,peak_results,result_count,early_stopped
0,20,0,4.68457e-05,0,0.00335667,1.95957e-05,0.00342311,0.4,4,510,24,736,506,510,154,102,20,20,10,1
1,20,0,4.68457e-05,0,0.00335667,1.95957e-05,0.00342311,0.6,4,655,31,960,651,655,202,129,20,20,10,1
2,20,0,4.68457e-05,0,0.00335667,1.95957e-05,0.00342311,0.8,4,545,26,800,541,545,201,146,20,20,10,1
3,20,0,4.68457e-05,0,0.00335667,1.95957e-05,0.00342311,1,4,403,26,800,399,403,170,109,20,20,10,1
4,20,0,4.68457e-05,0,0.00335667,1.95957e-05,0.00342311,0.8,4,462,26,800,458,462,188,136,20,20,10,1
5,20,0,4.68457e-05,0,0.00335667,1.95957e-05,0.00342311,0.5,4,691,34,1056,687,691,239,153,20,20,10,1
6,20,0,4.68457e-05,0,0.00335667,1.95957e-05,0.00342311,0.7,4,522,25,768,518,522,161,109,20,20,10,1
7,20,0,4.68457e-05,0,0.00335667,1.95957e-05,0.00342311,1,4,525,31,960,521,525,267,209,20,20,10,1
8,20,0,4.68457e-05,0,0.00335667,1.95957e-05,0.00342311,0.9,4,597,27,832,593,597,182,116,20,20,10,1
9,20,0,4.68457e-05,0,0.00335667,1.95957e-05,0.00342311,0.8,4,722,36,1120,718,722,246,162,20,20,10,1
10,20,0,4.68457e-05,0,0.00335667,1.95957e-05,0.00342311,0.8,4,656,40,1248,652,656,232,137,20,20,10,1
11,20,0,4.68457e-05,0,0.00335667,1.95957e-05,0.00342311,0.6,4,540,26,800,536,540,194,134,20,20,10,1
12,20,0,4.68457e-05,0,0.00335667,1.95957e-05,0.00342311,0.8,4,445,25,768,441,445,181,128,20,20,10,1
13,20,0,4.68457e-05,0,0.00335667,1.95957e-05,0.00342311,0.7,4,501,25,768,497,501,180,137,20,20,10,1
14,20,0,4.68457e-05,0,0.00335667,1.95957e-05,0.00342311,0.6,4,580,30,928,576,580,197,125,20,20,10,1
15,20,0,4.68457e-05,0,0.00335667,1.95957e-05,0.00342311,0.7,4,482,30,928,478,482,189,133,20,20,10,1
16,20,0,4.68457e-05,0,0.00335667,1.95957e-05,0.00342311,0.6,4,492,27,832,488,492,184,125,20,20,10,1
17,20,0,4.68457e-05,0,0.00335667,1.95957e-05,0.00342311,0.2,4,517,26,800,513,517,157,92,20,20,10,1
18,20,0,4.68457e-05,0,0.00335667,1.95957e-05,0.00342311,0.3,4,550,27,832,546,550,218,145,20,20,10,1
19,20,0,4.68457e-05,0,0.00335667,1.95957e-05,0.00342311,0.8,4,552,26,800,548,552,176,116,20,20,10,1
20,20,0,4.68457e-05,0,0.00335667,1.95957e-05,0.00342311,0.8,4,525,28,864,521,525,233,183,20,20,10,1
21,20,0,4.68457e-05,0,0.00335667,1.95957e-05,0.00342311,1,4,662,31,960,658,662,224,144,20,20,10,1
22,20,0,4.68457e-05,0,0.00335667,1.95957e-05,0.00342311,0.1,4,426,24,736,422,426,176,123,20,20,10,1
23,20,0,4.68457e-05,0,0.00335667,1.95957e-05,0.00342311,0.8,4,500,25,768,496,500,204,153,20,20,10,1
24,20,0,4.68457e-05,0,0.00335667,1.95957e-05,0.00342311,1,4,596,30,928,592,596,240,165,20,20,10,1
25,20,0,4.68457e-05,0,0.00335667,1.95957e-05,0.00342311,1,4,565,29,896,561,565,211,150,20,20,10,1
26,20,0,4.68457e-05,0,0.00335667,1.95957e-05,0.00342311,0.8,4,670,34,1056,666,670,259,175,20,20,10,1
27,20,0,4.68457e-05,0,0.00335667,1.95957e-05,0.00342311,0.7,4,643,30,928,639,643,251,171,20,20,10,1
28,20,0,4.68457e-05,0,0.00335667,1.95957e-05,0.00342311,0.6,4,632,31,960,628,632,242,162,20,20,10,1
29,20,0,4.68457e-05,0,0.00335667,1.95957e-05,0.00342311,0.8,4,498,30,928,494,498,236,182,20,20,10,1
30,20,0,4.68457e-05,0,0.00335667,1.95957e-05,0.00342311,0.4,4,537,29,896,533,537,238,173,20,20,10,1
31,20,0,4.68457e-05,0,0.00335667,1.95957e-05,0.00342311,0.8,4,537,27,832,533,537,219,152,20,20,10,1
32,20,0,4.68457e-05,0,0.00335667,1.95957e-05,0.00342311,0.9,4,472,24,736,468,472,190,133,20,20,10,1
33,20,0,4.68457e-05,0,0.00335667,1.95957e-05,0.00342311,1,4,415,30,928,411,415,219,168,20,20,10,1
34,20,0,4.68457e-05,0,0.00335667,1.95957e-05,0.00342311,1,4,559,28,864,555,559,210,140,20,20,10,1
35,20,0,4.68457e-05,0,0.00335667,1.95957e-05,0.00342311,1,4,552,28,864,548,552,217,139,20,20,10,1
36,20,0,4.68457e-05,0,0.00335667,1.95957e-05,0.00342311,0.5,4,532,28,864,528,532,195,135,20,20,10,1
37,20,0,4.68457e-05,0,0.00335667,1.95957e-05,0.00342311,1,4,471,30,928,467,471,243,180,20,20,10,1
38,20,0,4.68457e-05,0,0.00335667,1.95957e-05,0.00342311,1,4,495,27,832,491,495,208,143,20,20,10,1
39,20,0,4.68457e-05,0,0.00335667,1.95957e-05,0.00342311,1,4,523,26,800,519,523,186,124,20,20,10,1
40,20,0,4.68457e-05,0,0.00335667,1.95957e-05,0.00342311,1,4,661,32,992,657,661,237,154,20,20,10,1
41,20,0,4.68457e-05,0,0.00335667,1.95957e-05,0.00342311,0.6,4,514,30,928,510,514,248,187,20,20,10,1
42,20,0,4.68457e-05,0,0.00335667,1.95957e-05,0.00342311,1,4,528,27,832,524,528,215,151,20,20,10,1
43,20,0,4.68457e-05,0,0.00335667,1.95957e-05,0.00342311,0.4,4,478,25,768,474,478,187,115,20,20,10,1
44,20,0,4.68457e-05,0,0.00335667,1.95957e-05,0.00342311,0.9,4,574,31,960,570,574,235,194,20,20,10,1
45,20,0,4.68457e-05,0,0.00335667,1.95957e-05,0.00342311,1,4,506,27,832,502,506,216,151,20,20,10,1
46,20,0,4.68457e-05,0,0.00335667,1.95957e-05,0.00342311,1,4,570,32,992,566,570,281,228,20,20,10,1
47,20,0,4.68457e-05,0,0.00335667,1.95957e-05,0.00342311,0.5,4,616,34,1056,612,616,236,145,20,20,10,1
48,20,0,4.68457e-05,0,0.00335667,1.95957e-05,0.00342311,1,4,481,30,928,477,481,222,165,20,20,10,1
49,20,0,4.68457e-05,0,0.00335667,1.95957e-05,0.00342311,1,4,459,26,800,455,459,221,160,20,20,10,1
50,20,0,4.68457e-05,0,0.00335667,1.95957e-05,0.00342311,0.9,4,515,28,864,511,515,227,153,20,20,10,1
51,20,0,4.68457e-05,0,0.00335667,1.95957e-05,0.00342311,0.9,4,478,27,832,474,478,186,137,20,20,10,1
52,20,0,4.68457e-05,0,0.00335667,1.95957e-05,0.00342311,1,4,713,36,1120,709,713,264,177,20,20,10,1
53,20,0,4.68457e-05,0,0.00335667,1.95957e-05,0.00342311,0.8,4,657,29,896,653,657,234,174,20,20,10,1
54,20,0,4.68457e-05,0,0.00335667,1.95957e-05,0.00342311,0.5,4,465,30,928,461,465,261,204,20,20,10,1
55,20,0,4.68457e-05,0,0.00335667,1.95957e-05,0.00342311,1,4,465,30,928,461,465,285,218,20,20,10,1
56,20,0,4.68457e-05,0,0.00335667,1.95957e-05,0.00342311,0.8,4,590,28,864,586,590,244,174,20,20,10,1
57,20,0,4.68457e-05,0,0.00335667,1.95957e-05,0.00342311,0.9,4,465,26,800,461,465,178,125,20,20,10,1
58,20,0,4.68457e-05,0,0.00335667,1.95957e-05,0.00342311,1,4,547,28,864,543,547,214,147,20,20,10,1
59,20,0,4.68457e-05,0,0.00335667,1.95957e-05,0.00342311,0.2,4,400,27,832,396,400,216,166,20,20,10,1
60,20,0,4.68457e-05,0,0.00335667,1.95957e-05,0.00342311,0.6,4,732,34,1056,728,732,245,162,20,20,10,1
61,20,0,4.68457e-05,0,0.00335667,1.95957e-05,0.00342311,1,4,526,29,896,522,526,233,169,20,20,10,1
62,20,0,4.68457e-05,0,0.00335667,1.95957e-05,0.00342311,1,4,480,29,896,476,480,272,200,20,20,10,1
63,20,0,4.68457e-05,0,0.00335667,1.95957e-05,0.00342311,0.4,4,523,29,896,519,523,221,168,20,20,10,1
64,20,0,4.68457e-05,0,0.00335667,1.95957e-05,0.00342311,1,4,390,24,736,386,390,177,124,20,20,10,1
65,20,0,4.68457e-05,0,0.00335667,1.95957e-05,0.00342311,0.8,4,606,33,1024,602,606,252,184,20,20,10,1
66,20,0,4.68457e-05,0,0.00335667,1.95957e-05,0.00342311,0.7,4,358,24,736,354,358,173,116,20,20,10,1
67,20,0,4.68457e-05,0,0.00335667,1.95957e-05,0.00342311,1,4,594,33,1024,590,594,240,176,20,20,10,1
68,20,0,4.68457e-05,0,0.00335667,1.95957e-05,0.00342311,0.7,4,435,25,768,431,435,199,145,20,20,10,1
69,20,0,4.68457e-05,0,0.00335667,1.95957e-05,0.00342311,0.6,4,575,31,960,571,575,227,155,20,20,10,1
70,20,0,4.68457e-05,0,0.00335667,1.95957e-05,0.00342311,1,4,453,26,800,449,453,212,144,20,20,10,1
71,20,0,4.68457e-05,0,0.00335667,1.95957e-05,0.00342311,0.8,4,468,27,832,464,468,234,173,20,20,10,1
72,20,0,4.68457e-05,0,0.00335667,1.95957e-05,0.00342311,0.5,4,398,26,800,394,398,167,111,20,20,10,1
73,20,0,4.68457e-05,0,0.00335667,1.95957e-05,0.00342311,1,4,565,31,960,561,565,233,155,20,20,10,1
74,20,0,4.68457e-05,0,0.00335667,1.95957e-05,0.00342311,0.3,4,591,31,960,587,591,231,153,20,20,10,1
75,20,0,4.68457e-05,0,0.00335667,1.95957e-05,0.00342311,0.4,4,593,32,992,589,593,244,172,20,20,10,1
76,20,0,4.68457e-05,0,0.00335667,1.95957e-05,0.00342311,0.9,4,511,30,928,507,511,237,170,20,20,10,1
77,20,0,4.68457e-05,0,0.00335667,1.95957e-05,0.00342311,0.7,4,527,27,832,523,527,240,188,20,20,10,1
78,20,0,4.68457e-05,0,0.00335667,1.95957e-05,0.00342311,0.6,4,564,29,896,560,564,202,136,20,20,10,1
79,20,0,4.68457e-05,0,0.00335667,1.95957e-05,0.00342311,1,4,513,29,896,509,513,259,185,20,20,10,1
80,20,0,4.68457e-05,0,0.00335667,1.95957e-05,0.00342311,0.9,4,597,31,960,593,597,280,204,20,20,10,1
81,20,0,4.68457e-05,0,0.00335667,1.95957e-05,0.00342311,0.6,4,450,25,768,446,450,184,125,20,20,10,1
82,20,0,4.68457e-05,0,0.00335667,1.95957e-05,0.00342311,0.6,4,703,37,1152,699,703,258,168,20,20,10,1
83,20,0,4.68457e-05,0,0.00335667,1.95957e-05,0.00342311,1,4,491,25,768,487,491,200,150,20,20,10,1
84,20,0,4.68457e-05,0,0.00335667,1.95957e-05,0.00342311,0.5,4,515,24,736,511,515,167,112,20,20,10,1
85,20,0,4.68457e-05,0,0.00335667,1.95957e-05,0.00342311,1,4,393,31,960,389,393,237,174,20,20,10,1
86,20,0,4.68457e-05,0,0.00335667,1.95957e-05,0.00342311,0.9,4,445,29,896,441,445,236,185,20,20,10,1
87,20,0,4.68457e-05,0,0.00335667,1.95957e-05,0.00342311,1,4,439,30,928,435,439,266,215,20,20,10,1
88,20,0,4.68457e-05,0,0.00335667,1.95957e-05,0.00342311,1,4,416,30,928,412,416,237,174,20,20,10,1
89,20,0,4.68457e-05,0,0.00335667,1.95957e-05,0.00342311,0.8,4,600,30,928,596,600,257,209,20,20,10,1
90,20,0,4.68457e-05,0,0.00335667,1.95957e-05,0.00342311,0.9,4,338,24,736,334,338,172,124,20,20,10,1
91,20,0,4.68457e-05,0,0.00335667,1.95957e-05,0.00342311,0.9,4,574,33,1024,570,574,261,188,20,20,10,1
92,20,0,4.68457e-05,0,0.00335667,1.95957e-05,0.00342311,0.5,4,460,28,864,456,460,184,127,20,20,10,1
93,20,0,4.68457e-05,0,0.00335667,1.95957e-05,0.00342311,0.9,4,410,24,736,406,410,175,113,20,20,10,1
94,20,0,4.68457e-05,0,0.00335667,1.95957e-05,0.00342311,1,4,376,26,800,372,376,202,156,20,20,10,1
95,20,0,4.68457e-05,0,0.00335667,1.95957e-05,0.00342311,0.8,4,687,37,1152,683,687,257,184,20,20,10,1
96,20,0,4.68457e-05,0,0.00335667,1.95957e-05,0.00342311,0.6,4,616,30,928,612,616,241,169,20,20,10,1
97,20,0,4.68457e-05,0,0.00335667,1.95957e-05,0.00342311,0.6,4,418,26,800,414,418,188,133,20,20,10,1
98,20,0,4.68457e-05,0,0.00335667,1.95957e-05,0.00342311,0.9,4,515,28,864,511,515,267,213,20,20,10,1
99,20,0,4.68457e-05,0,0.00335667,1.95957e-05,0.00342311,1,4,464,26,800,460,464,187,120,20,20,10,1
100,20,0,4.68457e-05,0,0.00335667,1.95957e-05,0.00342311,0.9,4,518,27,832,514,518,199,144,20,20,10,1
101,20,0,4.68457e-05,0,0.00335667,1.95957e-05,0.00342311,0.9,4,475,28,864,471,475,221,154,20,20,10,1
102,20,0,4.68457e-05,0,0.00335667,1.95957e-05,0.00342311,0.7,4,590,32,992,586,590,239,157,20,20,10,1
103,20,0,4.68457e-05,0,0.00335667,1.95957e-05,0.00342311,0.9,4,452,27,832,448,452,220,174,20,20,10,1
104,20,0,4.68457e-05,0,0.00335667,1.95957e-05,0.00342311,1,4,496,25,768,492,496,197,140,20,20,10,1
105,20,0,4.68457e-05,0,0.00335667,1.95957e-05,0.00342311,0.7,4,591,31,960,587,591,240,178,20,20,10,1
106,20,0,4.68457e-05,0,0.00335667,1.95957e-05,0.00342311,0.8,4,435,24,736,431,435,183,127,20,20,10,1
107,20,0,4.68457e-05,0,0.00335667,1.95957e-05,0.00342311,1,4,449,29,896,445,449,249,190,20,20,10,1
108,20,0,4.68457e-05,0,0.00335667,1.95957e-05,0.00342311,0.9,4,360,29,896,356,360,227,182,20,20,10,1
109,20,0,4.68457e-05,0,0.00335667,1.95957e-05,0.00342311,0.8,4,487,27,832,483,487,205,144,20,20,10,1
110,20,0,4.68457e-05,0,0.00335667,1.95957e-05,0.00342311,0.6,4,426,27,832,422,426,210,159,20,20,10,1
111,20,0,4.68457e-05,0,0.00335667,1.95957e-05,0.00342311,0.9,4,712,35,1088,708,712,263,173,20,20,10,1
112,20,0,4.68457e-05,0,0.00335667,1.95957e-05,0.00342311,1,4,333,28,864,329,333,222,169,20,20,10,1
113,20,0,4.68457e-05,0,0.00335667,1.95957e-05,0.00342311,0.7,4,566,31,960,562,566,232,164,20,20,10,1
114,20,0,4.68457e-05,0,0.00335667,1.95957e-05,0.00342311,1,4,382,25,768,378,382,206,142,20,20,10,1
115,20,0,4.68457e-05,0,0.00335667,1.95957e-05,0.00342311,0.6,4,705,34,1056,701,705,208,130,20,20,10,1
116,20,0,4.68457e-05,0,0.00335667,1.95957e-05,0.00342311,1,4,385,26,800,381,385,216,157,20,20,10,1
117,20,0,4.68457e-05,0,0.00335667,1.95957e-05,0.00342311,0.2,4,545,30,928,541,545,197,119,20,20,10,1
118,20,0,4.68457e-05,0,0.00335667,1.95957e-05,0.00342311,1,4,491,26,800,487,491,196,144,20,20,10,1
119,20,0,4.68457e-05,0,0.00335667,1.95957e-05,0.00342311,1,4,437,29,896,433,437,269,221,20,20,10,1
120,20,0,4.68457e-05,0,0.00335667,1.95957e-05,0.00342311,0.6,4,719,39,1216,715,719,280,188,20,20,10,1
121,20,0,4.68457e-05,0,0.00335667,1.95957e-05,0.00342311,0.6,4,559,28,864,555,559,218,161,20,20,10,1
122,20,0,4.68457e-05,0,0.00335667,1.95957e-05,0.00342311,1,4,662,34,1056,658,662,243,173,20,20,10,1
123,20,0,4.68457e-05,0,0.00335667,1.95957e-05,0.00342311,1,4,479,28,864,475,479,204,153,20,20,10,1
124,20,0,4.68457e-05,0,0.00335667,1.95957e-05,0.00342311,1,4,503,25,768,499,503,203,141,20,20,10,1
125,20,0,4.68457e-05,0,0.00335667,1.95957e-05,0.00342311,1,4,463,25,768,459,463,189,149,20,20,10,1
126,20,0,4.68457e-05,0,0.00335667,1.95957e-05,0.00342311,0.4,4,741,33,1024,737,741,249,169,20,20,10,1
127,20,0,4.68457e-05,0,0.00335667,1.95957e-05,0.00342311,0.9,4,452,23,704,448,452,164,102,20,20,10,1
128,20,0,4.68457e-05,0,0.00335667,1.95957e-05,0.00342311,0.9,4,495,26,800,491,495,191,135,20,20,10,1
129,20,0,4.68457e-05,0,0.00335667,1.95957e-05,0.00342311,1,4,580,35,1088,576,580,262,190,20,20,10,1
130,20,0,4.68457e-05,0,0.00335667,1.95957e-05,0.00342311,0.3,4,509,26,800,505,509,200,139,20,20,10,1
131,20,0,4.68457e-05,0,0.00335667,1.95957e-05,0.00342311,1,4,510,29,896,506,510,203,162,20,20,10,1
132,20,0,4.68457e-05,0,0.00335667,1.95957e-05,0.00342311,0.8,4,596,29,896,592,596,196,120,20,20,10,1
133,20,0,4.68457e-05,0,0.00335667,1.95957e-05,0.00342311,0.2,4,474,28,864,470,474,194,134,20,20,10,1
134,20,0,4.68457e-05,0,0.00335667,1.95957e-05,0.00342311,0.8,4,618,36,1120,614,618,299,217,20,20,10,1
135,20,0,4.68457e-05,0,0.00335667,1.95957e-05,0.00342311,0.3,4,578,30,928,574,578,243,174,20,20,10,1
136,20,0,4.68457e-05,0,0.00335667,1.95957e-05,0.00342311,1,4,603,32,992,599,603,213,147,20,20,10,1
137,20,0,4.68457e-05,0,0.00335667,1.95957e-05,0.00342311,0.8,4,567,30,928,563,567,230,162,20,20,10,1
138,20,0,4.68457e-05,0,0.00335667,1.95957e-05,0.00342311,1,4,562,31,960,558,562,257,191,20,20,10,1
139,20,0,4.68457e-05,0,0.00335667,1.95957e-05,0.00342311,0.5,4,532,28,864,528,532,194,127,20,20,10,1
140,20,0,4.68457e-05,0,0.00335667,1.95957e-05,0.00342311,0.7,4,818,40,1248,814,818,254,157,20,20,10,1
141,20,0,4.68457e-05,0,0.00335667,1.95957e-05,0.00342311,0.8,4,338,28,864,334,338,199,139,20,20,10,1
142,20,0,4.68457e-05,0,0.00335667,1.95957e-05,0.00342311,0.4,4,510,29,896,506,510,204,145,20,20,10,1
143,20,0,4.68457e-05,0,0.00335667,1.95957e-05,0.00342311,1,4,503,30,928,499,503,254,196,20,20,10,1
144,20,0,4.68457e-05,0,0.00335667,1.95957e-05,0.00342311,0.9,4,448,26,800,444,448,176,122,20,20,10,1
145,20,0,4.68457e-05,0,0.00335667,1.95957e-05,0.00342311,0.7,4,534,29,896,530,534,221,161,20,20,10,1
146,20,0,4.68457e-05,0,0.00335667,1.95957e-05,0.00342311,0.9,4,729,39,1216,725,729,261,184,20,20,10,1
147,20,0,4.68457e-05,0,0.00335667,1.95957e-05,0.00342311,0.9,4,496,26,800,492,496,191,134,20,20,10,1
148,20,0,4.68457e-05,0,0.00335667,1.95957e-05,0.00342311,0.8,4,501,30,928,497,501,216,158,20,20,10,1
149,20,0,4.68457e-05,0,0.00335667,1.95957e-05,0.00342311,0.9,4,692,40,1248,688,692,268,182,20,20,10,1
150,20,0,4.68457e-05,0,0.00335667,1.95957e-05,0.00342311,0.6,4,673,34,1056,669,673,245,170,20,20,10,1
151,20,0,4.68457e-05,0,0.00335667,1.95957e-05,0.00342311,1,4,428,29,896,424,428,257,211,20,20,10,1
152,20,0,4.68457e-05,0,0.00335667,1.95957e-05,0.00342311,0.8,4,445,27,832,441,445,208,141,20,20,10,1
153,20,0,4.68457e-05,0,0.00335667,1.95957e-05,0.00342311,0.9,4,523,29,896,519,523,203,153,20,20,10,1
154,20,0,4.68457e-05,0,0.00335667,1.95957e-05,0.00342311,0.8,4,623,34,1056,619,623,233,174,20,20,10,1
155,20,0,4.68457e-05,0,0.00335667,1.95957e-05,0.00342311,0.1,4,769,38,1184,765,769,273,181,20,20,10,1
156,20,0,4.68457e-05,0,0.00335667,1.95957e-05,0.00342311,0.8,4,479,30,928,475,479,196,119,20,20,10,1
157,20,0,4.68457e-05,0,0.00335667,1.95957e-05,0.00342311,0.3,4,498,26,800,494,498,186,113,20,20,10,1
158,20,0,4.68457e-05,0,0.00335667,1.95957e-05,0.00342311,0.8,4,572,26,800,568,572,186,123,20,20,10,1
159,20,0,4.68457e-05,0,0.00335667,1.95957e-05,0.00342311,0.7,4,465,24,736,461,465,169,107,20,20,10,1
160,20,0,4.68457e-05,0,0.00335667,1.95957e-05,0.00342311,0.4,4,563,28,864,559,563,223,150,20,20,10,1
161,20,0,4.68457e-05,0,0.00335667,1.95957e-05,0.00342311,0.7,4,544,27,832,540,544,157,107,20,20,10,1
162,20,0,4.68457e-05,0,0.00335667,1.95957e-05,0.00342311,0.2,4,445,24,736,441,445,163,109,20,20,10,1
163,20,0,4.68457e-05,0,0.00335667,1.95957e-05,0.00342311,0.8,4,527,27,832,523,527,190,129,20,20,10,1
164,20,0,4.68457e-05,0,0.00335667,1.95957e-05,0.00342311,0.7,4,496,25,768,492,496,197,141,20,20,10,1
165,20,0,4.68457e-05,0,0.00335667,1.95957e-05,0.00342311,0.8,4,488,26,800,484,488,167,113,20,20,10,1
166,20,0,4.68457e-05,0,0.00335667,1.95957e-05,0.00342311,0.5,4,752,40,1248,748,752,275,168,20,20,10,1
167,20,0,4.68457e-05,0,0.00335667,1.95957e-05,0.00342311,1,4,550,26,800,546,550,194,128,20,20,10,1
168,20,0,4.68457e-05,0,0.00335667,1.95957e-05,0.00342311,0.9,4,481,24,736,477,481,180,124,20,20,10,1
169,20,0,4.68457e-05,0,0.00335667,1.95957e-05,0.00342311,1,4,510,27,832,506,510,190,128,20,20,10,1
170,20,0,4.68457e-05,0,0.00335667,1.95957e-05,0.00342311,0.7,4,472,26,800,468,472,203,155,20,20,10,1
171,20,0,4.68457e-05,0,0.00335667,1.95957e-05,0.00342311,0.5,4,637,33,1024,633,637,220,154,20,20,10,1
172,20,0,4.68457e-05,0,0.00335667,1.95957e-05,0.00342311,0.4,4,579,27,832,575,579,210,147,20,20,10,1
173,20,0,4.68457e-05,0,0.00335667,1.95957e-05,0.00342311,0.8,4,434,24,736,430,434,165,112,20,20,10,1
174,20,0,4.68457e-05,0,0.00335667,1.95957e-05,0.00342311,0.8,4,485,28,864,481,485,233,177,20,20,10,1
175,20,0,4.68457e-05,0,0.00335667,1.95957e-05,0.00342311,1,4,466,28,864,462,466,191,128,20,20,10,1
176,20,0,4.68457e-05,0,0.00335667,1.95957e-05,0.00342311,0.9,4,422,28,864,418,422,184,124,20,20,10,1
177,20,0,4.68457e-05,0,0.00335667,1.95957e-05,0.00342311,0.7,4,492,25,768,488,492,192,134,20,20,10,1
178,20,0,4.68457e-05,0,0.00335667,1.95957e-05,0.00342311,0.2,4,808,39,1216,804,808,263,171,20,20,10,1
179,20,0,4.68457e-05,0,0.00335667,1.95957e-05,0.00342311,0.5,4,604,28,864,600,604,191,132,20,20,10,1
180,20,0,4.68457e-05,0,0.00335667,1.95957e-05,0.00342311,0.9,4,585,31,960,581,585,230,172,20,20,10,1
181,20,0,4.68457e-05,0,0.00335667,1.95957e-05,0.00342311,0.6,4,554,30,928,550,554,211,144,20,20,10,1
182,20,0,4.68457e-05,0,0.00335667,1.95957e-05,0.00342311,0.9,4,572,31,960,568,572,237,163,20,20,10,1
183,20,0,4.68457e-05,0,0.00335667,1.95957e-05,0.00342311,0.8,4,696,37,1152,692,696,230,147,20,20,10,1
184,20,0,4.68457e-05,0,0.00335667,1.95957e-05,0.00342311,0.8,4,451,27,832,447,451,202,145,20,20,10,1
185,20,0,4.68457e-05,0,0.00335667,1.95957e-05,0.00342311,1,4,336,25,768,332,336,181,128,20,20,10,1
186,20,0,4.68457e-05,0,0.00335667,1.95957e-05,0.00342311,0.6,4,538,28,864,534,538,233,164,20,20,10,1
187,20,0,4.68457e-05,0,0.00335667,1.95957e-05,0.00342311,0.8,4,452,23,704,448,452,152,96,20,20,10,1
188,20,0,4.68457e-05,0,0.00335667,1.95957e-05,0.00342311,0.4,4,508,25,768,504,508,221,161,20,20,10,1
189,20,0,4.68457e-05,0,0.00335667,1.95957e-05,0.00342311,1,4,612,36,1120,608,612,271,188,20,20,10,1
190,20,0,4.68457e-05,0,0.00335667,1.95957e-05,0.00342311,1,4,629,37,1152,625,629,272,183,20,20,10,1
191,20,0,4.68457e-05,0,0.00335667,1.95957e-05,0.00342311,0.4,4,487,25,768,483,487,176,123,20,20,10,1
192,20,0,4.68457e-05,0,0.00335667,1.95957e-05,0.00342311,0.6,4,846,38,1184,842,846,224,125,20,20,10,1
193,20,0,4.68457e-05,0,0.00335667,1.95957e-05,0.00342311,0.9,4,540,32,992,536,540,252,196,20,20,10,1
194,20,0,4.68457e-05,0,0.00335667,1.95957e-05,0.00342311,0.7,4,585,28,864,581,585,209,139,20,20,10,1
195,20,0,4.68457e-05,0,0.00335667,1.95957e-05,0.00342311,0.9,4,485,25,768,481,485,180,133,20,20,10,1
196,20,0,4.68457e-05,0,0.00335667,1.95957e-05,0.00342311,0.2,4,496,27,832,492,496,211,155,20,20,10,1
197,20,0,4.68457e-05,0,0.00335667,1.95957e-05,0.00342311,0.7,4,586,29,896,582,586,207,143,20,20,10,1
198,20,0,4.68457e-05,0,0.00335667,1.95957e-05,0.00342311,1,4,463,28,864,459,463,230,173,20,20,10,1
199,20,0,4.68457e-05,0,0.00335667,1.95957e-05,0.00342311,0.3,4,540,26,800,536,540,193,134,20,20,10,1
200,20,0,4.68457e-05,0,0.00335667,1.95957e-05,0.00342311,1,4,540,25,768,536,540,184,121,20,20,10,1
201,20,0,4.68457e-05,0,0.00335667,1.95957e-05,0.00342311,0.7,4,693,35,1088,689,693,230,161,20,20,10,1
202,20,0,4.68457e-05,0,0.00335667,1.95957e-05,0.00342311,1,4,736,33,1024,732,736,265,187,20,20,10,1
203,20,0,4.68457e-05,0,0.00335667,1.95957e-05,0.00342311,0.8,4,515,26,800,511,515,205,149,20,20,10,1
204,20,0,4.68457e-05,0,0.00335667,1.95957e-05,0.00342311,0.9,4,489,26,800,485,489,190,141,20,20,10,1
205,20,0,4.68457e-05,0,0.00335667,1.95957e-05,0.00342311,0.9,4,544,29,896,540,544,263,193,20,20,10,1
206,20,0,4.68457e-05,0,0.00335667,1.95957e-05,0.00342311,1,4,483,27,832,479,483,235,176,20,20,10,1
207,20,0,4.68457e-05,0,0.00335667,1.95957e-05,0.00342311,0.9,4,505,29,896,501,505,218,152,20,20,10,1
208,20,0,4.68457e-05,0,0.00335667,1.95957e-05,0.00342311,0.9,4,461,27,832,457,461,226,164,20,20,10,1
209,20,0,4.68457e-05,0,0.00335667,1.95957e-05,0.00342311,1,4,438,25,768,434,438,194,134,20,20,10,1
210,20,0,4.68457e-05,0,0.00335667,1.95957e-05,0.00342311,0,4,538,27,832,534,538,197,149,20,20,10,1
211,20,0,4.68457e-05,0,0.00335667,1.95957e-05,0.00342311,0.9,4,509,28,864,505,509,223,164,20,20,10,1
212,20,0,4.68457e-05,0,0.00335667,1.95957e-05,0.00342311,0.8,4,417,26,800,413,417,184,143,20,20,10,1
213,20,0,4.68457e-05,0,0.00335667,1.95957e-05,0.00342311,0.7,4,691,34,1056,687,691,245,168,20,20,10,1
214,20,0,4.68457e-05,0,0.00335667,1.95957e-05,0.00342311,0,4,669,35,1088,665,669,273,200,20,20,10,1
215,20,0,4.68457e-05,0,0.00335667,1.95957e-05,0.00342311,0.9,4,482,26,800,478,482,189,134,20,20,10,1
216,20,0,4.68457e-05,0,0.00335667,1.95957e-05,0.00342311,0.6,4,546,31,960,542,546,197,116,20,20,10,1
217,20,0,4.68457e-05,0,0.00335667,1.95957e-05,0.00342311,0.8,4,695,34,1056,691,695,247,172,20,20,10,1
218,20,0,4.68457e-05,0,0.00335667,1.95957e-05,0.00342311,0.7,4,496,25,768,492,496,161,102,20,20,10,1
219,20,0,4.68457e-05,0,0.00335667,1.95957e-05,0.00342311,1,4,540,33,1024,536,540,245,179,20,20,10,1
220,20,0,4.68457e-05,0,0.00335667,1.95957e-05,0.00342311,1,4,930,47,1472,926,930,345,231,20,20,10,1
221,20,0,4.68457e-05,0,0.00335667,1.95957e-05,0.00342311,0.7,4,613,29,896,609,613,229,157,20,20,10,1
222,20,0,4.68457e-05,0,0.00335667,1.95957e-05,0.00342311,0.1,4,557,26,800,553,557,189,124,20,20,10,1
223,20,0,4.68457e-05,0,0.00335667,1.95957e-05,0.00342311,0.3,4,905,44,1376,901,905,256,152,20,20,10,1
224,20,0,4.68457e-05,0,0.00335667,1.95957e-05,0.00342311,0.4,4,579,29,896,575,579,223,167,20,20,10,1
225,20,0,4.68457e-05,0,0.00335667,1.95957e-05,0.00342311,0.3,4,510,24,736,506,510,168,107,20,20,10,1
226,20,0,4.68457e-05,0,0.00335667,1.95957e-05,0.00342311,0.4,4,616,37,1152,612,616,220,148,20,20,10,1
227,20,0,4.68457e-05,0,0.00335667,1.95957e-05,0.00342311,0.4,4,526,30,928,522,526,213,133,20,20,10,1
228,20,0,4.68457e-05,0,0.00335667,1.95957e-05,0.00342311,0.4,4,554,28,864,550,554,199,148,20,20,10,1
229,20,0,4.68457e-05,0,0.00335667,1.95957e-05,0.00342311,0.6,4,583,30,928,579,583,239,168,20,20,10,1
230,20,0,4.68457e-05,0,0.00335667,1.95957e-05,0.00342311,1,4,390,25,768,386,390,177,116,20,20,10,1
231,20,0,4.68457e-05,0,0.00335667,1.95957e-05,0.00342311,1,4,497,28,864,493,497,225,167,20,20,10,1
232,20,0,4.68457e-05,0,0.00335667,1.95957e-05,0.00342311,0.9,4,459,28,864,455,459,223,171,20,20,10,1
233,20,0,4.68457e-05,0,0.00335667,1.95957e-05,0.00342311,0.5,4,535,28,864,531,535,197,143,20,20,10,1
234,20,0,4.68457e-05,0,0.00335667,1.95957e-05,0.00342311,0.7,4,698,36,1120,694,698,259,181,20,20,10,1
235,20,0,4.68457e-05,0,0.00335667,1.95957e-05,0.00342311,0.8,4,457,28,864,453,457,206,155,20,20,10,1
236,20,0,4.68457e-05,0,0.00335667,1.95957e-05,0.00342311,1,4,445,25,768,441,445,183,129,20,20,10,1
237,20,0,4.68457e-05,0,0.00335667,1.95957e-05,0.00342311,0.9,4,575,34,1056,571,575,267,207,20,20,10,1
238,20,0,4.68457e-05,0,0.00335667,1.95957e-05,0.00342311,0.9,4,611,31,960,607,611,211,141,20,20,10,1
239,20,0,4.68457e-05,0,0.00335667,1.95957e-05,0.00342311,0.7,4,651,35,1088,647,651,215,135,20,20,10,1
240,20,0,4.68457e-05,0,0.00335667,1.95957e-05,0.00342311,1,4,634,32,992,630,634,263,195,20,20,10,1
241,20,0,4.68457e-05,0,0.00335667,1.95957e-05,0.00342311,0.5,4,547,31,960,543,547,234,176,20,20,10,1
242,20,0,4.68457e-05,0,0.00335667,1.95957e-05,0.00342311,0.6,4,564,30,928,560,564,186,122,20,20,10,1
243,20,0,4.68457e-05,0,0.00335667,1.95957e-05,0.00342311,0.4,4,586,29,896,582,586,215,142,20,20,10,1
244,20,0,4.68457e-05,0,0.00335667,1.95957e-05,0.00342311,0.6,4,532,31,960,528,532,214,144,20,20,10,1
245,20,0,4.68457e-05,0,0.00335667,1.95957e-05,0.00342311,0.8,4,619,31,960,615,619,238,179,20,20,10,1
246,20,0,4.68457e-05,0,0.00335667,1.95957e-05,0.00342311,0.6,4,676,34,1056,672,676,220,129,20,20,10,1
247,20,0,4.68457e-05,0,0.00335667,1.95957e-05,0.00342311,0.8,4,603,32,992,599,603,262,198,20,20,10,1
248,20,0,4.68457e-05,0,0.00335667,1.95957e-05,0.00342311,0.6,4,584,33,1024,580,584,221,139,20,20,10,1
249,20,0,4.68457e-05,0,0.00335667,1.95957e-05,0.00342311,0.5,4,690,33,1024,686,690,241,169,20,20,10,1
250,20,0,4.68457e-05,0,0.00335667,1.95957e-05,0.00342311,0,4,457,26,800,453,457,184,111,20,20,10,1
251,20,0,4.68457e-05,0,0.00335667,1.95957e-05,0.00342311,0.6,4,772,39,1216,768,772,259,164,20,20,10,1
252,20,0,4.68457e-05,0,0.00335667,1.95957e-05,0.00342311,0.4,4,474,26,800,470,474,172,117,20,20,10,1
253,20,0,4.68457e-05,0,0.00335667,1.95957e-05,0.00342311,1,4,465,29,896,461,465,229,169,20,20,10,1
254,20,0,4.68457e-05,0,0.00335667,1.95957e-05,0.00342311,0.7,4,819,41,1280,815,819,265,161,20,20,10,1
255,20,0,4.68457e-05,0,0.00335667,1.95957e-05,0.00342311,0.8,4,574,26,800,570,574,199,146,20,20,10,1
256,20,0,4.68457e-05,0,0.00335667,1.95957e-05,0.00342311,0.5,4,683,33,1024,679,683,244,160,20,20,10,1
257,20,0,4.68457e-05,0,0.00335667,1.95957e-05,0.00342311,0.7,4,524,29,896,520,524,191,133,20,20,10,1
258,20,0,4.68457e-05,0,0.00335667,1.95957e-05,0.00342311,0.4,4,572,32,992,568,572,217,141,20,20,10,1
259,20,0,4.68457e-05,0,0.00335667,1.95957e-05,0.00342311,0.4,4,726,36,1120,722,726,219,144,20,20,10,1
260,20,0,4.68457e-05,0,0.00335667,1.95957e-05,0.00342311,0.6,4,759,38,1184,755,759,302,205,20,20,10,1
261,20,0,4.68457e-05,0,0.00335667,1.95957e-05,0.00342311,0.6,4,481,27,832,477,481,191,135,20,20,10,1
262,20,0,4.68457e-05,0,0.00335667,1.95957e-05,0.00342311,0.6,4,559,25,768,555,559,187,118,20,20,10,1
263,20,0,4.68457e-05,0,0.00335667,1.95957e-05,0.00342311,1,4,346,25,768,342,346,178,115,20,20,10,1
264,20,0,4.68457e-05,0,0.00335667,1.95957e-05,0.00342311,0.9,4,577,28,864,573,577,220,154,20,20,10,1
265,20,0,4.68457e-05,0,0.00335667,1.95957e-05,0.00342311,1,4,471,29,896,467,471,241,178,20,20,10,1
266,20,0,4.68457e-05,0,0.00335667,1.95957e-05,0.00342311,1,4,472,27,832,468,472,207,151,20,20,10,1
267,20,0,4.68457e-05,0,0.00335667,1.95957e-05,0.00342311,0.9,4,487,27,832,483,487,223,166,20,20,10,1
268,20,0,4.68457e-05,0,0.00335667,1.95957e-05,0.00342311,0.4,4,514,24,736,510,514,171,111,20,20,10,1
269,20,0,4.68457e-05,0,0.00335667,1.95957e-05,0.00342311,0.9,4,503,29,896,499,503,222,162,20,20,10,1
270,20,0,4.68457e-05,0,0.00335667,1.95957e-05,0.00342311,0.6,4,500,26,800,496,500,166,99,20,20,10,1
271,20,0,4.68457e-05,0,0.00335667,1.95957e-05,0.00342311,0.9,4,560,31,960,556,560,201,154,20,20,10,1
272,20,0,4.68457e-05,0,0.00335667,1.95957e-05,0.00342311,0.8,4,542,31,960,538,542,204,131,20,20,10,1
273,20,0,4.68457e-05,0,0.00335667,1.95957e-05,0.00342311,0.9,4,509,29,896,505,509,200,144,20,20,10,1
274,20,0,4.68457e-05,0,0.00335667,1.95957e-05,0.00342311,0,4,647,33,1024,643,647,213,128,20,20,10,1
275,20,0,4.68457e-05,0,0.00335667,1.95957e-05,0.00342311,0.8,4,506,29,896,502,506,235,171,20,20,10,1
276,20,0,4.68457e-05,0,0.00335667,1.95957e-05,0.00342311,0.5,4,546,31,960,542,546,209,152,20,20,10,1
277,20,0,4.68457e-05,0,0.00335667,1.95957e-05,0.00342311,0.3,4,551,31,960,547,551,203,136,20,20,10,1
278,20,0,4.68457e-05,0,0.00335667,1.95957e-05,0.00342311,0.9,4,453,25,768,449,453,195,128,20,20,10,1
279,20,0,4.68457e-05,0,0.00335667,1.95957e-05,0.00342311,0.6,4,611,31,960,607,611,247,179,20,20,10,1
280,20,0,4.68457e-05,0,0.00335667,1.95957e-05,0.00342311,0.8,4,484,27,832,480,484,209,136,20,20,10,1
281,20,0,4.68457e-05,0,0.00335667,1.95957e-05,0.00342311,1,4,545,30,928,541,545,211,154,20,20,10,1
282,20,0,4.68457e-05,0,0.00335667,1.95957e-05,0.00342311,0.7,4,605,29,896,601,605,209,134,20,20,10,1
283,20,0,4.68457e-05,0,0.00335667,1.95957e-05,0.00342311,0.8,4,601,30,928,597,601,251,191,20,20,10,1
284,20,0,4.68457e-05,0,0.00335667,1.95957e-05,0.00342311,0.7,4,651,32,992,647,651,222,162,20,20,10,1
285,20,0,4.68457e-05,0,0.00335667,1.95957e-05,0.00342311,0.4,4,751,36,1120,747,751,243,153,20,20,10,1
286,20,0,4.68457e-05,0,0.00335667,1.95957e-05,0.00342311,0.7,4,478,25,768,474,478,198,134,20,20,10,1
287,20,0,4.68457e-05,0,0.00335667,1.95957e-05,0.00342311,0.7,4,550,31,960,546,550,260,190,20,20,10,1
288,20,0,4.68457e-05,0,0.00335667,1.95957e-05,0.00342311,0.9,4,493,31,960,489,493,236,177,20,20,10,1
289,20,0,4.68457e-05,0,0.00335667,1.95957e-05,0.00342311,0.2,4,496,27,832,492,496,190,137,20,20,10,1
290,20,0,4.68457e-05,0,0.00335667,1.95957e-05,0.00342311,1,4,541,30,928,537,541,203,142,20,20,10,1
291,20,0,4.68457e-05,0,0.00335667,1.95957e-05,0.00342311,0.8,4,498,25,768,494,498,198,140,20,20,10,1
292,20,0,4.68457e-05,0,0.00335667,1.95957e-05,0.00342311,1,4,561,29,896,557,561,225,142,20,20,10,1
293,20,0,4.68457e-05,0,0.00335667,1.95957e-05,0.00342311,0.8,4,569,29,896,565,569,181,124,20,20,10,1
294,20,0,4.68457e-05,0,0.00335667,1.95957e-05,0.00342311,0.8,4,528,26,800,524,528,172,123,20,20,10,1
295,20,0,4.68457e-05,0,0.00335667,1.95957e-05,0.00342311,0.9,4,712,34,1056,708,712,243,166,20,20,10,1
296,20,0,4.68457e-05,0,0.00335667,1.95957e-05,0.00342311,0.7,4,621,31,960,617,621,193,122,20,20,10,1
297,20,0,4.68457e-05,0,0.00335667,1.95957e-05,0.00342311,0.7,4,611,29,896,607,611,233,161,20,20,10,1
298,20,0,4.68457e-05,0,0.00335667,1.95957e-05,0.00342311,0.4,4,714,36,1120,710,714,247,142,20,20,10,1
299,20,0,4.68457e-05,0,0.00335667,1.95957e-05,0.00342311,0.5,4,479,25,768,475,479,168,123,20,20,10,1
300,20,0,4.68457e-05,0,0.00335667,1.95957e-05,0.00342311,0.2,4,638,30,928,634,638,192,132,20,20,10,1
301,20,0,4.68457e-05,0,0.00335667,1.95957e-05,0.00342311,0.8,4,488,29,896,484,488,233,175,20,20,10,1
302,20,0,4.68457e-05,0,0.00335667,1.95957e-05,0.00342311,1,4,499,30,928,495,499,194,122,20,20,10,1
303,20,0,4.68457e-05,0,0.00335667,1.95957e-05,0.00342311,0.8,4,552,28,864,548,552,218,174,20,20,10,1
304,20,0,4.68457e-05,0,0.00335667,1.95957e-05,0.00342311,0.3,4,968,45,1408,964,968,285,169,20,20,10,1
305,20,0,4.68457e-05,0,0.00335667,1.95957e-05,0.00342311,0.4,4,557,33,1024,553,557,201,104,20,20,10,1
306,20,0,4.68457e-05,0,0.00335667,1.95957e-05,0.00342311,0.6,4,550,28,864,546,550,197,132,20,20,10,1
307,20,0,4.68457e-05,0,0.00335667,1.95957e-05,0.00342311,0.4,4,625,32,992,621,625,236,136,20,20,10,1
308,20,0,4.68457e-05,0,0.00335667,1.95957e-05,0.00342311,0.7,4,581,35,1088,577,581,238,144,20,20,10,1
309,20,0,4.68457e-05,0,0.00335667,1.95957e-05,0.00342311,0.9,4,748,39,1216,744,748,212,110,20,20,10,1
310,20,0,4.68457e-05,0,0.00335667,1.95957e-05,0.00342311,0,4,393,24,736,389,393,141,89,20,20,10,1
311,20,0,4.68457e-05,0,0.00335667,1.95957e-05,0.00342311,0.5,4,754,41,1280,750,754,253,150,20,20,10,1
312,20,0,4.68457e-05,0,0.00335667,1.95957e-05,0.00342311,0.6,4,545,30,928,541,545,189,125,20,20,10,1
313,20,0,4.68457e-05,0,0.00335667,1.95957e-05,0.00342311,0.6,4,489,25,768,485,489,166,104,20,20,10,1
314,20,0,4.68457e-05,0,0.00335667,1.95957e-05,0.00342311,1,4,543,28,864,539,543,221,160,20,20,10,1
315,20,0,4.68457e-05,0,0.00335667,1.95957e-05,0.00342311,1,4,647,33,1024,643,647,241,178,20,20,10,1
316,20,0,4.68457e-05,0,0.00335667,1.95957e-05,0.00342311,0.7,4,580,29,896,576,580,226,159,20,20,10,1
317,20,0,4.68457e-05,0,0.00335667,1.95957e-05,0.00342311,0.7,4,973,51,1600,969,973,296,167,20,20,10,1
318,20,0,4.68457e-05,0,0.00335667,1.95957e-05,0.00342311,0.6,4,453,26,800,449,453,187,129,20,20,10,1
319,20,0,4.68457e-05,0,0.00335667,1.95957e-05,0.00342311,0.5,4,516,27,832,512,516,168,115,20,20,10,1
320,20,0,4.68457e-05,0,0.00335667,1.95957e-05,0.00342311,0.4,4,835,43,1344,831,835,253,161,20,20,10,1
321,20,0,4.68457e-05,0,0.00335667,1.95957e-05,0.00342311,0.5,4,527,26,800,523,527,186,120,20,20,10,1
322,20,0,4.68457e-05,0,0.00335667,1.95957e-05,0.00342311,0.7,4,642,32,992,638,642,238,160,20,20,10,1
323,20,0,4.68457e-05,0,0.00335667,1.95957e-05,0.00342311,0.8,4,819,40,1248,815,819,243,152,20,20,10,1
324,20,0,4.68457e-05,0,0.00335667,1.95957e-05,0.00342311,0.7,4,631,31,960,627,631,197,116,20,20,10,1
325,20,0,4.68457e-05,0,0.00335667,1.95957e-05,0.00342311,0.6,4,756,34,1056,752,756,214,135,20,20,10,1
326,20,0,4.68457e-05,0,0.00335667,1.95957e-05,0.00342311,0.4,4,709,41,1280,705,709,256,152,20,20,10,1
327,20,0,4.68457e-05,0,0.00335667,1.95957e-05,0.00342311,1,4,484,28,864,480,484,208,153,20,20,10,1
328,20,0,4.68457e-05,0,0.00335667,1.95957e-05,0.00342311,1,4,510,27,832,506,510,211,151,20,20,10,1
329,20,0,4.68457e-05,0,0.00335667,1.95957e-05,0.00342311,0.4,4,575,28,864,571,575,232,165,20,20,10,1
330,20,0,4.68457e-05,0,0.00335667,1.95957e-05,0.00342311,0.9,4,491,26,800,487,491,214,154,20,20,10,1
331,20,0,4.68457e-05,0,0.00335667,1.95957e-05,0.00342311,0.8,4,513,26,800,509,513,203,136,20,20,10,1
332,20,0,4.68457e-05,0,0.00335667,1.95957e-05,0.00342311,0.6,4,458,24,736,454,458,138,87,20,20,10,1
333,20,0,4.68457e-05,0,0.00335667,1.95957e-05,0.00342311,0.6,4,626,31,960,622,626,220,136,20,20,10,1
334,20,0,4.68457e-05,0,0.00335667,1.95957e-05,0.00342311,1,4,617,31,960,613,617,218,148,20,20,10,1
335,20,0,4.68457e-05,0,0.00335667,1.95957e-05,0.00342311,0.7,4,540,28,864,536,540,214,152,20,20,10,1
336,20,0,4.68457e-05,0,0.00335667,1.95957e-05,0.00342311,0.5,4,637,32,992,633,637,219,155,20,20,10,1
337,20,0,4.68457e-05,0,0.00335667,1.95957e-05,0.00342311,0.8,4,568,30,928,564,568,198,124,20,20,10,1
338,20,0,4.68457e-05,0,0.00335667,1.95957e-05,0.00342311,0.5,4,584,28,864,580,584,214,138,20,20,10,1
339,20,0,4.68457e-05,0,0.00335667,1.95957e-05,0.00342311,0.8,4,560,29,896,556,560,229,171,20,20,10,1
340,20,0,4.68457e-05,0,0.00335667,1.95957e-05,0.00342311,1,4,556,30,928,552,556,209,138,20,20,10,1
341,20,0,4.68457e-05,0,0.00335667,1.95957e-05,0.00342311,0.9,4,530,25,768,526,530,182,129,20,20,10,1
342,20,0,4.68457e-05,0,0.00335667,1.95957e-05,0.00342311,0.8,4,527,25,768,523,527,172,108,20,20,10,1
343,20,0,4.68457e-05,0,0.00335667,1.95957e-05,0.00342311,1,4,568,29,896,564,568,209,127,20,20,10,1
344,20,0,4.68457e-05,0,0.00335667,1.95957e-05,0.00342311,1,4,686,32,992,682,686,254,194,20,20,10,1
345,20,0,4.68457e-05,0,0.00335667,1.95957e-05,0.00342311,0.3,4,505,28,864,501,505,187,129,20,20,10,1
346,20,0,4.68457e-05,0,0.00335667,1.95957e-05,0.00342311,0.8,4,540,31,960,536,540,264,191,20,20,10,1
347,20,0,4.68457e-05,0,0.00335667,1.95957e-05,0.00342311,1,4,526,29,896,522,526,218,156,20,20,10,1
348,20,0,4.68457e-05,0,0.00335667,1.95957e-05,0.00342311,0.5,4,499,25,768,495,499,187,136,20,20,10,1
349,20,0,4.68457e-05,0,0.00335667,1.95957e-05,0.00342311,0.4,4,486,24,736,482,486,198,138,20,20,10,1
350,20,0,4.68457e-05,0,0.00335667,1.95957e-05,0.00342311,0.6,4,559,27,832,555,559,199,140,20,20,10,1
351,20,0,4.68457e-05,0,0.00335667,1.95957e-05,0.00342311,0.8,4,484,24,736,480,484,157,97,20,20,10,1
352,20,0,4.68457e-05,0,0.00335667,1.95957e-05,0.00342311,0.6,4,497,27,832,493,497,184,133,20,20,10,1
353,20,0,4.68457e-05,0,0.00335667,1.95957e-05,0.00342311,0.9,4,459,25,768,455,459,179,131,20,20,10,1
354,20,0,4.68457e-05,0,0.00335667,1.95957e-05,0.00342311,0.4,4,776,39,1216,772,776,262,169,20,20,10,1
355,20,0,4.68457e-05,0,0.00335667,1.95957e-05,0.00342311,0.3,4,472,27,832,468,472,206,142,20,20,10,1
356,20,0,4.68457e-05,0,0.00335667,1.95957e-05,0.00342311,1,4,513,27,832,509,513,248,178,20,20,10,1
357,20,0,4.68457e-05,0,0.00335667,1.95957e-05,0.00342311,1,4,448,24,736,444,448,165,109,20,20,10,1
358,20,0,4.68457e-05,0,0.00335667,1.95957e-05,0.00342311,0.9,4,596,33,1024,592,596,221,155,20,20,10,1
359,20,0,4.68457e-05,0,0.00335667,1.95957e-05,0.00342311,0.9,4,669,30,928,665,669,225,156,20,20,10,1
360,20,0,4.68457e-05,0,0.00335667,1.95957e-05,0.00342311,0.6,4,553,28,864,549,553,226,150,20,20,10,1
361,20,0,4.68457e-05,0,0.00335667,1.95957e-05,0.00342311,0.4,4,672,31,960,668,672,219,146,20,20,10,1
362,20,0,4.68457e-05,0,0.00335667,1.95957e-05,0.00342311,0.5,4,494,27,832,490,494,201,138,20,20,10,1
363,20,0,4.68457e-05,0,0.00335667,1.95957e-05,0.00342311,1,4,623,30,928,619,623,262,199,20,20,10,1
364,20,0,4.68457e-05,0,0.00335667,1.95957e-05,0.00342311,0.7,4,484,26,800,480,484,192,128,20,20,10,1
365,20,0,4.68457e-05,0,0.00335667,1.95957e-05,0.00342311,1,4,576,31,960,572,576,254,184,20,20,10,1
366,20,0,4.68457e-05,0,0.00335667,1.95957e-05,0.00342311,0.8,4,579,29,896,575,579,240,176,20,20,10,1
367,20,0,4.68457e-05,0,0.00335667,1.95957e-05,0.00342311,0.5,4,547,28,864,543,547,235,158,20,20,10,1
368,20,0,4.68457e-05,0,0.00335667,1.95957e-05,0.00342311,0.7,4,432,26,800,428,432,178,123,20,20,10,1
369,20,0,4.68457e-05,0,0.00335667,1.95957e-05,0.00342311,0.9,4,617,30,928,613,617,222,153,20,20,10,1
370,20,0,4.68457e-05,0,0.00335667,1.95957e-05,0.00342311,0.9,4,527,25,768,523,527,171,102,20,20,10,1
371,20,0,4.68457e-05,0,0.00335667,1.95957e-05,0.00342311,1,4,565,25,768,561,565,171,105,20,20,10,1
372,20,0,4.68457e-05,0,0.00335667,1.95957e-05,0.00342311,0.6,4,443,26,800,439,443,175,115,20,20,10,1
373,20,0,4.68457e-05,0,0.00335667,1.95957e-05,0.00342311,0.7,4,614,27,832,610,614,214,146,20,20,10,1
374,20,0,4.68457e-05,0,0.00335667,1.95957e-05,0.00342311,0.9,4,562,31,960,558,562,258,191,20,20,10,1
375,20,0,4.68457e-05,0,0.00335667,1.95957e-05,0.00342311,0.2,4,498,24,736,494,498,185,115,20,20,10,1
376,20,0,4.68457e-05,0,0.00335667,1.95957e-05,0.00342311,0.3,4,536,29,896,532,536,222,145,20,20,10,1
377,20,0,4.68457e-05,0,0.00335667,1.95957e-05,0.00342311,0.9,4,404,25,768,400,404,192,138,20,20,10,1
378,20,0,4.68457e-05,0,0.00335667,1.95957e-05,0.00342311,0.9,4,613,28,864,609,613,235,176,20,20,10,1
379,20,0,4.68457e-05,0,0.00335667,1.95957e-05,0.00342311,0.7,4,495,29,896,491,495,204,131,20,20,10,1
380,20,0,4.68457e-05,0,0.00335667,1.95957e-05,0.00342311,0.9,4,698,37,1152,694,698,243,153,20,20,10,1
381,20,0,4.68457e-05,0,0.00335667,1.95957e-05,0.00342311,0.5,4,819,37,1152,815,819,266,157,20,20,10,1
382,20,0,4.68457e-05,0,0.00335667,1.95957e-05,0.00342311,0.8,4,780,42,1312,776,780,292,187,20,20,10,1
383,20,0,4.68457e-05,0,0.00335667,1.95957e-05,0.00342311,0.7,4,797,37,1152,793,797,245,167,20,20,10,1
384,20,0,4.68457e-05,0,0.00335667,1.95957e-05,0.00342311,0.5,4,473,27,832,469,473,175,123,20,20,10,1
385,20,0,4.68457e-05,0,0.00335667,1.95957e-05,0.00342311,0.5,4,725,38,1184,721,725,276,191,20,20,10,1
386,20,0,4.68457e-05,0,0.00335667,1.95957e-05,0.00342311,0.6,4,502,24,736,498,502,154,98,20,20,10,1
387,20,0,4.68457e-05,0,0.00335667,1.95957e-05,0.00342311,0.8,4,550,26,800,546,550,179,124,20,20,10,1
388,20,0,4.68457e-05,0,0.00335667,1.95957e-05,0.00342311,0.2,4,471,25,768,467,471,175,122,20,20,10,1
389,20,0,4.68457e-05,0,0.00335667,1.95957e-05,0.00342311,0,4,584,31,960,580,584,205,132,20,20,10,1
390,20,0,4.68457e-05,0,0.00335667,1.95957e-05,0.00342311,1,4,530,26,800,526,530,204,139,20,20,10,1
391,20,0,4.68457e-05,0,0.00335667,1.95957e-05,0.00342311,1,4,639,34,1056,635,639,221,148,20,20,10,1
392,20,0,4.68457e-05,0,0.00335667,1.95957e-05,0.00342311,0.5,4,761,37,1152,757,761,246,174,20,20,10,1
393,20,0,4.68457e-05,0,0.00335667,1.95957e-05,0.00342311,0.8,4,460,25,768,456,460,177,120,20,20,10,1
394,20,0,4.68457e-05,0,0.00335667,1.95957e-05,0.00342311,0.8,4,402,26,800,398,402,166,119,20,20,10,1
395,20,0,4.68457e-05,0,0.00335667,1.95957e-05,0.00342311,0.9,4,532,28,864,528,532,179,113,20,20,10,1
396,20,0,4.68457e-05,0,0.00335667,1.95957e-05,0.00342311,0.4,4,633,30,928,629,633,213,152,20,20,10,1
397,20,0,4.68457e-05,0,0.00335667,1.95957e-05,0.00342311,0.4,4,411,24,736,407,411,169,100,20,20,10,1
398,20,0,4.68457e-05,0,0.00335667,1.95957e-05,0.00342311,0.6,4,402,24,736,398,402,178,133,20,20,10,1
399,20,0,4.68457e-05,0,0.00335667,1.95957e-05,0.00342311,1,4,412,26,800,408,412,187,135,20,20,10,1
400,20,0,4.68457e-05,0,0.00335667,1.95957e-05,0.00342311,0.4,4,509,27,832,505,509,178,120,20,20,10,1
401,20,0,4.68457e-05,0,0.00335667,1.95957e-05,0.00342311,0.7,4,521,24,736,517,521,199,132,20,20,10,1
402,20,0,4.68457e-05,0,0.00335667,1.95957e-05,0.00342311,0.6,4,584,30,928,580,584,188,123,20,20,10,1
403,20,0,4.68457e-05,0,0.00335667,1.95957e-05,0.00342311,1,4,542,27,832,538,542,161,104,20,20,10,1
404,20,0,4.68457e-05,0,0.00335667,1.95957e-05,0.00342311,0.9,4,546,28,864,542,546,253,197,20,20,10,1
405,20,0,4.68457e-05,0,0.00335667,1.95957e-05,0.00342311,0.6,4,598,29,896,594,598,208,139,20,20,10,1
406,20,0,4.68457e-05,0,0.00335667,1.95957e-05,0.00342311,0.7,4,574,29,896,570,574,231,169,20,20,10,1
407,20,0,4.68457e-05,0,0.00335667,1.95957e-05,0.00342311,0.9,4,507,25,768,503,507,162,111,20,20,10,1
408,20,0,4.68457e-05,0,0.00335667,1.95957e-05,0.00342311,0.9,4,473,25,768,469,473,188,131,20,20,10,1
409,20,0,4.68457e-05,0,0.00335667,1.95957e-05,0.00342311,0.4,4,472,27,832,468,472,170,97,20,20,10,1
410,20,0,4.68457e-05,0,0.00335667,1.95957e-05,0.00342311,0.9,4,482,26,800,478,482,158,104,20,20,10,1
411,20,0,4.68457e-05,0,0.00335667,1.95957e-05,0.00342311,0.8,4,732,40,1248,728,732,321,214,20,20,10,1
412,20,0,4.68457e-05,0,0.00335667,1.95957e-05,0.00342311,1,4,713,36,1120,709,713,183,101,20,20,10,1
413,20,0,4.68457e-05,0,0.00335667,1.95957e-05,0.00342311,0.5,4,635,31,960,631,635,208,119,20,20,10,1
414,20,0,4.68457e-05,0,0.00335667,1.95957e-05,0.00342311,1,4,647,35,1088,643,647,255,177,20,20,10,1
415,20,0,4.68457e-05,0,0.00335667,1.95957e-05,0.00342311,0.1,4,633,29,896,629,633,205,142,20,20,10,1
416,20,0,4.68457e-05,0,0.00335667,1.95957e-05,0.00342311,0.9,4,483,25,768,479,483,202,150,20,20,10,1
417,20,0,4.68457e-05,0,0.00335667,1.95957e-05,0.00342311,1,4,450,26,800,446,450,181,137,20,20,10,1
418,20,0,4.68457e-05,0,0.00335667,1.95957e-05,0.00342311,0.3,4,595,30,928,591,595,215,152,20,20,10,1
419,20,0,4.68457e-05,0,0.00335667,1.95957e-05,0.00342311,1,4,541,28,864,537,541,174,101,20,20,10,1
420,20,0,4.68457e-05,0,0.00335667,1.95957e-05,0.00342311,0.9,4,528,28,864,524,528,208,154,20,20,10,1
421,20,0,4.68457e-05,0,0.00335667,1.95957e-05,0.00342311,0.6,4,526,29,896,522,526,229,167,20,20,10,1
422,20,0,4.68457e-05,0,0.00335667,1.95957e-05,0.00342311,1,4,487,25,768,483,487,208,139,20,20,10,1
423,20,0,4.68457e-05,0,0.00335667,1.95957e-05,0.00342311,0.4,4,605,33,1024,601,605,234,164,20,20,10,1
424,20,0,4.68457e-05,0,0.00335667,1.95957e-05,0.00342311,0,4,855,46,1440,851,855,259,127,20,20,10,1
425,20,0,4.68457e-05,0,0.00335667,1.95957e-05,0.00342311,0.4,4,508,26,800,504,508,196,124,20,20,10,1
426,20,0,4.68457e-05,0,0.00335667,1.95957e-05,0.00342311,0.7,4,519,26,800,515,519,211,150,20,20,10,1
427,20,0,4.68457e-05,0,0.00335667,1.95957e-05,0.00342311,0.8,4,439,25,768,435,439,179,127,20,20,10,1
428,20,0,4.68457e-05,0,0.00335667,1.95957e-05,0.00342311,0.8,4,463,25,768,459,463,186,135,20,20,10,1
429,20,0,4.68457e-05,0,0.00335667,1.95957e-05,0.00342311,0.3,4,609,33,1024,605,609,207,136,20,20,10,1
430,20,0,4.68457e-05,0,0.00335667,1.95957e-05,0.00342311,0.9,4,509,28,864,505,509,202,147,20,20,10,1
431,20,0,4.68457e-05,0,0.00335667,1.95957e-05,0.00342311,0.8,4,604,33,1024,600,604,190,112,20,20,10,1
432,20,0,4.68457e-05,0,0.00335667,1.95957e-05,0.00342311,1,4,591,31,960,587,591,206,134,20,20,10,1
433,20,0,4.68457e-05,0,0.00335667,1.95957e-05,0.00342311,0.6,4,700,37,1152,696,700,199,109,20,20,10,1
434,20,0,4.68457e-05,0,0.00335667,1.95957e-05,0.00342311,1,4,667,31,960,663,667,242,172,20,20,10,1
435,20,0,4.68457e-05,0,0.00335667,1.95957e-05,0.00342311,0.9,4,638,34,1056,634,638,221,140,20,20,10,1
436,20,0,4.68457e-05,0,0.00335667,1.95957e-05,0.00342311,1,4,513,27,832,509,513,215,138,20,20,10,1
437,20,0,4.68457e-05,0,0.00335667,1.95957e-05,0.00342311,1,4,556,25,768,552,556,195,131,20,20,10,1
438,20,0,4.68457e-05,0,0.00335667,1.95957e-05,0.00342311,0.9,4,637,33,1024,633,637,221,135,20,20,10,1
439,20,0,4.68457e-05,0,0.00335667,1.95957e-05,0.00342311,0.9,4,480,26,800,476,480,215,162,20,20,10,1
440,20,0,4.68457e-05,0,0.00335667,1.95957e-05,0.00342311,1,4,504,29,896,500,504,225,173,20,20,10,1
441,20,0,4.68457e-05,0,0.00335667,1.95957e-05,0.00342311,0.4,4,741,39,1216,737,741,274,181,20,20,10,1
442,20,0,4.68457e-05,0,0.00335667,1.95957e-05,0.00342311,1,4,456,27,832,452,456,211,165,20,20,10,1
443,20,0,4.68457e-05,0,0.00335667,1.95957e-05,0.00342311,0.8,4,470,27,832,466,470,189,124,20,20,10,1
444,20,0,4.68457e-05,0,0.00335667,1.95957e-05,0.00342311,0.6,4,473,23,704,469,473,145,91,20,20,10,1
445,20,0,4.68457e-05,0,0.00335667,1.95957e-05,0.00342311,0.7,4,604,36,1120,600,604,205,127,20,20,10,1
446,20,0,4.68457e-05,0,0.00335667,1.95957e-05,0.00342311,0.5,4,681,33,1024,677,681,251,151,20,20,10,1
447,20,0,4.68457e-05,0,0.00335667,1.95957e-05,0.00342311,0.6,4,588,32,992,584,588,194,125,20,20,10,1
448,20,0,4.68457e-05,0,0.00335667,1.95957e-05,0.00342311,0.5,4,697,37,1152,693,697,251,164,20,20,10,1
449,20,0,4.68457e-05,0,0.00335667,1.95957e-05,0.00342311,1,4,710,39,1216,706,710,310,221,20,20,10,1
450,20,0,4.68457e-05,0,0.00335667,1.95957e-05,0.00342311,0.8,4,689,37,1152,685,689,254,161,20,20,10,1
451,20,0,4.68457e-05,0,0.00335667,1.95957e-05,0.00342311,0.6,4,485,24,736,481,485,187,131,20,20,10,1
452,20,0,4.68457e-05,0,0.00335667,1.95957e-05,0.00342311,0.5,4,647,29,896,643,647,226,150,20,20,10,1
453,20,0,4.68457e-05,0,0.00335667,1.95957e-05,0.00342311,0.1,4,573,28,864,569,573,202,140,20,20,10,1
454,20,0,4.68457e-05,0,0.00335667,1.95957e-05,0.00342311,1,4,617,32,992,613,617,232,141,20,20,10,1
455,20,0,4.68457e-05,0,0.00335667,1.95957e-05,0.00342311,0.4,4,516,31,960,512,516,223,155,20,20,10,1
456,20,0,4.68457e-05,0,0.00335667,1.95957e-05,0.00342311,0.9,4,596,31,960,592,596,224,159,20,20,10,1
457,20,0,4.68457e-05,0,0.00335667,1.95957e-05,0.00342311,0.8,4,629,32,992,625,629,234,167,20,20,10,1
458,20,0,4.68457e-05,0,0.00335667,1.95957e-05,0.00342311,0.8,4,530,30,928,526,530,232,159,20,20,10,1
459,20,0,4.68457e-05,0,0.00335667,1.95957e-05,0.00342311,0.5,4,809,40,1248,805,809,252,138,20,20,10,1
460,20,0,4.68457e-05,0,0.00335667,1.95957e-05,0.00342311,0.5,4,534,25,768,530,534,186,138,20,20,10,1
461,20,0,4.68457e-05,0,0.00335667,1.95957e-05,0.00342311,0.6,4,482,24,736,478,482,167,116,20,20,10,1
462,20,0,4.68457e-05,0,0.00335667,1.95957e-05,0.00342311,1,4,423,29,896,419,423,214,168,20,20,10,1
463,20,0,4.68457e-05,0,0.00335667,1.95957e-05,0.00342311,0.9,4,390,24,736,386,390,149,98,20,20,10,1
464,20,0,4.68457e-05,0,0.00335667,1.95957e-05,0.00342311,0.9,4,450,26,800,446,450,212,163,20,20,10,1
465,20,0,4.68457e-05,0,0.00335667,1.95957e-05,0.00342311,0.8,4,548,29,896,544,548,207,132,20,20,10,1
466,20,0,4.68457e-05,0,0.00335667,1.95957e-05,0.00342311,0.8,4,557,27,832,553,557,202,140,20,20,10,1
467,20,0,4.68457e-05,0,0.00335667,1.95957e-05,0.00342311,1,4,713,34,1056,709,713,265,175,20,20,10,1
468,20,0,4.68457e-05,0,0.00335667,1.95957e-05,0.00342311,0.7,4,555,29,896,551,555,228,163,20,20,10,1
469,20,0,4.68457e-05,0,0.00335667,1.95957e-05,0.00342311,0.5,4,490,25,768,486,490,218,170,20,20,10,1
470,20,0,4.68457e-05,0,0.00335667,1.95957e-05,0.00342311,1,4,529,27,832,525,529,210,157,20,20,10,1
471,20,0,4.68457e-05,0,0.00335667,1.95957e-05,0.00342311,0.2,4,500,28,864,496,500,196,121,20,20,10,1
472,20,0,4.68457e-05,0,0.00335667,1.95957e-05,0.00342311,0.5,4,575,29,896,571,575,214,153,20,20,10,1
473,20,0,4.68457e-05,0,0.00335667,1.95957e-05,0.00342311,0.9,4,594,36,1120,590,594,270,192,20,20,10,1
474,20,0,4.68457e-05,0,0.00335667,1.95957e-05,0.00342311,0.7,4,471,25,768,467,471,171,125,20,20,10,1
475,20,0,4.68457e-05,0,0.00335667,1.95957e-05,0.00342311,1,4,561,32,992,557,561,245,178,20,20,10,1
476,20,0,4.68457e-05,0,0.00335667,1.95957e-05,0.00342311,0.7,4,479,27,832,475,479,213,154,20,20,10,1
477,20,0,4.68457e-05,0,0.00335667,1.95957e-05,0.00342311,0.8,4,605,31,960,601,605,254,181,20,20,10,1
478,20,0,4.68457e-05,0,0.00335667,1.95957e-05,0.00342311,1,4,382,28,864,378,382,217,180,20,20,10,1
479,20,0,4.68457e-05,0,0.00335667,1.95957e-05,0.00342311,0.9,4,652,34,1056,648,652,226,154,20,20,10,1
480,20,0,4.68457e-05,0,0.00335667,1.95957e-05,0.00342311,1,4,419,32,992,415,419,273,231,20,20,10,1
481,20,0,4.68457e-05,0,0.00335667,1.95957e-05,0.00342311,0.6,4,504,27,832,500,504,209,143,20,20,10,1
482,20,0,4.68457e-05,0,0.00335667,1.95957e-05,0.00342311,0.9,4,545,31,960,541,545,260,195,20,20,10,1
483,20,0,4.68457e-05,0,0.00335667,1.95957e-05,0.00342311,0.8,4,662,36,1120,658,662,233,146,20,20,10,1
484,20,0,4.68457e-05,0,0.00335667,1.95957e-05,0.00342311,1,4,498,29,896,494,498,246,190,20,20,10,1
485,20,0,4.68457e-05,0,0.00335667,1.95957e-05,0.00342311,1,4,417,28,864,413,417,222,172,20,20,10,1
486,20,0,4.68457e-05,0,0.00335667,1.95957e-05,0.00342311,0.7,4,561,29,896,557,561,229,159,20,20,10,1
487,20,0,4.68457e-05,0,0.00335667,1.95957e-05,0.00342311,1,4,469,25,768,465,469,174,128,20,20,10,1
488,20,0,4.68457e-05,0,0.00335667,1.95957e-05,0.00342311,0.9,4,495,27,832,491,495,193,135,20,20,10,1
489,20,0,4.68457e-05,0,0.00335667,1.95957e-05,0.00342311,0,4,351,23,704,347,351,134,80,20,20,10,1
490,20,0,4.68457e-05,0,0.00335667,1.95957e-05,0.00342311,1,4,570,30,928,566,570,201,131,20,20,10,1
491,20,0,4.68457e-05,0,0.00335667,1.95957e-05,0.00342311,0.8,4,740,39,1216,736,740,281,185,20,20,10,1
492,20,0,4.68457e-05,0,0.00335667,1.95957e-05,0.00342311,1,4,486,26,800,482,486,205,151,20,20,10,1
493,20,0,4.68457e-05,0,0.00335667,1.95957e-05,0.00342311,1,4,379,26,800,375,379,227,179,20,20,10,1
494,20,0,4.68457e-05,0,0.00335667,1.95957e-05,0.00342311,0.8,4,544,29,896,540,544,235,167,20,20,10,1
495,20,0,4.68457e-05,0,0.00335667,1.95957e-05,0.00342311,1,4,562,29,896,558,562,200,133,20,20,10,1
496,20,0,4.68457e-05,0,0.00335667,1.95957e-05,0.00342311,1,4,440,28,864,436,440,227,166,20,20,10,1
497,20,0,4.68457e-05,0,0.00335667,1.95957e-05,0.00342311,0.1,4,488,25,768,484,488,170,112,20,20,10,1
498,20,0,4.68457e-05,0,0.00335667,1.95957e-05,0.00342311,0.5,4,467,25,768,463,467,215,156,20,20,10,1
499,20,0,4.68457e-05,0,0.00335667,1.95957e-05,0.00342311,0.7,4,476,26,800,472,476,174,123,20,20,10,1
500,20,0,4.68457e-05,0,0.00335667,1.95957e-05,0.00342311,1,4,439,23,704,435,439,143,94,20,20,10,1
501,20,0,4.68457e-05,0,0.00335667,1.95957e-05,0.00342311,0.5,4,606,31,960,602,606,248,167,20,20,10,1
502,20,0,4.68457e-05,0,0.00335667,1.95957e-05,0.00342311,1,4,490,30,928,486,490,244,190,20,20,10,1
503,20,0,4.68457e-05,0,0.00335667,1.95957e-05,0.00342311,1,4,638,32,992,634,638,212,139,20,20,10,1
504,20,0,4.68457e-05,0,0.00335667,1.95957e-05,0.00342311,1,4,500,31,960,496,500,229,163,20,20,10,1
505,20,0,4.68457e-05,0,0.00335667,1.95957e-05,0.00342311,0.7,4,488,30,928,484,488,219,167,20,20,10,1
506,20,0,4.68457e-05,0,0.00335667,1.95957e-05,0.00342311,0.8,4,438,25,768,434,438,178,126,20,20,10,1
507,20,0,4.68457e-05,0,0.00335667,1.95957e-05,0.00342311,0.1,4,378,26,800,374,378,172,127,20,20,10,1
508,20,0,4.68457e-05,0,0.00335667,1.95957e-05,0.00342311,0.3,4,504,26,800,500,504,198,135,20,20,10,1
509,20,0,4.68457e-05,0,0.00335667,1.95957e-05,0.00342311,1,4,435,26,800,431,435,186,134,20,20,10,1
510,20,0,4.68457e-05,0,0.00335667,1.95957e-05,0.00342311,0.8,4,670,36,1120,666,670,253,194,20,20,10,1
511,20,0,4.68457e-05,0,0.00335667,1.95957e-05,0.00342311,0.6,4,710,31,960,706,710,232,172,20,20,10,1
512,20,1,3.58279e-05,0,0.00328612,1.69693e-05,0.00333892,0.6,4,610,32,992,606,610,226,156,20,20,10,1
513,20,1,3.58279e-05,0,0.00328612,1.69693e-05,0.00333892,0.8,4,556,27,832,552,556,204,140,20,20,10,1
514,20,1,3.58279e-05,0,0.00328612,1.69693e-05,0.00333892,1,4,348,27,832,344,348,201,152,20,20,10,1
515,20,1,3.58279e-05,0,0.00328612,1.69693e-05,0.00333892,0.8,4,617,30,928,613,617,210,142,20,20,10,1
516,20,1,3.58279e-05,0,0.00328612,1.69693e-05,0.00333892,0.7,4,592,30,928,588,592,251,184,20,20,10,1
517,20,1,3.58279e-05,0,0.00328612,1.69693e-05,0.00333892,1,4,463,28,864,459,463,246,186,20,20,10,1
518,20,1,3.58279e-05,0,0.00328612,1.69693e-05,0.00333892,0.9,4,568,36,1120,564,568,238,160,20,20,10,1
519,20,1,3.58279e-05,0,0.00328612,1.69693e-05,0.00333892,0.6,4,544,28,864,540,544,231,168,20,20,10,1
520,20,1,3.58279e-05,0,0.00328612,1.69693e-05,0.00333892,0.7,4,662,36,1120,658,662,260,176,20,20,10,1
521,20,1,3.58279e-05,0,0.00328612,1.69693e-05,0.00333892,1,4,447,29,896,443,447,229,187,20,20,10,1
522,20,1,3.58279e-05,0,0.00328612,1.69693e-05,0.00333892,0.9,4,482,32,992,478,482,233,176,20,20,10,1
523,20,1,3.58279e-05,0,0.00328612,1.69693e-05,0.00333892,0.8,4,712,39,1216,708,712,273,194,20,20,10,1
524,20,1,3.58279e-05,0,0.00328612,1.69693e-05,0.00333892,0.8,4,464,28,864,460,464,198,144,20,20,10,1
525,20,1,3.58279e-05,0,0.00328612,1.69693e-05,0.00333892,0.9,4,515,25,768,511,515,191,135,20,20,10,1
526,20,1,3.58279e-05,0,0.00328612,1.69693e-05,0.00333892,1,4,438,28,864,434,438,221,164,20,20,10,1
527,20,1,3.58279e-05,0,0.00328612,1.69693e-05,0.00333892,1,4,400,28,864,396,400,222,164,20,20,10,1
528,20,1,3.58279e-05,0,0.00328612,1.69693e-05,0.00333892,0.7,4,658,30,928,654,658,204,131,20,20,10,1
529,20,1,3.58279e-05,0,0.00328612,1.69693e-05,0.00333892,0.9,4,599,32,992,595,599,253,168,20,20,10,1
530,20,1,3.58279e-05,0,0.00328612,1.69693e-05,0.00333892,1,4,459,29,896,455,459,224,162,20,20,10,1
531,20,1,3.58279e-05,0,0.00328612,1.69693e-05,0.00333892,0.6,4,658,32,992,654,658,255,195,20,20,10,1
532,20,1,3.58279e-05,0,0.00328612,1.69693e-05,0.00333892,1,4,378,28,864,374,378,254,200,20,20,10,1
533,20,1,3.58279e-05,0,0.00328612,1.69693e-05,0.00333892,0.6,4,564,30,928,560,564,232,152,20,20,10,1
534,20,1,3.58279e-05,0,0.00328612,1.69693e-05,0.00333892,0.9,4,545,28,864,541,545,239,167,20,20,10,1
535,20,1,3.58279e-05,0,0.00328612,1.69693e-05,0.00333892,0.6,4,460,25,768,456,460,190,145,20,20,10,1
536,20,1,3.58279e-05,0,0.00328612,1.69693e-05,0.00333892,0.6,4,551,31,960,547,551,205,150,20,20,10,1
537,20,1,3.58279e-05,0,0.00328612,1.69693e-05,0.00333892,1,4,537,28,864,533,537,196,138,20,20,10,1
538,20,1,3.58279e-05,0,0.00328612,1.69693e-05,0.00333892,0.8,4,645,32,992,641,645,240,171,20,20,10,1
539,20,1,3.58279e-05,0,0.00328612,1.69693e-05,0.00333892,0.9,4,750,33,1024,746,750,266,191,20,20,10,1
540,20,1,3.58279e-05,0,0.00328612,1.69693e-05,0.00333892,1,4,507,26,800,503,507,197,122,20,20,10,1
541,20,1,3.58279e-05,0,0.00328612,1.69693e-05,0.00333892,0.6,4,529,27,832,525,529,168,108,20,20,10,1
542,20,1,3.58279e-05,0,0.00328612,1.69693e-05,0.00333892,0.8,4,802,38,1184,798,802,267,172,20,20,10,1
543,20,1,3.58279e-05,0,0.00328612,1.69693e-05,0.00333892,0.9,4,535,27,832,531,535,235,183,20,20,10,1
544,20,1,3.58279e-05,0,0.00328612,1.69693e-05,0.00333892,0.9,4,590,32,992,586,590,254,177,20,20,10,1
545,20,1,3.58279e-05,0,0.00328612,1.69693e-05,0.00333892,0.9,4,627,36,1120,623,627,247,165,20,20,10,1
546,20,1,3.58279e-05,0,0.00328612,1.69693e-05,0.00333892,0.9,4,515,26,800,511,515,177,131,20,20,10,1
547,20,1,3.58279e-05,0,0.00328612,1.69693e-05,0.00333892,0.7,4,572,27,832,568,572,206,149,20,20,10,1
548,20,1,3.58279e-05,0,0.00328612,1.69693e-05,0.00333892,0.9,4,568,27,832,564,568,204,144,20,20,10,1
549,20,1,3.58279e-05,0,0.00328612,1.69693e-05,0.00333892,0.8,4,730,39,1216,726,730,247,168,20,20,10,1
550,20,1,3.58279e-05,0,0.00328612,1.69693e-05,0.00333892,0.9,4,396,24,736,392,396,173,126,20,20,10,1
551,20,1,3.58279e-05,0,0.00328612,1.69693e-05,0.00333892,0.5,4,748,38,1184,744,748,248,156,20,20,10,1
552,20,1,3.58279e-05,0,0.00328612,1.69693e-05,0.00333892,0.9,4,559,29,896,555,559,214,156,20,20,10,1
553,20,1,3.58279e-05,0,0.00328612,1.69693e-05,0.00333892,0.6,4,555,27,832,551,555,205,151,20,20,10,1
554,20,1,3.58279e-05,0,0.00328612,1.69693e-05,0.00333892,0.8,4,535,28,864,531,535,190,135,20,20,10,1
555,20,1,3.58279e-05,0,0.00328612,1.69693e-05,0.00333892,0.8,4,581,30,928,577,581,243,183,20,20,10,1
556,20,1,3.58279e-05,0,0.00328612,1.69693e-05,0.00333892,0.9,4,531,27,832,527,531,203,129,20,20,10,1
557,20,1,3.58279e-05,0,0.00328612,1.69693e-05,0.00333892,0.9,4,477,31,960,473,477,231,173,20,20,10,1
558,20,1,3.58279e-05,0,0.00328612,1.69693e-05,0.00333892,0.9,4,496,25,768,492,496,179,131,20,20,10,1
559,20,1,3.58279e-05,0,0.00328612,1.69693e-05,0.00333892,0.8,4,546,28,864,542,546,197,149,20,20,10,1
560,20,1,3.58279e-05,0,0.00328612,1.69693e-05,0.00333892,0.8,4,608,30,928,604,608,228,164,20,20,10,1
561,20,1,3.58279e-05,0,0.00328612,1.69693e-05,0.00333892,1,4,546,28,864,542,546,218,141,20,20,10,1
562,20,1,3.58279e-05,0,0.00328612,1.69693e-05,0.00333892,0,4,519,27,832,515,519,183,122,20,20,10,1
563,20,1,3.58279e-05,0,0.00328612,1.69693e-05,0.00333892,0.5,4,541,25,768,537,541,190,134,20,20,10,1
564,20,1,3.58279e-05,0,0.00328612,1.69693e-05,0.00333892,1,4,572,30,928,568,572,253,197,20,20,10,1
565,20,1,3.58279e-05,0,0.00328612,1.69693e-05,0.00333892,0.3,4,876,40,1248,872,876,276,207,20,20,10,1
566,20,1,3.58279e-05,0,0.00328612,1.69693e-05,0.00333892,0.7,4,530,29,896,526,530,209,138,20,20,10,1
567,20,1,3.58279e-05,0,0.00328612,1.69693e-05,0.00333892,1,4,508,29,896,504,508,251,175,20,20,10,1
568,20,1,3.58279e-05,0,0.00328612,1.69693e-05,0.00333892,0.6,4,857,41,1280,853,857,255,179,20,20,10,1
569,20,1,3.58279e-05,0,0.00328612,1.69693e-05,0.00333892,1,4,528,36,1120,524,528,284,211,20,20,10,1
570,20,1,3.58279e-05,0,0.00328612,1.69693e-05,0.00333892,0.8,4,536,29,896,532,536,243,164,20,20,10,1
571,20,1,3.58279e-05,0,0.00328612,1.69693e-05,0.00333892,0.7,4,588,30,928,584,588,250,174,20,20,10,1
572,20,1,3.58279e-05,0,0.00328612,1.69693e-05,0.00333892,0.4,4,492,26,800,488,492,210,149,20,20,10,1
573,20,1,3.58279e-05,0,0.00328612,1.69693e-05,0.00333892,0.8,4,668,31,960,664,668,245,179,20,20,10,1
574,20,1,3.58279e-05,0,0.00328612,1.69693e-05,0.00333892,1,4,394,25,768,390,394,149,94,20,20,10,1
575,20,1,3.58279e-05,0,0.00328612,1.69693e-05,0.00333892,0.4,4,773,40,1248,769,773,239,124,20,20,10,1
576,20,1,3.58279e-05,0,0.00328612,1.69693e-05,0.00333892,0.8,4,505,27,832,501,505,184,127,20,20,10,1
577,20,1,3.58279e-05,0,0.00328612,1.69693e-05,0.00333892,0.9,4,583,32,992,579,583,276,209,20,20,10,1
578,20,1,3.58279e-05,0,0.00328612,1.69693e-05,0.00333892,0.6,4,610,34,1056,606,610,223,158,20,20,10,1
579,20,1,3.58279e-05,0,0.00328612,1.69693e-05,0.00333892,0.8,4,580,29,896,576,580,247,200,20,20,10,1
580,20,1,3.58279e-05,0,0.00328612,1.69693e-05,0.00333892,0.5,4,546,29,896,542,546,201,126,20,20,10,1
581,20,1,3.58279e-05,0,0.00328612,1.69693e-05,0.00333892,0.9,4,563,30,928,559,563,214,150,20,20,10,1
582,20,1,3.58279e-05,0,0.00328612,1.69693e-05,0.00333892,0.8,4,569,29,896,565,569,243,188,20,20,10,1
583,20,1,3.58279e-05,0,0.00328612,1.69693e-05,0.00333892,0.7,4,536,32,992,532,536,218,142,20,20,10,1
584,20,1,3.58279e-05,0,0.00328612,1.69693e-05,0.00333892,0.4,4,575,30,928,571,575,226,167,20,20,10,1
585,20,1,3.58279e-05,0,0.00328612,1.69693e-05,0.00333892,0.9,4,551,29,896,547,551,264,199,20,20,10,1
586,20,1,3.58279e-05,0,0.00328612,1.69693e-05,0.00333892,0.7,4,554,29,896,550,554,198,129,20,20,10,1
587,20,1,3.58279e-05,0,0.00328612,1.69693e-05,0.00333892,0.8,4,416,24,736,412,416,160,91,20,20,10,1
588,20,1,3.58279e-05,0,0.00328612,1.69693e-05,0.00333892,0.4,4,620,27,832,616,620,201,139,20,20,10,1
589,20,1,3.58279e-05,0,0.00328612,1.69693e-05,0.00333892,0.8,4,512,26,800,508,512,169,115,20,20,10,1
590,20,1,3.58279e-05,0,0.00328612,1.69693e-05,0.00333892,0.8,4,581,27,832,577,581,213,157,20,20,10,1
591,20,1,3.58279e-05,0,0.00328612,1.69693e-05,0.00333892,1,4,386,26,800,382,386,181,117,20,20,10,1
592,20,1,3.58279e-05,0,0.00328612,1.69693e-05,0.00333892,1,4,555,34,1056,551,555,256,178,20,20,10,1
593,20,1,3.58279e-05,0,0.00328612,1.69693e-05,0.00333892,0.7,4,567,28,864,563,567,233,172,20,20,10,1
594,20,1,3.58279e-05,0,0.00328612,1.69693e-05,0.00333892,0.8,4,457,28,864,453,457,196,144,20,20,10,1
595,20,1,3.58279e-05,0,0.00328612,1.69693e-05,0.00333892,0.8,4,416,26,800,412,416,205,143,20,20,10,1
596,20,1,3.58279e-05,0,0.00328612,1.69693e-05,0.00333892,0.8,4,714,36,1120,710,714,230,152,20,20,10,1
597,20,1,3.58279e-05,0,0.00328612,1.69693e-05,0.00333892,1,4,417,27,832,413,417,222,152,20,20,10,1
598,20,1,3.58279e-05,0,0.00328612,1.69693e-05,0.00333892,0.7,4,639,35,1088,635,639,235,157,20,20,10,1
599,20,1,3.58279e-05,0,0.00328612,1.69693e-05,0.00333892,1,4,598,28,864,594,598,239,172,20,20,10,1
600,20,1,3.58279e-05,0,0.00328612,1.69693e-05,0.00333892,0.8,4,521,28,864,517,521,221,168,20,20,10,1
601,20,1,3.58279e-05,0,0.00328612,1.69693e-05,0.00333892,0.6,4,690,33,1024,686,690,252,174,20,20,10,1
602,20,1,3.58279e-05,0,0.00328612,1.69693e-05,0.00333892,0.5,4,492,24,736,488,492,176,114,20,20,10,1
603,20,1,3.58279e-05,0,0.00328612,1.69693e-05,0.00333892,0.8,4,572,27,832,568,572,225,157,20,20,10,1
604,20,1,3.58279e-05,0,0.00328612,1.69693e-05,0.00333892,0.9,4,694,35,1088,690,694,220,136,20,20,10,1
605,20,1,3.58279e-05,0,0.00328612,1.69693e-05,0.00333892,0.6,4,626,30,928,622,626,221,156,20,20,10,1
606,20,1,3.58279e-05,0,0.00328612,1.69693e-05,0.00333892,0.7,4,428,25,768,424,428,173,112,20,20,10,1
607,20,1,3.58279e-05,0,0.00328612,1.69693e-05,0.00333892,0.8,4,686,37,1152,682,686,257,204,20,20,10,1
608,20,1,3.58279e-05,0,0.00328612,1.69693e-05,0.00333892,0.9,4,486,27,832,482,486,199,151,20,20,10,1
609,20,1,3.58279e-05,0,0.00328612,1.69693e-05,0.00333892,0.7,4,443,25,768,439,443,192,134,20,20,10,1
610,20,1,3.58279e-05,0,0.00328612,1.69693e-05,0.00333892,0.6,4,617,31,960,613,617,256,176,20,20,10,1
611,20,1,3.58279e-05,0,0.00328612,1.69693e-05,0.00333892,0.7,4,558,28,864,554,558,193,122,20,20,10,1
612,20,1,3.58279e-05,0,0.00328612,1.69693e-05,0.00333892,0.6,4,586,30,928,582,586,186,111,20,20,10,1
613,20,1,3.58279e-05,0,0.00328612,1.69693e-05,0.00333892,0.2,4,600,34,1056,596,600,203,123,20,20,10,1
614,20,1,3.58279e-05,0,0.00328612,1.69693e-05,0.00333892,1,4,448,28,864,444,448,185,135,20,20,10,1
615,20,1,3.58279e-05,0,0.00328612,1.69693e-05,0.00333892,0.9,4,592,30,928,588,592,237,184,20,20,10,1
616,20,1,3.58279e-05,0,0.00328612,1.69693e-05,0.00333892,0.6,4,550,26,800,546,550,205,138,20,20,10,1
617,20,1,3.58279e-05,0,0.00328612,1.69693e-05,0.00333892,0.4,4,690,31,960,686,690,235,164,20,20,10,1
618,20,1,3.58279e-05,0,0.00328612,1.69693e-05,0.00333892,0.9,4,589,30,928,585,589,214,160,20,20,10,1
619,20,1,3.58279e-05,0,0.00328612,1.69693e-05,0.00333892,0.9,4,573,31,960,569,573,219,139,20,20,10,1
620,20,1,3.58279e-05,0,0.00328612,1.69693e-05,0.00333892,0.5,4,580,32,992,576,580,218,132,20,20,10,1
621,20,1,3.58279e-05,0,0.00328612,1.69693e-05,0.00333892,1,4,510,27,832,506,510,215,159,20,20,10,1
622,20,1,3.58279e-05,0,0.00328612,1.69693e-05,0.00333892,0.8,4,506,30,928,502,506,248,196,20,20,10,1
623,20,1,3.58279e-05,0,0.00328612,1.69693e-05,0.00333892,1,4,351,27,832,347,351,202,156,20,20,10,1
624,20,1,3.58279e-05,0,0.00328612,1.69693e-05,0.00333892,1,4,528,32,992,524,528,227,162,20,20,10,1
625,20,1,3.58279e-05,0,0.00328612,1.69693e-05,0.00333892,1,4,351,27,832,347,351,208,161,20,20,10,1
626,20,1,3.58279e-05,0,0.00328612,1.69693e-05,0.00333892,1,4,480,28,864,476,480,233,178,20,20,10,1
627,20,1,3.58279e-05,0,0.00328612,1.69693e-05,0.00333892,1,4,406,27,832,402,406,230,168,20,20,10,1
628,20,1,3.58279e-05,0,0.00328612,1.69693e-05,0.00333892,1,4,292,25,768,288,292,155,108,20,20,10,1
629,20,1,3.58279e-05,0,0.00328612,1.69693e-05,0.00333892,1,4,321,26,800,317,321,196,146,20,20,10,1
630,20,1,3.58279e-05,0,0.00328612,1.69693e-05,0.00333892,1,4,520,37,1152,516,520,295,232,20,20,10,1
631,20,1,3.58279e-05,0,0.00328612,1.69693e-05,0.00333892,1,4,397,29,896,393,397,245,195,20,20,10,1
632,20,1,3.58279e-05,0,0.00328612,1.69693e-05,0.00333892,1,4,341,28,864,337,341,226,177,20,20,10,1
633,20,1,3.58279e-05,0,0.00328612,1.69693e-05,0.00333892,1,4,302,28,864,298,302,208,169,20,20,10,1
634,20,1,3.58279e-05,0,0.00328612,1.69693e-05,0.00333892,1,4,319,28,864,315,319,223,170,20,20,10,1
635,20,1,3.58279e-05,0,0.00328612,1.69693e-05,0.00333892,1,4,310,28,864,306,310,228,169,20,20,10,1
636,20,1,3.58279e-05,0,0.00328612,1.69693e-05,0.00333892,1,4,344,26,800,340,344,204,148,20,20,10,1
637,20,1,3.58279e-05,0,0.00328612,1.69693e-05,0.00333892,1,4,473,27,832,469,473,205,152,20,20,10,1
638,20,1,3.58279e-05,0,0.00328612,1.69693e-05,0.00333892,1,4,398,25,768,394,398,207,148,20,20,10,1
639,20,1,3.58279e-05,0,0.00328612,1.69693e-05,0.00333892,1,4,420,29,896,416,420,251,197,20,20,10,1
640,20,1,3.58279e-05,0,0.00328612,1.69693e-05,0.00333892,1,4,444,28,864,440,444,231,179,20,20,10,1
641,20,1,3.58279e-05,0,0.00328612,1.69693e-05,0.00333892,0.8,4,647,33,1024,643,647,295,216,20,20,10,1
642,20,1,3.58279e-05,0,0.00328612,1.69693e-05,0.00333892,1,4,520,34,1056,516,520,297,229,20,20,10,1
643,20,1,3.58279e-05,0,0.00328612,1.69693e-05,0.00333892,0.8,4,438,25,768,434,438,173,110,20,20,10,1
644,20,1,3.58279e-05,0,0.00328612,1.69693e-05,0.00333892,0.5,4,497,23,704,493,497,179,109,20,20,10,1
645,20,1,3.58279e-05,0,0.00328612,1.69693e-05,0.00333892,0.9,4,510,28,864,506,510,221,158,20,20,10,1
646,20,1,3.58279e-05,0,0.00328612,1.69693e-05,0.00333892,0.7,4,553,27,832,549,553,205,144,20,20,10,1
647,20,1,3.58279e-05,0,0.00328612,1.69693e-05,0.00333892,0.2,4,518,28,864,514,518,182,118,20,20,10,1
648,20,1,3.58279e-05,0,0.00328612,1.69693e-05,0.00333892,0.9,4,554,29,896,550,554,231,169,20,20,10,1
649,20,1,3.58279e-05,0,0.00328612,1.69693e-05,0.00333892,0.7,4,674,34,1056,670,674,276,203,20,20,10,1
650,20,1,3.58279e-05,0,0.00328612,1.69693e-05,0.00333892,0.8,4,505,29,896,501,505,241,183,20,20,10,1
651,20,1,3.58279e-05,0,0.00328612,1.69693e-05,0.00333892,1,4,458,28,864,454,458,233,167,20,20,10,1
652,20,1,3.58279e-05,0,0.00328612,1.69693e-05,0.00333892,1,4,565,30,928,561,565,291,240,20,20,10,1
653,20,1,3.58279e-05,0,0.00328612,1.69693e-05,0.00333892,0.5,4,431,26,800,427,431,211,154,20,20,10,1
654,20,1,3.58279e-05,0,0.00328612,1.69693e-05,0.00333892,1,4,419,27,832,415,419,218,181,20,20,10,1
655,20,1,3.58279e-05,0,0.00328612,1.69693e-05,0.00333892,1,4,473,26,800,469,473,211,133,20,20,10,1
656,20,1,3.58279e-05,0,0.00328612,1.69693e-05,0.00333892,1,4,393,26,800,389,393,183,123,20,20,10,1
657,20,1,3.58279e-05,0,0.00328612,1.69693e-05,0.00333892,0.5,4,528,29,896,524,528,234,176,20,20,10,1
658,20,1,3.58279e-05,0,0.00328612,1.69693e-05,0.00333892,1,4,405,29,896,401,405,257,213,20,20,10,1
659,20,1,3.58279e-05,0,0.00328612,1.69693e-05,0.00333892,1,4,535,29,896,531,535,241,191,20,20,10,1
660,20,1,3.58279e-05,0,0.00328612,1.69693e-05,0.00333892,1,4,380,27,832,376,380,214,163,20,20,10,1
661,20,1,3.58279e-05,0,0.00328612,1.69693e-05,0.00333892,0.5,4,621,32,992,617,621,220,147,20,20,10,1
662,20,1,3.58279e-05,0,0.00328612,1.69693e-05,0.00333892,1,4,461,28,864,457,461,256,207,20,20,10,1
663,20,1,3.58279e-05,0,0.00328612,1.69693e-05,0.00333892,1,4,391,25,768,387,391,181,121,20,20,10,1
664,20,1,3.58279e-05,0,0.00328612,1.69693e-05,0.00333892,0.2,4,633,31,960,629,633,245,167,20,20,10,1
665,20,1,3.58279e-05,0,0.00328612,1.69693e-05,0.00333892,0.8,4,538,34,1056,534,538,250,180,20,20,10,1
666,20,1,3.58279e-05,0,0.00328612,1.69693e-05,0.00333892,0.4,4,693,32,992,689,693,241,164,20,20,10,1
667,20,1,3.58279e-05,0,0.00328612,1.69693e-05,0.00333892,0.8,4,543,31,960,539,543,265,205,20,20,10,1
668,20,1,3.58279e-05,0,0.00328612,1.69693e-05,0.00333892,0.9,4,365,26,800,361,365,169,110,20,20,10,1
669,20,1,3.58279e-05,0,0.00328612,1.69693e-05,0.00333892,1,4,490,26,800,486,490,231,164,20,20,10,1
670,20,1,3.58279e-05,0,0.00328612,1.69693e-05,0.00333892,0.6,4,507,28,864,503,507,194,125,20,20,10,1
671,20,1,3.58279e-05,0,0.00328612,1.69693e-05,0.00333892,0.9,4,498,29,896,494,498,253,199,20,20,10,1
672,20,1,3.58279e-05,0,0.00328612,1.69693e-05,0.00333892,1,4,448,33,1024,444,448,248,200,20,20,10,1
673,20,1,3.58279e-05,0,0.00328612,1.69693e-05,0.00333892,0.1,4,491,27,832,487,491,205,140,20,20,10,1
674,20,1,3.58279e-05,0,0.00328612,1.69693e-05,0.00333892,0.9,4,404,30,928,400,404,225,169,20,20,10,1
675,20,1,3.58279e-05,0,0.00328612,1.69693e-05,0.00333892,0.7,4,502,31,960,498,502,210,145,20,20,10,1
676,20,1,3.58279e-05,0,0.00328612,1.69693e-05,0.00333892,0.2,4,550,29,896,546,550,217,147,20,20,10,1
677,20,1,3.58279e-05,0,0.00328612,1.69693e-05,0.00333892,1,4,513,28,864,509,513,238,189,20,20,10,1
678,20,1,3.58279e-05,0,0.00328612,1.69693e-05,0.00333892,1,4,473,29,896,469,473,248,197,20,20,10,1
679,20,1,3.58279e-05,0,0.00328612,1.69693e-05,0.00333892,0.8,4,662,32,992,658,662,192,116,20,20,10,1
680,20,1,3.58279e-05,0,0.00328612,1.69693e-05,0.00333892,1,4,515,28,864,511,515,206,150,20,20,10,1
681,20,1,3.58279e-05,0,0.00328612,1.69693e-05,0.00333892,1,4,424,24,736,420,424,173,114,20,20,10,1
682,20,1,3.58279e-05,0,0.00328612,1.69693e-05,0.00333892,0.7,4,545,30,928,541,545,250,189,20,20,10,1
683,20,1,3.58279e-05,0,0.00328612,1.69693e-05,0.00333892,1,4,390,25,768,386,390,145,94,20,20,10,1
684,20,1,3.58279e-05,0,0.00328612,1.69693e-05,0.00333892,1,4,453,29,896,449,453,244,202,20,20,10,1
685,20,1,3.58279e-05,0,0.00328612,1.69693e-05,0.00333892,0.6,4,405,24,736,401,405,170,113,20,20,10,1
686,20,1,3.58279e-05,0,0.00328612,1.69693e-05,0.00333892,1,4,424,31,960,420,424,273,223,20,20,10,1
687,20,1,3.58279e-05,0,0.00328612,1.69693e-05,0.00333892,0.9,4,502,27,832,498,502,212,151,20,20,10,1
688,20,1,3.58279e-05,0,0.00328612,1.69693e-05,0.00333892,1,4,539,31,960,535,539,253,191,20,20,10,1
689,20,1,3.58279e-05,0,0.00328612,1.69693e-05,0.00333892,1,4,421,27,832,417,421,209,167,20,20,10,1
690,20,1,3.58279e-05,0,0.00328612,1.69693e-05,0.00333892,1,4,566,30,928,562,566,221,161,20,20,10,1
691,20,1,3.58279e-05,0,0.00328612,1.69693e-05,0.00333892,1,4,435,26,800,431,435,196,141,20,20,10,1
692,20,1,3.58279e-05,0,0.00328612,1.69693e-05,0.00333892,1,4,411,25,768,407,411,185,122,20,20,10,1
693,20,1,3.58279e-05,0,0.00328612,1.69693e-05,0.00333892,0.7,4,759,42,1312,755,759,282,177,20,20,10,1
694,20,1,3.58279e-05,0,0.00328612,1.69693e-05,0.00333892,1,4,496,28,864,492,496,239,189,20,20,10,1
695,20,1,3.58279e-05,0,0.00328612,1.69693e-05,0.00333892,0.8,4,465,28,864,461,465,241,187,20,20,10,1
696,20,1,3.58279e-05,0,0.00328612,1.69693e-05,0.00333892,1,4,483,26,800,479,483,188,129,20,20,10,1
697,20,1,3.58279e-05,0,0.00328612,1.69693e-05,0.00333892,1,4,539,37,1152,535,539,305,252,20,20,10,1
698,20,1,3.58279e-05,0,0.00328612,1.69693e-05,0.00333892,1,4,532,32,992,528,532,254,194,20,20,10,1
699,20,1,3.58279e-05,0,0.00328612,1.69693e-05,0.00333892,1,4,354,28,864,350,354,220,178,20,20,10,1
700,20,1,3.58279e-05,0,0.00328612,1.69693e-05,0.00333892,1,4,439,26,800,435,439,203,143,20,20,10,1
701,20,1,3.58279e-05,0,0.00328612,1.69693e-05,0.00333892,0.6,4,501,25,768,497,501,188,140,20,20,10,1
702,20,1,3.58279e-05,0,0.00328612,1.69693e-05,0.00333892,0.9,4,493,26,800,489,493,185,140,20,20,10,1
703,20,1,3.58279e-05,0,0.00328612,1.69693e-05,0.00333892,0.7,4,495,24,736,491,495,185,117,20,20,10,1
704,20,1,3.58279e-05,0,0.00328612,1.69693e-05,0.00333892,1,4,388,25,768,384,388,190,142,20,20,10,1
705,20,1,3.58279e-05,0,0.00328612,1.69693e-05,0.00333892,1,4,531,28,864,527,531,232,175,20,20,10,1
706,20,1,3.58279e-05,0,0.00328612,1.69693e-05,0.00333892,0.9,4,456,24,736,452,456,172,122,20,20,10,1
707,20,1,3.58279e-05,0,0.00328612,1.69693e-05,0.00333892,0.9,4,512,28,864,508,512,182,123,20,20,10,1
708,20,1,3.58279e-05,0,0.00328612,1.69693e-05,0.00333892,0.7,4,457,25,768,453,457,206,140,20,20,10,1
709,20,1,3.58279e-05,0,0.00328612,1.69693e-05,0.00333892,1,4,396,26,800,392,396,199,146,20,20,10,1
710,20,1,3.58279e-05,0,0.00328612,1.69693e-05,0.00333892,1,4,550,28,864,546,550,224,164,20,20,10,1
711,20,1,3.58279e-05,0,0.00328612,1.69693e-05,0.00333892,0.8,4,659,37,1152,655,659,205,118,20,20,10,1
712,20,1,3.58279e-05,0,0.00328612,1.69693e-05,0.00333892,0.8,4,515,27,832,511,515,200,131,20,20,10,1
713,20,1,3.58279e-05,0,0.00328612,1.69693e-05,0.00333892,0.4,4,477,25,768,473,477,190,146,20,20,10,1
714,20,1,3.58279e-05,0,0.00328612,1.69693e-05,0.00333892,0.6,4,588,28,864,584,588,218,145,20,20,10,1
715,20,1,3.58279e-05,0,0.00328612,1.69693e-05,0.00333892,1,4,771,36,1120,767,771,220,113,20,20,10,1
716,20,1,3.58279e-05,0,0.00328612,1.69693e-05,0.00333892,1,4,486,25,768,482,486,216,162,20,20,10,1
717,20,1,3.58279e-05,0,0.00328612,1.69693e-05,0.00333892,0.4,4,767,37,1152,763,767,272,197,20,20,10,1
718,20,1,3.58279e-05,0,0.00328612,1.69693e-05,0.00333892,0.5,4,599,33,1024,595,599,206,126,20,20,10,1
719,20,1,3.58279e-05,0,0.00328612,1.69693e-05,0.00333892,0.4,4,453,24,736,449,453,176,121,20,20,10,1
720,20,1,3.58279e-05,0,0.00328612,1.69693e-05,0.00333892,0.9,4,615,32,992,611,615,204,120,20,20,10,1
721,20,1,3.58279e-05,0,0.00328612,1.69693e-05,0.00333892,1,4,561,29,896,557,561,208,150,20,20,10,1
722,20,1,3.58279e-05,0,0.00328612,1.69693e-05,0.00333892,0.8,4,504,26,800,500,504,183,131,20,20,10,1
723,20,1,3.58279e-05,0,0.00328612,1.69693e-05,0.00333892,0.3,4,513,27,832,509,513,230,156,20,20,10,1
724,20,1,3.58279e-05,0,0.00328612,1.69693e-05,0.00333892,0.8,4,532,29,896,528,532,200,148,20,20,10,1
725,20,1,3.58279e-05,0,0.00328612,1.69693e-05,0.00333892,1,4,528,31,960,524,528,256,194,20,20,10,1
726,20,1,3.58279e-05,0,0.00328612,1.69693e-05,0.00333892,0.7,4,550,31,960,546,550,221,151,20,20,10,1
727,20,1,3.58279e-05,0,0.00328612,1.69693e-05,0.00333892,0.9,4,563,30,928,559,563,240,189,20,20,10,1
728,20,1,3.58279e-05,0,0.00328612,1.69693e-05,0.00333892,0.6,4,565,30,928,561,565,226,150,20,20,10,1
729,20,1,3.58279e-05,0,0.00328612,1.69693e-05,0.00333892,0.9,4,501,26,800,497,501,191,150,20,20,10,1
730,20,1,3.58279e-05,0,0.00328612,1.69693e-05,0.00333892,0.8,4,614,29,896,610,614,201,134,20,20,10,1
731,20,1,3.58279e-05,0,0.00328612,1.69693e-05,0.00333892,0.9,4,579,29,896,575,579,232,175,20,20,10,1
732,20,1,3.58279e-05,0,0.00328612,1.69693e-05,0.00333892,1,4,357,26,800,353,357,193,144,20,20,10,1
733,20,1,3.58279e-05,0,0.00328612,1.69693e-05,0.00333892,1,4,508,29,896,504,508,259,204,20,20,10,1
734,20,1,3.58279e-05,0,0.00328612,1.69693e-05,0.00333892,0.6,4,464,25,768,460,464,185,136,20,20,10,1
735,20,1,3.58279e-05,0,0.00328612,1.69693e-05,0.00333892,0.5,4,720,32,992,716,720,231,158,20,20,10,1
736,20,1,3.58279e-05,0,0.00328612,1.69693e-05,0.00333892,0.7,4,604,29,896,600,604,216,151,20,20,10,1
737,20,1,3.58279e-05,0,0.00328612,1.69693e-05,0.00333892,0.6,4,536,29,896,532,536,230,163,20,20,10,1
738,20,1,3.58279e-05,0,0.00328612,1.69693e-05,0.00333892,0.8,4,634,33,1024,630,634,246,167,20,20,10,1
739,20,1,3.58279e-05,0,0.00328612,1.69693e-05,0.00333892,0.8,4,635,33,1024,631,635,246,161,20,20,10,1
740,20,1,3.58279e-05,0,0.00328612,1.69693e-05,0.00333892,0.9,4,539,31,960,535,539,230,175,20,20,10,1
741,20,1,3.58279e-05,0,0.00328612,1.69693e-05,0.00333892,0.7,4,484,26,800,480,484,204,146,20,20,10,1
742,20,1,3.58279e-05,0,0.00328612,1.69693e-05,0.00333892,1,4,608,33,1024,604,608,271,201,20,20,10,1
743,20,1,3.58279e-05,0,0.00328612,1.69693e-05,0.00333892,1,4,502,27,832,498,502,227,160,20,20,10,1
744,20,1,3.58279e-05,0,0.00328612,1.69693e-05,0.00333892,0.7,4,489,24,736,485,489,176,119,20,20,10,1
745,20,1,3.58279e-05,0,0.00328612,1.69693e-05,0.00333892,1,4,503,28,864,499,503,249,194,20,20,10,1
746,20,1,3.58279e-05,0,0.00328612,1.69693e-05,0.00333892,0.7,4,457,27,832,453,457,234,184,20,20,10,1
747,20,1,3.58279e-05,0,0.00328612,1.69693e-05,0.00333892,0,4,615,30,928,611,615,227,147,20,20,10,1
748,20,1,3.58279e-05,0,0.00328612,1.69693e-05,0.00333892,0.6,4,704,34,1056,700,704,266,177,20,20,10,1
749,20,1,3.58279e-05,0,0.00328612,1.69693e-05,0.00333892,1,4,523,28,864,519,523,247,179,20,20,10,1
750,20,1,3.58279e-05,0,0.00328612,1.69693e-05,0.00333892,0.9,4,723,38,1184,719,723,253,180,20,20,10,1
751,20,1,3.58279e-05,0,0.00328612,1.69693e-05,0.00333892,0.6,4,562,31,960,558,562,217,151,20,20,10,1
752,20,1,3.58279e-05,0,0.00328612,1.69693e-05,0.00333892,0.9,4,533,28,864,529,533,226,153,20,20,10,1
753,20,1,3.58279e-05,0,0.00328612,1.69693e-05,0.00333892,0.6,4,549,30,928,545,549,220,147,20,20,10,1
754,20,1,3.58279e-05,0,0.00328612,1.69693e-05,0.00333892,0.7,4,592,31,960,588,592,234,163,20,20,10,1
755,20,1,3.58279e-05,0,0.00328612,1.69693e-05,0.00333892,0.7,4,452,27,832,448,452,182,138,20,20,10,1
756,20,1,3.58279e-05,0,0.00328612,1.69693e-05,0.00333892,0.6,4,447,25,768,443,447,154,99,20,20,10,1
757,20,1,3.58279e-05,0,0.00328612,1.69693e-05,0.00333892,1,4,596,34,1056,592,596,278,182,20,20,10,1
758,20,1,3.58279e-05,0,0.00328612,1.69693e-05,0.00333892,1,4,540,32,992,536,540,277,221,20,20,10,1
759,20,1,3.58279e-05,0,0.00328612,1.69693e-05,0.00333892,0.9,4,623,32,992,619,623,254,196,20,20,10,1
760,20,1,3.58279e-05,0,0.00328612,1.69693e-05,0.00333892,0.8,4,474,32,992,470,474,191,111,20,20,10,1
761,20,1,3.58279e-05,0,0.00328612,1.69693e-05,0.00333892,1,4,307,25,768,303,307,167,112,20,20,10,1
762,20,1,3.58279e-05,0,0.00328612,1.69693e-05,0.00333892,0.9,4,436,28,864,432,436,228,175,20,20,10,1
763,20,1,3.58279e-05,0,0.00328612,1.69693e-05,0.00333892,0.9,4,533,27,832,529,533,212,142,20,20,10,1
764,20,1,3.58279e-05,0,0.00328612,1.69693e-05,0.00333892,1,4,511,29,896,507,511,282,223,20,20,10,1
765,20,1,3.58279e-05,0,0.00328612,1.69693e-05,0.00333892,0.9,4,464,28,864,460,464,238,185,20,20,10,1
766,20,1,3.58279e-05,0,0.00328612,1.69693e-05,0.00333892,1,4,709,37,1152,705,709,309,217,20,20,10,1
767,20,1,3.58279e-05,0,0.00328612,1.69693e-05,0.00333892,1,4,444,27,832,440,444,214,164,20,20,10,1
768,20,1,3.58279e-05,0,0.00328612,1.69693e-05,0.00333892,1,4,550,34,1056,546,550,263,179,20,20,10,1
769,20,1,3.58279e-05,0,0.00328612,1.69693e-05,0.00333892,0.9,4,498,29,896,494,498,219,162,20,20,10,1
770,20,1,3.58279e-05,0,0.00328612,1.69693e-05,0.00333892,0.9,4,519,27,832,515,519,214,156,20,20,10,1
771,20,1,3.58279e-05,0,0.00328612,1.69693e-05,0.00333892,0.4,4,588,26,800,584,588,201,152,20,20,10,1
772,20,1,3.58279e-05,0,0.00328612,1.69693e-05,0.00333892,0.7,4,471,26,800,467,471,197,126,20,20,10,1
773,20,1,3.58279e-05,0,0.00328612,1.69693e-05,0.00333892,0.6,4,650,33,1024,646,650,211,144,20,20,10,1
774,20,1,3.58279e-05,0,0.00328612,1.69693e-05,0.00333892,0.8,4,431,30,928,427,431,266,223,20,20,10,1
775,20,1,3.58279e-05,0,0.00328612,1.69693e-05,0.00333892,0.4,4,742,36,1120,738,742,230,135,20,20,10,1
776,20,1,3.58279e-05,0,0.00328612,1.69693e-05,0.00333892,1,4,396,25,768,392,396,179,132,20,20,10,1
777,20,1,3.58279e-05,0,0.00328612,1.69693e-05,0.00333892,1,4,433,26,800,429,433,208,142,20,20,10,1
778,20,1,3.58279e-05,0,0.00328612,1.69693e-05,0.00333892,0.9,4,530,29,896,526,530,196,132,20,20,10,1
779,20,1,3.58279e-05,0,0.00328612,1.69693e-05,0.00333892,0.9,4,618,38,1184,614,618,258,177,20,20,10,1
780,20,1,3.58279e-05,0,0.00328612,1.69693e-05,0.00333892,0.4,4,504,27,832,500,504,192,131,20,20,10,1
781,20,1,3.58279e-05,0,0.00328612,1.69693e-05,0.00333892,1,4,493,29,896,489,493,231,167,20,20,10,1
782,20,1,3.58279e-05,0,0.00328612,1.69693e-05,0.00333892,0.9,4,607,30,928,603,607,188,123,20,20,10,1
783,20,1,3.58279e-05,0,0.00328612,1.69693e-05,0.00333892,0.3,4,501,29,896,497,501,213,148,20,20,10,1
784,20,1,3.58279e-05,0,0.00328612,1.69693e-05,0.00333892,1,4,504,27,832,500,504,220,149,20,20,10,1
785,20,1,3.58279e-05,0,0.00328612,1.69693e-05,0.00333892,1,4,439,29,896,435,439,241,184,20,20,10,1
786,20,1,3.58279e-05,0,0.00328612,1.69693e-05,0.00333892,0.7,4,468,25,768,464,468,177,126,20,20,10,1
787,20,1,3.58279e-05,0,0.00328612,1.69693e-05,0.00333892,0.5,4,754,35,1088,750,754,249,154,20,20,10,1
788,20,1,3.58279e-05,0,0.00328612,1.69693e-05,0.00333892,0.9,4,397,25,768,393,397,169,115,20,20,10,1
789,20,1,3.58279e-05,0,0.00328612,1.69693e-05,0.00333892,0.7,4,748,42,1312,744,748,263,140,20,20,10,1
790,20,1,3.58279e-05,0,0.00328612,1.69693e-05,0.00333892,1,4,468,27,832,464,468,209,158,20,20,10,1
791,20,1,3.58279e-05,0,0.00328612,1.69693e-05,0.00333892,0.2,4,549,33,1024,545,549,212,128,20,20,10,1
792,20,1,3.58279e-05,0,0.00328612,1.69693e-05,0.00333892,0.5,4,648,35,1088,644,648,213,129,20,20,10,1
793,20,1,3.58279e-05,0,0.00328612,1.69693e-05,0.00333892,0.5,4,630,36,1120,626,630,226,151,20,20,10,1
794,20,1,3.58279e-05,0,0.00328612,1.69693e-05,0.00333892,1,4,456,26,800,452,456,203,155,20,20,10,1
795,20,1,3.58279e-05,0,0.00328612,1.69693e-05,0.00333892,0.6,4,598,30,928,594,598,212,159,20,20,10,1
796,20,1,3.58279e-05,0,0.00328612,1.69693e-05,0.00333892,1,4,544,34,1056,540,544,307,246,20,20,10,1
797,20,1,3.58279e-05,0,0.00328612,1.69693e-05,0.00333892,1,4,395,29,896,391,395,224,166,20,20,10,1
798,20,1,3.58279e-05,0,0.00328612,1.69693e-05,0.00333892,1,4,436,31,960,432,436,258,196,20,20,10,1
799,20,1,3.58279e-05,0,0.00328612,1.69693e-05,0.00333892,0.7,4,576,33,1024,572,576,235,162,20,20,10,1
800,20,1,3.58279e-05,0,0.00328612,1.69693e-05,0.00333892,1,4,430,29,896,426,430,242,181,20,20,10,1
801,20,1,3.58279e-05,0,0.00328612,1.69693e-05,0.00333892,0.6,4,582,31,960,578,582,248,186,20,20,10,1
802,20,1,3.58279e-05,0,0.00328612,1.69693e-05,0.00333892,1,4,516,29,896,512,516,224,164,20,20,10,1
803,20,1,3.58279e-05,0,0.00328612,1.69693e-05,0.00333892,0.9,4,650,38,1184,646,650,310,234,20,20,10,1
804,20,1,3.58279e-05,0,0.00328612,1.69693e-05,0.00333892,0.9,4,373,24,736,369,373,147,91,20,20,10,1
805,20,1,3.58279e-05,0,0.00328612,1.69693e-05,0.00333892,1,4,426,26,800,422,426,212,150,20,20,10,1
806,20,1,3.58279e-05,0,0.00328612,1.69693e-05,0.00333892,1,4,398,31,960,394,398,246,189,20,20,10,1
807,20,1,3.58279e-05,0,0.00328612,1.69693e-05,0.00333892,1,4,373,25,768,369,373,193,132,20,20,10,1
808,20,1,3.58279e-05,0,0.00328612,1.69693e-05,0.00333892,1,4,421,26,800,417,421,176,125,20,20,10,1
809,20,1,3.58279e-05,0,0.00328612,1.69693e-05,0.00333892,1,4,400,27,832,396,400,187,137,20,20,10,1
810,20,1,3.58279e-05,0,0.00328612,1.69693e-05,0.00333892,0.8,4,574,29,896,570,574,221,163,20,20,10,1
811,20,1,3.58279e-05,0,0.00328612,1.69693e-05,0.00333892,1,4,425,26,800,421,425,201,147,20,20,10,1
812,20,1,3.58279e-05,0,0.00328612,1.69693e-05,0.00333892,1,4,497,30,928,493,497,256,196,20,20,10,1
813,20,1,3.58279e-05,0,0.00328612,1.69693e-05,0.00333892,0.4,4,570,31,960,566,570,220,157,20,20,10,1
814,20,1,3.58279e-05,0,0.00328612,1.69693e-05,0.00333892,1,4,434,28,864,430,434,233,181,20,20,10,1
815,20,1,3.58279e-05,0,0.00328612,1.69693e-05,0.00333892,1,4,386,25,768,382,386,174,119,20,20,10,1
816,20,1,3.58279e-05,0,0.00328612,1.69693e-05,0.00333892,0.9,4,534,28,864,530,534,199,143,20,20,10,1
817,20,1,3.58279e-05,0,0.00328612,1.69693e-05,0.00333892,0.4,4,439,26,800,435,439,178,134,20,20,10,1
818,20,1,3.58279e-05,0,0.00328612,1.69693e-05,0.00333892,1,4,499,29,896,495,499,240,189,20,20,10,1
819,20,1,3.58279e-05,0,0.00328612,1.69693e-05,0.00333892,0.8,4,521,29,896,517,521,195,136,20,20,10,1
820,20,1,3.58279e-05,0,0.00328612,1.69693e-05,0.00333892,1,4,433,26,800,429,433,210,162,20,20,10,1
821,20,1,3.58279e-05,0,0.00328612,1.69693e-05,0.00333892,0.9,4,433,24,736,429,433,178,123,20,20,10,1
822,20,1,3.58279e-05,0,0.00328612,1.69693e-05,0.00333892,0.7,4,517,27,832,513,517,195,139,20,20,10,1
823,20,1,3.58279e-05,0,0.00328612,1.69693e-05,0.00333892,0.7,4,571,25,768,567,571,192,131,20,20,10,1
824,20,1,3.58279e-05,0,0.00328612,1.69693e-05,0.00333892,0.9,4,652,31,960,648,652,241,170,20,20,10,1
825,20,1,3.58279e-05,0,0.00328612,1.69693e-05,0.00333892,0.8,4,466,25,768,462,466,181,124,20,20,10,1
826,20,1,3.58279e-05,0,0.00328612,1.69693e-05,0.00333892,0.6,4,517,27,832,513,517,197,130,20,20,10,1
827,20,1,3.58279e-05,0,0.00328612,1.69693e-05,0.00333892,0.9,4,669,32,992,665,669,210,131,20,20,10,1
828,20,1,3.58279e-05,0,0.00328612,1.69693e-05,0.00333892,0.4,4,504,24,736,500,504,187,132,20,20,10,1
829,20,1,3.58279e-05,0,0.00328612,1.69693e-05,0.00333892,1,4,581,30,928,577,581,229,150,20,20,10,1
830,20,1,3.58279e-05,0,0.00328612,1.69693e-05,0.00333892,0.8,4,529,26,800,525,529,213,147,20,20,10,1
831,20,1,3.58279e-05,0,0.00328612,1.69693e-05,0.00333892,1,4,577,29,896,573,577,241,181,20,20,10,1
832,20,1,3.58279e-05,0,0.00328612,1.69693e-05,0.00333892,0.9,4,446,25,768,442,446,190,134,20,20,10,1
833,20,1,3.58279e-05,0,0.00328612,1.69693e-05,0.00333892,0.7,4,480,24,736,476,480,155,96,20,20,10,1
834,20,1,3.58279e-05,0,0.00328612,1.69693e-05,0.00333892,0.1,4,564,27,832,560,564,189,116,20,20,10,1
835,20,1,3.58279e-05,0,0.00328612,1.69693e-05,0.00333892,0.7,4,499,26,800,495,499,210,153,20,20,10,1
836,20,1,3.58279e-05,0,0.00328612,1.69693e-05,0.00333892,0.7,4,566,27,832,562,566,206,141,20,20,10,1
837,20,1,3.58279e-05,0,0.00328612,1.69693e-05,0.00333892,1,4,751,38,1184,747,751,238,140,20,20,10,1
838,20,1,3.58279e-05,0,0.00328612,1.69693e-05,0.00333892,0.9,4,616,30,928,612,616,211,145,20,20,10,1
839,20,1,3.58279e-05,0,0.00328612,1.69693e-05,0.00333892,0.8,4,508,28,864,504,508,184,119,20,20,10,1
840,20,1,3.58279e-05,0,0.00328612,1.69693e-05,0.00333892,0.7,4,567,27,832,563,567,176,122,20,20,10,1
841,20,1,3.58279e-05,0,0.00328612,1.69693e-05,0.00333892,0.4,4,605,27,832,601,605,196,132,20,20,10,1
842,20,1,3.58279e-05,0,0.00328612,1.69693e-05,0.00333892,0.6,4,466,23,704,462,466,161,105,20,20,10,1
843,20,1,3.58279e-05,0,0.00328612,1.69693e-05,0.00333892,1,4,488,25,768,484,488,173,121,20,20,10,1
844,20,1,3.58279e-05,0,0.00328612,1.69693e-05,0.00333892,0.7,4,633,31,960,629,633,227,166,20,20,10,1
845,20,1,3.58279e-05,0,0.00328612,1.69693e-05,0.00333892,0.5,4,787,38,1184,783,787,274,171,20,20,10,1
846,20,1,3.58279e-05,0,0.00328612,1.69693e-05,0.00333892,1,4,574,27,832,570,574,197,135,20,20,10,1
847,20,1,3.58279e-05,0,0.00328612,1.69693e-05,0.00333892,0.7,4,562,25,768,558,562,188,134,20,20,10,1
848,20,1,3.58279e-05,0,0.00328612,1.69693e-05,0.00333892,0.9,4,564,26,800,560,564,206,150,20,20,10,1
849,20,1,3.58279e-05,0,0.00328612,1.69693e-05,0.00333892,0.8,4,608,33,1024,604,608,213,142,20,20,10,1
850,20,1,3.58279e-05,0,0.00328612,1.69693e-05,0.00333892,0.9,4,551,27,832,547,551,222,164,20,20,10,1
851,20,1,3.58279e-05,0,0.00328612,1.69693e-05,0.00333892,0.8,4,417,26,800,413,417,213,152,20,20,10,1
852,20,1,3.58279e-05,0,0.00328612,1.69693e-05,0.00333892,0.8,4,478,24,736,474,478,182,116,20,20,10,1
853,20,1,3.58279e-05,0,0.00328612,1.69693e-05,0.00333892,1,4,403,24,736,399,403,169,106,20,20,10,1
854,20,1,3.58279e-05,0,0.00328612,1.69693e-05,0.00333892,0.5,4,584,30,928,580,584,178,111,20,20,10,1
855,20,1,3.58279e-05,0,0.00328612,1.69693e-05,0.00333892,0.9,4,467,25,768,463,467,187,145,20,20,10,1
856,20,1,3.58279e-05,0,0.00328612,1.69693e-05,0.00333892,1,4,481,26,800,477,481,218,163,20,20,10,1
857,20,1,3.58279e-05,0,0.00328612,1.69693e-05,0.00333892,0.9,4,652,34,1056,648,652,269,193,20,20,10,1
858,20,1,3.58279e-05,0,0.00328612,1.69693e-05,0.00333892,0.1,4,590,28,864,586,590,209,131,20,20,10,1
859,20,1,3.58279e-05,0,0.00328612,1.69693e-05,0.00333892,0.9,4,680,33,1024,676,680,239,155,20,20,10,1
860,20,1,3.58279e-05,0,0.00328612,1.69693e-05,0.00333892,0.7,4,515,26,800,511,515,195,120,20,20,10,1
861,20,1,3.58279e-05,0,0.00328612,1.69693e-05,0.00333892,0,4,586,28,864,582,586,213,146,20,20,10,1
862,20,1,3.58279e-05,0,0.00328612,1.69693e-05,0.00333892,0.8,4,476,28,864,472,476,174,117,20,20,10,1
863,20,1,3.58279e-05,0,0.00328612,1.69693e-05,0.00333892,1,4,563,30,928,559,563,255,198,20,20,10,1
864,20,1,3.58279e-05,0,0.00328612,1.69693e-05,0.00333892,0.7,4,645,32,992,641,645,214,150,20,20,10,1
865,20,1,3.58279e-05,0,0.00328612,1.69693e-05,0.00333892,0.8,4,576,32,992,572,576,246,179,20,20,10,1
866,20,1,3.58279e-05,0,0.00328612,1.69693e-05,0.00333892,1,4,556,27,832,552,556,205,146,20,20,10,1
867,20,1,3.58279e-05,0,0.00328612,1.69693e-05,0.00333892,0.8,4,704,35,1088,700,704,221,130,20,20,10,1
868,20,1,3.58279e-05,0,0.00328612,1.69693e-05,0.00333892,0.5,4,544,29,896,540,544,205,133,20,20,10,1
869,20,1,3.58279e-05,0,0.00328612,1.69693e-05,0.00333892,0.8,4,478,27,832,474,478,182,125,20,20,10,1
870,20,1,3.58279e-05,0,0.00328612,1.69693e-05,0.00333892,0.2,4,627,34,1056,623,627,225,161,20,20,10,1
871,20,1,3.58279e-05,0,0.00328612,1.69693e-05,0.00333892,0.7,4,520,27,832,516,520,194,136,20,20,10,1
872,20,1,3.58279e-05,0,0.00328612,1.69693e-05,0.00333892,1,4,507,27,832,503,507,203,143,20,20,10,1
873,20,1,3.58279e-05,0,0.00328612,1.69693e-05,0.00333892,0.7,4,743,37,1152,739,743,233,154,20,20,10,1
874,20,1,3.58279e-05,0,0.00328612,1.69693e-05,0.00333892,0.9,4,453,31,960,449,453,255,194,20,20,10,1
875,20,1,3.58279e-05,0,0.00328612,1.69693e-05,0.00333892,0.4,4,574,30,928,570,574,233,173,20,20,10,1
876,20,1,3.58279e-05,0,0.00328612,1.69693e-05,0.00333892,0.4,4,527,24,736,523,527,186,123,20,20,10,1
877,20,1,3.58279e-05,0,0.00328612,1.69693e-05,0.00333892,0.4,4,560,29,896,556,560,167,99,20,20,10,1
878,20,1,3.58279e-05,0,0.00328612,1.69693e-05,0.00333892,1,4,509,27,832,505,509,212,155,20,20,10,1
879,20,1,3.58279e-05,0,0.00328612,1.69693e-05,0.00333892,0.8,4,478,25,768,474,478,183,127,20,20,10,1
880,20,1,3.58279e-05,0,0.00328612,1.69693e-05,0.00333892,0.9,4,473,23,704,469,473,161,106,20,20,10,1
881,20,1,3.58279e-05,0,0.00328612,1.69693e-05,0.00333892,0.9,4,515,28,864,511,515,222,153,20,20,10,1
882,20,1,3.58279e-05,0,0.00328612,1.69693e-05,0.00333892,0.9,4,428,28,864,424,428,208,144,20,20,10,1
883,20,1,3.58279e-05,0,0.00328612,1.69693e-05,0.00333892,0.4,4,442,27,832,438,442,203,144,20,20,10,1
884,20,1,3.58279e-05,0,0.00328612,1.69693e-05,0.00333892,0.9,4,679,31,960,675,679,198,122,20,20,10,1
885,20,1,3.58279e-05,0,0.00328612,1.69693e-05,0.00333892,1,4,778,42,1312,774,778,260,170,20,20,10,1
886,20,1,3.58279e-05,0,0.00328612,1.69693e-05,0.00333892,0.8,4,696,33,1024,692,696,237,152,20,20,10,1
887,20,1,3.58279e-05,0,0.00328612,1.69693e-05,0.00333892,0.3,4,606,30,928,602,606,202,139,20,20,10,1
888,20,1,3.58279e-05,0,0.00328612,1.69693e-05,0.00333892,0.3,4,579,28,864,575,579,191,140,20,20,10,1
889,20,1,3.58279e-05,0,0.00328612,1.69693e-05,0.00333892,0.7,4,603,29,896,599,603,209,150,20,20,10,1
890,20,1,3.58279e-05,0,0.00328612,1.69693e-05,0.00333892,0.4,4,573,30,928,569,573,221,159,20,20,10,1
891,20,1,3.58279e-05,0,0.00328612,1.69693e-05,0.00333892,1,4,543,26,800,539,543,220,151,20,20,10,1
892,20,1,3.58279e-05,0,0.00328612,1.69693e-05,0.00333892,1,4,560,28,864,556,560,227,171,20,20,10,1
893,20,1,3.58279e-05,0,0.00328612,1.69693e-05,0.00333892,0.7,4,543,26,800,539,543,214,137,20,20,10,1
894,20,1,3.58279e-05,0,0.00328612,1.69693e-05,0.00333892,0.7,4,510,24,736,506,510,198,117,20,20,10,1
895,20,1,3.58279e-05,0,0.00328612,1.69693e-05,0.00333892,0.5,4,470,24,736,466,470,187,137,20,20,10,1
896,20,1,3.58279e-05,0,0.00328612,1.69693e-05,0.00333892,0,4,477,28,864,473,477,187,120,20,20,10,1
897,20,1,3.58279e-05,0,0.00328612,1.69693e-05,0.00333892,0.6,4,592,31,960,588,592,202,154,20,20,10,1
898,20,1,3.58279e-05,0,0.00328612,1.69693e-05,0.00333892,0.8,4,611,30,928,607,611,230,165,20,20,10,1
899,20,1,3.58279e-05,0,0.00328612,1.69693e-05,0.00333892,0.4,4,593,29,896,589,593,196,120,20,20,10,1
900,20,1,3.58279e-05,0,0.00328612,1.69693e-05,0.00333892,0.4,4,818,38,1184,814,818,201,94,20,20,10,1
901,20,1,3.58279e-05,0,0.00328612,1.69693e-05,0.00333892,0.6,4,554,28,864,550,554,234,168,20,20,10,1
902,20,1,3.58279e-05,0,0.00328612,1.69693e-05,0.00333892,1,4,408,25,768,404,408,199,138,20,20,10,1
903,20,1,3.58279e-05,0,0.00328612,1.69693e-05,0.00333892,1,4,472,27,832,468,472,208,148,20,20,10,1
904,20,1,3.58279e-05,0,0.00328612,1.69693e-05,0.00333892,0.7,4,541,29,896,537,541,209,134,20,20,10,1
905,20,1,3.58279e-05,0,0.00328612,1.69693e-05,0.00333892,1,4,532,29,896,528,532,238,170,20,20,10,1
906,20,1,3.58279e-05,0,0.00328612,1.69693e-05,0.00333892,0.2,4,579,30,928,575,579,214,147,20,20,10,1
907,20,1,3.58279e-05,0,0.00328612,1.69693e-05,0.00333892,0.8,4,639,35,1088,635,639,228,166,20,20,10,1
908,20,1,3.58279e-05,0,0.00328612,1.69693e-05,0.00333892,0.1,4,691,34,1056,687,691,247,150,20,20,10,1
909,20,1,3.58279e-05,0,0.00328612,1.69693e-05,0.00333892,0.8,4,580,32,992,576,580,230,153,20,20,10,1
910,20,1,3.58279e-05,0,0.00328612,1.69693e-05,0.00333892,1,4,479,26,800,475,479,185,120,20,20,10,1
911,20,1,3.58279e-05,0,0.00328612,1.69693e-05,0.00333892,0.4,4,528,25,768,524,528,199,136,20,20,10,1
912,20,1,3.58279e-05,0,0.00328612,1.69693e-05,0.00333892,0.3,4,554,28,864,550,554,188,123,20,20,10,1
913,20,1,3.58279e-05,0,0.00328612,1.69693e-05,0.00333892,0.9,4,448,25,768,444,448,180,121,20,20,10,1
914,20,1,3.58279e-05,0,0.00328612,1.69693e-05,0.00333892,0.6,4,815,40,1248,811,815,270,177,20,20,10,1
915,20,1,3.58279e-05,0,0.00328612,1.69693e-05,0.00333892,0.6,4,669,34,1056,665,669,266,171,20,20,10,1
916,20,1,3.58279e-05,0,0.00328612,1.69693e-05,0.00333892,0.7,4,613,34,1056,609,613,227,155,20,20,10,1
917,20,1,3.58279e-05,0,0.00328612,1.69693e-05,0.00333892,0.9,4,514,30,928,510,514,230,163,20,20,10,1
918,20,1,3.58279e-05,0,0.00328612,1.69693e-05,0.00333892,0.9,4,484,26,800,480,484,192,133,20,20,10,1
919,20,1,3.58279e-05,0,0.00328612,1.69693e-05,0.00333892,0.9,4,601,30,928,597,601,194,118,20,20,10,1
920,20,1,3.58279e-05,0,0.00328612,1.69693e-05,0.00333892,0.9,4,904,45,1408,900,904,273,182,20,20,10,1
921,20,1,3.58279e-05,0,0.00328612,1.69693e-05,0.00333892,0.2,4,508,27,832,504,508,200,137,20,20,10,1
922,20,1,3.58279e-05,0,0.00328612,1.69693e-05,0.00333892,0.9,4,696,40,1248,692,696,272,187,20,20,10,1
923,20,1,3.58279e-05,0,0.00328612,1.69693e-05,0.00333892,0.4,4,676,36,1120,672,676,217,134,20,20,10,1
924,20,1,3.58279e-05,0,0.00328612,1.69693e-05,0.00333892,1,4,563,27,832,559,563,198,129,20,20,10,1
925,20,1,3.58279e-05,0,0.00328612,1.69693e-05,0.00333892,1,4,478,29,896,474,478,196,131,20,20,10,1
926,20,1,3.58279e-05,0,0.00328612,1.69693e-05,0.00333892,1,4,581,29,896,577,581,269,201,20,20,10,1
927,20,1,3.58279e-05,0,0.00328612,1.69693e-05,0.00333892,0.8,4,447,25,768,443,447,185,118,20,20,10,1
928,20,1,3.58279e-05,0,0.00328612,1.69693e-05,0.00333892,0.9,4,455,26,800,451,455,188,131,20,20,10,1
929,20,1,3.58279e-05,0,0.00328612,1.69693e-05,0.00333892,0.8,4,594,32,992,590,594,250,169,20,20,10,1
930,20,1,3.58279e-05,0,0.00328612,1.69693e-05,0.00333892,0.9,4,779,38,1184,775,779,266,149,20,20,10,1
931,20,1,3.58279e-05,0,0.00328612,1.69693e-05,0.00333892,1,4,519,30,928,515,519,247,168,20,20,10,1
932,20,1,3.58279e-05,0,0.00328612,1.69693e-05,0.00333892,0.8,4,411,25,768,407,411,176,122,20,20,10,1
933,20,1,3.58279e-05,0,0.00328612,1.69693e-05,0.00333892,0.9,4,425,27,832,421,425,205,143,20,20,10,1
934,20,1,3.58279e-05,0,0.00328612,1.69693e-05,0.00333892,0.7,4,519,24,736,515,519,197,150,20,20,10,1
935,20,1,3.58279e-05,0,0.00328612,1.69693e-05,0.00333892,0.8,4,583,32,992,579,583,242,180,20,20,10,1
936,20,1,3.58279e-05,0,0.00328612,1.69693e-05,0.00333892,0.2,4,475,34,1056,471,475,184,106,20,20,10,1
937,20,1,3.58279e-05,0,0.00328612,1.69693e-05,0.00333892,0.1,4,451,24,736,447,451,157,107,20,20,10,1
938,20,1,3.58279e-05,0,0.00328612,1.69693e-05,0.00333892,0.5,4,448,26,800,444,448,184,120,20,20,10,1
939,20,1,3.58279e-05,0,0.00328612,1.69693e-05,0.00333892,0.7,4,533,29,896,529,533,217,158,20,20,10,1
940,20,1,3.58279e-05,0,0.00328612,1.69693e-05,0.00333892,0.3,4,530,28,864,526,530,198,138,20,20,10,1
941,20,1,3.58279e-05,0,0.00328612,1.69693e-05,0.00333892,1,4,632,30,928,628,632,221,137,20,20,10,1
942,20,1,3.58279e-05,0,0.00328612,1.69693e-05,0.00333892,1,4,512,28,864,508,512,226,163,20,20,10,1
943,20,1,3.58279e-05,0,0.00328612,1.69693e-05,0.00333892,0.9,4,405,24,736,401,405,156,95,20,20,10,1
944,20,1,3.58279e-05,0,0.00328612,1.69693e-05,0.00333892,0.8,4,522,29,896,518,522,212,153,20,20,10,1
945,20,1,3.58279e-05,0,0.00328612,1.69693e-05,0.00333892,1,4,345,26,800,341,345,181,128,20,20,10,1
946,20,1,3.58279e-05,0,0.00328612,1.69693e-05,0.00333892,0.8,4,727,36,1120,723,727,269,183,20,20,10,1
947,20,1,3.58279e-05,0,0.00328612,1.69693e-05,0.00333892,1,4,617,33,1024,613,617,256,169,20,20,10,1
948,20,1,3.58279e-05,0,0.00328612,1.69693e-05,0.00333892,0.4,4,925,46,1440,921,925,299,173,20,20,10,1
949,20,1,3.58279e-05,0,0.00328612,1.69693e-05,0.00333892,0.3,4,618,32,992,614,618,210,142,20,20,10,1
950,20,1,3.58279e-05,0,0.00328612,1.69693e-05,0.00333892,0.8,4,475,25,768,471,475,200,155,20,20,10,1
951,20,1,3.58279e-05,0,0.00328612,1.69693e-05,0.00333892,0.3,4,491,30,928,487,491,220,163,20,20,10,1
952,20,1,3.58279e-05,0,0.00328612,1.69693e-05,0.00333892,0.6,4,487,24,736,483,487,174,122,20,20,10,1
953,20,1,3.58279e-05,0,0.00328612,1.69693e-05,0.00333892,0.3,4,485,24,736,481,485,185,116,20,20,10,1
954,20,1,3.58279e-05,0,0.00328612,1.69693e-05,0.00333892,0.8,4,614,30,928,610,614,252,195,20,20,10,1
955,20,1,3.58279e-05,0,0.00328612,1.69693e-05,0.00333892,0.7,4,523,27,832,519,523,200,141,20,20,10,1
956,20,1,3.58279e-05,0,0.00328612,1.69693e-05,0.00333892,0.9,4,652,31,960,648,652,211,134,20,20,10,1
957,20,1,3.58279e-05,0,0.00328612,1.69693e-05,0.00333892,0.9,4,488,26,800,484,488,181,128,20,20,10,1
958,20,1,3.58279e-05,0,0.00328612,1.69693e-05,0.00333892,0.6,4,477,26,800,473,477,171,116,20,20,10,1
959,20,1,3.58279e-05,0,0.00328612,1.69693e-05,0.00333892,0.8,4,529,28,864,525,529,200,135,20,20,10,1
960,20,1,3.58279e-05,0,0.00328612,1.69693e-05,0.00333892,0.8,4,612,34,1056,608,612,223,148,20,20,10,1
961,20,1,3.58279e-05,0,0.00328612,1.69693e-05,0.00333892,1,4,497,26,800,493,497,207,156,20,20,10,1
962,20,1,3.58279e-05,0,0.00328612,1.69693e-05,0.00333892,0.9,4,532,28,864,528,532,208,159,20,20,10,1
963,20,1,3.58279e-05,0,0.00328612,1.69693e-05,0.00333892,1,4,494,30,928,490,494,209,137,20,20,10,1
964,20,1,3.58279e-05,0,0.00328612,1.69693e-05,0.00333892,0.8,4,548,26,800,544,548,218,164,20,20,10,1
965,20,1,3.58279e-05,0,0.00328612,1.69693e-05,0.00333892,1,4,669,38,1184,665,669,267,185,20,20,10,1
966,20,1,3.58279e-05,0,0.00328612,1.69693e-05,0.00333892,1,4,603,34,1056,599,603,311,220,20,20,10,1
967,20,1,3.58279e-05,0,0.00328612,1.69693e-05,0.00333892,0.5,4,628,34,1056,624,628,232,151,20,20,10,1
968,20,1,3.58279e-05,0,0.00328612,1.69693e-05,0.00333892,0.5,4,515,27,832,511,515,202,148,20,20,10,1
969,20,1,3.58279e-05,0,0.00328612,1.69693e-05,0.00333892,0.6,4,492,27,832,488,492,205,143,20,20,10,1
970,20,1,3.58279e-05,0,0.00328612,1.69693e-05,0.00333892,0.9,4,622,30,928,618,622,227,139,20,20,10,1
971,20,1,3.58279e-05,0,0.00328612,1.69693e-05,0.00333892,1,4,627,34,1056,623,627,242,173,20,20,10,1
972,20,1,3.58279e-05,0,0.00328612,1.69693e-05,0.00333892,0.7,4,514,29,896,510,514,225,172,20,20,10,1
973,20,1,3.58279e-05,0,0.00328612,1.69693e-05,0.00333892,0.8,4,509,30,928,505,509,219,137,20,20,10,1
974,20,1,3.58279e-05,0,0.00328612,1.69693e-05,0.00333892,0.9,4,483,28,864,479,483,219,167,20,20,10,1
975,20,1,3.58279e-05,0,0.00328612,1.69693e-05,0.00333892,0.7,4,515,27,832,511,515,190,129,20,20,10,1
976,20,1,3.58279e-05,0,0.00328612,1.69693e-05,0.00333892,1,4,613,32,992,609,613,258,204,20,20,10,1
977,20,1,3.58279e-05,0,0.00328612,1.69693e-05,0.00333892,0.6,4,586,29,896,582,586,188,129,20,20,10,1
978,20,1,3.58279e-05,0,0.00328612,1.69693e-05,0.00333892,1,4,530,30,928,526,530,239,194,20,20,10,1
979,20,1,3.58279e-05,0,0.00328612,1.69693e-05,0.00333892,0.7,4,555,32,992,551,555,283,222,20,20,10,1
980,20,1,3.58279e-05,0,0.00328612,1.69693e-05,0.00333892,0.9,4,496,29,896,492,496,204,148,20,20,10,1
981,20,1,3.58279e-05,0,0.00328612,1.69693e-05,0.00333892,1,4,913,44,1376,909,913,287,159,20,20,10,1
982,20,1,3.58279e-05,0,0.00328612,1.69693e-05,0.00333892,0.9,4,690,34,1056,686,690,254,169,20,20,10,1
983,20,1,3.58279e-05,0,0.00328612,1.69693e-05,0.00333892,0.6,4,487,28,864,483,487,226,154,20,20,10,1
984,20,1,3.58279e-05,0,0.00328612,1.69693e-05,0.00333892,0.4,4,627,30,928,623,627,222,148,20,20,10,1
985,20,1,3.58279e-05,0,0.00328612,1.69693e-05,0.00333892,1,4,726,35,1088,722,726,277,203,20,20,10,1
986,20,1,3.58279e-05,0,0.00328612,1.69693e-05,0.00333892,0.4,4,533,30,928,529,533,211,142,20,20,10,1
987,20,1,3.58279e-05,0,0.00328612,1.69693e-05,0.00333892,1,4,549,29,896,545,549,240,174,20,20,10,1
988,20,1,3.58279e-05,0,0.00328612,1.69693e-05,0.00333892,1,4,411,26,800,407,411,188,120,20,20,10,1
989,20,1,3.58279e-05,0,0.00328612,1.69693e-05,0.00333892,0.5,4,432,24,736,428,432,168,117,20,20,10,1
990,20,1,3.58279e-05,0,0.00328612,1.69693e-05,0.00333892,0.8,4,547,30,928,543,547,256,164,20,20,10,1
991,20,1,3.58279e-05,0,0.00328612,1.69693e-05,0.00333892,0,4,641,33,1024,637,641,193,116,20,20,10,1
992,20,1,3.58279e-05,0,0.00328612,1.69693e-05,0.00333892,1,4,535,36,1120,531,535,262,170,20,20,10,1
993,20,1,3.58279e-05,0,0.00328612,1.69693e-05,0.00333892,0.6,4,589,30,928,585,589,220,144,20,20,10,1
994,20,1,3.58279e-05,0,0.00328612,1.69693e-05,0.00333892,1,4,438,28,864,434,438,205,144,20,20,10,1
995,20,1,3.58279e-05,0,0.00328612,1.69693e-05,0.00333892,0.9,4,538,26,800,534,538,198,138,20,20,10,1
996,20,1,3.58279e-05,0,0.00328612,1.69693e-05,0.00333892,0.3,4,526,27,832,522,526,229,170,20,20,10,1
997,20,1,3.58279e-05,0,0.00328612,1.69693e-05,0.00333892,0.9,4,442,27,832,438,442,196,144,20,20,10,1
998,20,1,3.58279e-05,0,0.00328612,1.69693e-05,0.00333892,0.9,4,467,25,768,463,467,198,144,20,20,10,1
999,20,1,3.58279e-05,0,0.00328612,1.69693e-05,0.00333892,0.5,4,442,23,704,438,442,158,119,20,20,10,1
