query_id,pq,batch_index,approx_h2d_ms,approx_memset_ms,approx_kernel_ms,approx_d2h_ms,approx_total_ms,recall,seed_count,visited_nodes,expanded_nodes,neighbor_slots_scanned,candidate_nodes,distance_evals,frontier_pushes,result_updates,peak_frontier,peak_results,result_count,early_stopped
0,40,0,3.71777e-05,0,0.00682224,1.91191e-05,0.00687854,0.8,4,891,46,1440,887,891,290,176,40,40,10,1
1,40,0,3.71777e-05,0,0.00682224,1.91191e-05,0.00687854,0.8,4,977,48,1504,973,977,323,210,40,40,10,1
2,40,0,3.71777e-05,0,0.00682224,1.91191e-05,0.00687854,0.8,4,866,45,1408,862,866,320,213,40,40,10,1
3,40,0,3.71777e-05,0,0.00682224,1.91191e-05,0.00687854,1,4,552,45,1408,548,552,279,176,40,40,10,1
4,40,0,3.71777e-05,0,0.00682224,1.91191e-05,0.00687854,0.9,4,811,47,1472,807,811,323,211,40,40,10,1
5,40,0,3.71777e-05,0,0.00682224,1.91191e-05,0.00687854,0.7,4,990,55,1728,986,990,401,269,40,40,10,1
6,40,0,3.71777e-05,0,0.00682224,1.91191e-05,0.00687854,0.8,4,889,44,1376,885,889,277,174,40,40,10,1
7,40,0,3.71777e-05,0,0.00682224,1.91191e-05,0.00687854,1,4,656,50,1568,652,656,371,276,40,40,10,1
8,40,0,3.71777e-05,0,0.00682224,1.91191e-05,0.00687854,0.9,4,907,43,1344,903,907,291,187,40,40,10,1
9,40,0,3.71777e-05,0,0.00682224,1.91191e-05,0.00687854,0.9,4,890,49,1536,886,890,364,247,40,40,10,1
10,40,0,3.71777e-05,0,0.00682224,1.91191e-05,0.00687854,0.9,4,864,53,1664,860,864,333,203,40,40,10,1
11,40,0,3.71777e-05,0,0.00682224,1.91191e-05,0.00687854,0.8,4,862,45,1408,858,862,310,216,40,40,10,1
12,40,0,3.71777e-05,0,0.00682224,1.91191e-05,0.00687854,0.9,4,780,47,1472,776,780,296,185,40,40,10,1
13,40,0,3.71777e-05,0,0.00682224,1.91191e-05,0.00687854,0.9,4,880,47,1472,876,880,306,215,40,40,10,1
14,40,0,3.71777e-05,0,0.00682224,1.91191e-05,0.00687854,0.6,4,900,50,1568,896,900,322,201,40,40,10,1
15,40,0,3.71777e-05,0,0.00682224,1.91191e-05,0.00687854,0.8,4,753,47,1472,749,753,298,203,40,40,10,1
16,40,0,3.71777e-05,0,0.00682224,1.91191e-05,0.00687854,0.9,4,855,46,1440,851,855,306,195,40,40,10,1
17,40,0,3.71777e-05,0,0.00682224,1.91191e-05,0.00687854,0.4,4,882,45,1408,878,882,280,178,40,40,10,1
18,40,0,3.71777e-05,0,0.00682224,1.91191e-05,0.00687854,0.7,4,945,47,1472,941,945,344,234,40,40,10,1
19,40,0,3.71777e-05,0,0.00682224,1.91191e-05,0.00687854,0.9,4,873,45,1408,869,873,302,194,40,40,10,1
20,40,0,3.71777e-05,0,0.00682224,1.91191e-05,0.00687854,1,4,816,49,1536,812,816,351,253,40,40,10,1
21,40,0,3.71777e-05,0,0.00682224,1.91191e-05,0.00687854,1,4,894,45,1408,890,894,336,227,40,40,10,1
22,40,0,3.71777e-05,0,0.00682224,1.91191e-05,0.00687854,1,4,950,56,1760,946,950,355,216,40,40,10,1
23,40,0,3.71777e-05,0,0.00682224,1.91191e-05,0.00687854,0.9,4,854,46,1440,850,854,334,228,40,40,10,1
24,40,0,3.71777e-05,0,0.00682224,1.91191e-05,0.00687854,1,4,889,47,1472,885,889,361,249,40,40,10,1
25,40,0,3.71777e-05,0,0.00682224,1.91191e-05,0.00687854,1,4,851,47,1472,847,851,346,245,40,40,10,1
26,40,0,3.71777e-05,0,0.00682224,1.91191e-05,0.00687854,0.8,4,917,49,1536,913,917,380,264,40,40,10,1
27,40,0,3.71777e-05,0,0.00682224,1.91191e-05,0.00687854,0.7,4,915,48,1504,911,915,382,259,40,40,10,1
28,40,0,3.71777e-05,0,0.00682224,1.91191e-05,0.00687854,0.8,4,971,53,1664,967,971,397,261,40,40,10,1
29,40,0,3.71777e-05,0,0.00682224,1.91191e-05,0.00687854,0.9,4,697,49,1536,693,697,344,267,40,40,10,1
30,40,0,3.71777e-05,0,0.00682224,1.91191e-05,0.00687854,0.8,4,887,51,1600,883,887,373,254,40,40,10,1
31,40,0,3.71777e-05,0,0.00682224,1.91191e-05,0.00687854,0.9,4,872,47,1472,868,872,341,244,40,40,10,1
32,40,0,3.71777e-05,0,0.00682224,1.91191e-05,0.00687854,1,4,833,44,1376,829,833,301,196,40,40,10,1
33,40,0,3.71777e-05,0,0.00682224,1.91191e-05,0.00687854,1,4,655,49,1536,651,655,326,231,40,40,10,1
34,40,0,3.71777e-05,0,0.00682224,1.91191e-05,0.00687854,1,4,841,47,1472,837,841,312,204,40,40,10,1
35,40,0,3.71777e-05,0,0.00682224,1.91191e-05,0.00687854,1,4,901,49,1536,897,901,347,210,40,40,10,1
36,40,0,3.71777e-05,0,0.00682224,1.91191e-05,0.00687854,0.5,4,826,47,1472,822,826,299,200,40,40,10,1
37,40,0,3.71777e-05,0,0.00682224,1.91191e-05,0.00687854,1,4,724,48,1504,720,724,355,243,40,40,10,1
38,40,0,3.71777e-05,0,0.00682224,1.91191e-05,0.00687854,1,4,809,47,1472,805,809,322,222,40,40,10,1
39,40,0,3.71777e-05,0,0.00682224,1.91191e-05,0.00687854,1,4,774,44,1376,770,774,285,192,40,40,10,1
40,40,0,3.71777e-05,0,0.00682224,1.91191e-05,0.00687854,1,4,893,47,1472,889,893,356,232,40,40,10,1
41,40,0,3.71777e-05,0,0.00682224,1.91191e-05,0.00687854,0.7,4,763,50,1568,759,763,395,292,40,40,10,1
42,40,0,3.71777e-05,0,0.00682224,1.91191e-05,0.00687854,1,4,843,47,1472,839,843,345,233,40,40,10,1
43,40,0,3.71777e-05,0,0.00682224,1.91191e-05,0.00687854,0.6,4,811,46,1440,807,811,347,209,40,40,10,1
44,40,0,3.71777e-05,0,0.00682224,1.91191e-05,0.00687854,1,4,807,51,1600,803,807,377,282,40,40,10,1
45,40,0,3.71777e-05,0,0.00682224,1.91191e-05,0.00687854,1,4,759,46,1440,755,759,340,233,40,40,10,1
46,40,0,3.71777e-05,0,0.00682224,1.91191e-05,0.00687854,1,4,891,53,1664,887,891,399,293,40,40,10,1
47,40,0,3.71777e-05,0,0.00682224,1.91191e-05,0.00687854,0.6,4,881,52,1632,877,881,373,248,40,40,10,1
48,40,0,3.71777e-05,0,0.00682224,1.91191e-05,0.00687854,1,4,675,48,1504,671,675,339,240,40,40,10,1
49,40,0,3.71777e-05,0,0.00682224,1.91191e-05,0.00687854,1,4,701,46,1440,697,701,345,213,40,40,10,1
50,40,0,3.71777e-05,0,0.00682224,1.91191e-05,0.00687854,0.9,4,821,47,1472,817,821,365,244,40,40,10,1
51,40,0,3.71777e-05,0,0.00682224,1.91191e-05,0.00687854,1,4,728,45,1408,724,728,289,187,40,40,10,1
52,40,0,3.71777e-05,0,0.00682224,1.91191e-05,0.00687854,1,4,909,48,1504,905,909,394,271,40,40,10,1
53,40,0,3.71777e-05,0,0.00682224,1.91191e-05,0.00687854,0.9,4,925,47,1472,921,925,376,255,40,40,10,1
54,40,0,3.71777e-05,0,0.00682224,1.91191e-05,0.00687854,0.9,4,660,50,1568,656,660,381,289,40,40,10,1
55,40,0,3.71777e-05,0,0.00682224,1.91191e-05,0.00687854,1,4,632,50,1568,628,632,395,278,40,40,10,1
56,40,0,3.71777e-05,0,0.00682224,1.91191e-05,0.00687854,0.8,4,856,46,1440,852,856,361,252,40,40,10,1
57,40,0,3.71777e-05,0,0.00682224,1.91191e-05,0.00687854,1,4,752,45,1408,748,752,311,194,40,40,10,1
58,40,0,3.71777e-05,0,0.00682224,1.91191e-05,0.00687854,1,4,780,46,1440,776,780,337,224,40,40,10,1
59,40,0,3.71777e-05,0,0.00682224,1.91191e-05,0.00687854,1,4,601,51,1600,597,601,358,256,40,40,10,1
60,40,0,3.71777e-05,0,0.00682224,1.91191e-05,0.00687854,0.8,4,1038,53,1664,1034,1038,384,263,40,40,10,1
61,40,0,3.71777e-05,0,0.00682224,1.91191e-05,0.00687854,1,4,726,48,1504,722,726,343,230,40,40,10,1
62,40,0,3.71777e-05,0,0.00682224,1.91191e-05,0.00687854,1,4,634,49,1536,630,634,381,270,40,40,10,1
63,40,0,3.71777e-05,0,0.00682224,1.91191e-05,0.00687854,1,4,924,58,1824,920,924,392,255,40,40,10,1
64,40,0,3.71777e-05,0,0.00682224,1.91191e-05,0.00687854,1,4,563,44,1376,559,563,273,181,40,40,10,1
65,40,0,3.71777e-05,0,0.00682224,1.91191e-05,0.00687854,1,4,913,55,1728,909,913,419,304,40,40,10,1
66,40,0,3.71777e-05,0,0.00682224,1.91191e-05,0.00687854,0.9,4,531,44,1376,527,531,264,163,40,40,10,1
67,40,0,3.71777e-05,0,0.00682224,1.91191e-05,0.00687854,1,4,805,49,1536,801,805,348,247,40,40,10,1
68,40,0,3.71777e-05,0,0.00682224,1.91191e-05,0.00687854,0.9,4,680,45,1408,676,680,311,210,40,40,10,1
69,40,0,3.71777e-05,0,0.00682224,1.91191e-05,0.00687854,0.7,4,817,46,1440,813,817,334,219,40,40,10,1
70,40,0,3.71777e-05,0,0.00682224,1.91191e-05,0.00687854,1,4,619,47,1472,615,619,319,205,40,40,10,1
71,40,0,3.71777e-05,0,0.00682224,1.91191e-05,0.00687854,0.9,4,646,46,1440,642,646,341,229,40,40,10,1
72,40,0,3.71777e-05,0,0.00682224,1.91191e-05,0.00687854,0.7,4,790,47,1472,786,790,310,186,40,40,10,1
73,40,0,3.71777e-05,0,0.00682224,1.91191e-05,0.00687854,1,4,849,50,1568,845,849,325,225,40,40,10,1
74,40,0,3.71777e-05,0,0.00682224,1.91191e-05,0.00687854,0.4,4,919,50,1568,915,919,368,247,40,40,10,1
75,40,0,3.71777e-05,0,0.00682224,1.91191e-05,0.00687854,0.7,4,864,51,1600,860,864,382,278,40,40,10,1
76,40,0,3.71777e-05,0,0.00682224,1.91191e-05,0.00687854,1,4,781,49,1536,777,781,382,262,40,40,10,1
77,40,0,3.71777e-05,0,0.00682224,1.91191e-05,0.00687854,0.7,4,804,47,1472,800,804,373,265,40,40,10,1
78,40,0,3.71777e-05,0,0.00682224,1.91191e-05,0.00687854,0.9,4,1027,56,1760,1023,1027,393,246,40,40,10,1
79,40,0,3.71777e-05,0,0.00682224,1.91191e-05,0.00687854,1,4,685,48,1504,681,685,377,265,40,40,10,1
80,40,0,3.71777e-05,0,0.00682224,1.91191e-05,0.00687854,1,4,915,50,1568,911,915,412,297,40,40,10,1
81,40,0,3.71777e-05,0,0.00682224,1.91191e-05,0.00687854,0.8,4,862,47,1472,858,862,313,198,40,40,10,1
82,40,0,3.71777e-05,0,0.00682224,1.91191e-05,0.00687854,0.8,4,998,54,1696,994,998,374,238,40,40,10,1
83,40,0,3.71777e-05,0,0.00682224,1.91191e-05,0.00687854,1,4,807,45,1408,803,807,310,213,40,40,10,1
84,40,0,3.71777e-05,0,0.00682224,1.91191e-05,0.00687854,0.7,4,877,44,1376,873,877,296,193,40,40,10,1
85,40,0,3.71777e-05,0,0.00682224,1.91191e-05,0.00687854,1,4,520,51,1600,516,520,354,248,40,40,10,1
86,40,0,3.71777e-05,0,0.00682224,1.91191e-05,0.00687854,1,4,619,49,1536,615,619,352,251,40,40,10,1
87,40,0,3.71777e-05,0,0.00682224,1.91191e-05,0.00687854,1,4,557,49,1536,553,557,365,275,40,40,10,1
88,40,0,3.71777e-05,0,0.00682224,1.91191e-05,0.00687854,1,4,582,48,1504,578,582,345,238,40,40,10,1
89,40,0,3.71777e-05,0,0.00682224,1.91191e-05,0.00687854,1,4,893,50,1568,889,893,410,307,40,40,10,1
90,40,0,3.71777e-05,0,0.00682224,1.91191e-05,0.00687854,1,4,497,44,1376,493,497,278,204,40,40,10,1
91,40,0,3.71777e-05,0,0.00682224,1.91191e-05,0.00687854,0.9,4,804,53,1664,800,804,387,270,40,40,10,1
92,40,0,3.71777e-05,0,0.00682224,1.91191e-05,0.00687854,0.7,4,863,56,1760,859,863,335,203,40,40,10,1
93,40,0,3.71777e-05,0,0.00682224,1.91191e-05,0.00687854,1,4,647,44,1376,643,647,298,187,40,40,10,1
94,40,0,3.71777e-05,0,0.00682224,1.91191e-05,0.00687854,1,4,506,45,1408,502,506,285,197,40,40,10,1
95,40,0,3.71777e-05,0,0.00682224,1.91191e-05,0.00687854,0.9,4,935,55,1728,931,935,394,280,40,40,10,1
96,40,0,3.71777e-05,0,0.00682224,1.91191e-05,0.00687854,0.6,4,892,46,1440,888,892,355,245,40,40,10,1
97,40,0,3.71777e-05,0,0.00682224,1.91191e-05,0.00687854,0.6,4,646,46,1440,642,646,304,194,40,40,10,1
98,40,0,3.71777e-05,0,0.00682224,1.91191e-05,0.00687854,1,4,715,49,1536,711,715,379,285,40,40,10,1
99,40,0,3.71777e-05,0,0.00682224,1.91191e-05,0.00687854,1,4,721,45,1408,717,721,303,182,40,40,10,1
100,40,0,3.71777e-05,0,0.00682224,1.91191e-05,0.00687854,0.9,4,795,46,1440,791,795,316,219,40,40,10,1
101,40,0,3.71777e-05,0,0.00682224,1.91191e-05,0.00687854,1,4,718,48,1504,714,718,341,236,40,40,10,1
102,40,0,3.71777e-05,0,0.00682224,1.91191e-05,0.00687854,1,4,923,54,1696,919,923,382,250,40,40,10,1
103,40,0,3.71777e-05,0,0.00682224,1.91191e-05,0.00687854,1,4,670,47,1472,666,670,333,235,40,40,10,1
104,40,0,3.71777e-05,0,0.00682224,1.91191e-05,0.00687854,1,4,794,45,1408,790,794,315,199,40,40,10,1
105,40,0,3.71777e-05,0,0.00682224,1.91191e-05,0.00687854,0.8,4,871,49,1536,867,871,381,259,40,40,10,1
106,40,0,3.71777e-05,0,0.00682224,1.91191e-05,0.00687854,0.9,4,691,44,1376,687,691,292,190,40,40,10,1
107,40,0,3.71777e-05,0,0.00682224,1.91191e-05,0.00687854,1,4,608,49,1536,604,608,375,263,40,40,10,1
108,40,0,3.71777e-05,0,0.00682224,1.91191e-05,0.00687854,0.9,4,449,49,1536,445,449,344,257,40,40,10,1
109,40,0,3.71777e-05,0,0.00682224,1.91191e-05,0.00687854,0.9,4,720,46,1440,716,720,329,231,40,40,10,1
110,40,0,3.71777e-05,0,0.00682224,1.91191e-05,0.00687854,0.9,4,742,46,1440,738,742,322,229,40,40,10,1
111,40,0,3.71777e-05,0,0.00682224,1.91191e-05,0.00687854,1,4,1034,51,1600,1030,1034,417,285,40,40,10,1
112,40,0,3.71777e-05,0,0.00682224,1.91191e-05,0.00687854,1,4,475,48,1504,471,475,317,229,40,40,10,1
113,40,0,3.71777e-05,0,0.00682224,1.91191e-05,0.00687854,1,4,866,51,1600,862,866,377,278,40,40,10,1
114,40,0,3.71777e-05,0,0.00682224,1.91191e-05,0.00687854,1,4,569,45,1408,565,569,314,203,40,40,10,1
115,40,0,3.71777e-05,0,0.00682224,1.91191e-05,0.00687854,0.6,4,928,48,1504,924,928,336,231,40,40,10,1
116,40,0,3.71777e-05,0,0.00682224,1.91191e-05,0.00687854,1,4,508,46,1440,504,508,318,222,40,40,10,1
117,40,0,3.71777e-05,0,0.00682224,1.91191e-05,0.00687854,0.9,4,791,45,1408,787,791,303,197,40,40,10,1
118,40,0,3.71777e-05,0,0.00682224,1.91191e-05,0.00687854,1,4,798,46,1440,794,798,319,201,40,40,10,1
119,40,0,3.71777e-05,0,0.00682224,1.91191e-05,0.00687854,1,4,527,49,1536,523,527,344,266,40,40,10,1
120,40,0,3.71777e-05,0,0.00682224,1.91191e-05,0.00687854,0.7,4,1022,56,1760,1018,1022,411,296,40,40,10,1
121,40,0,3.71777e-05,0,0.00682224,1.91191e-05,0.00687854,0.7,4,853,49,1536,849,853,370,251,40,40,10,1
122,40,0,3.71777e-05,0,0.00682224,1.91191e-05,0.00687854,1,4,843,47,1472,839,843,360,244,40,40,10,1
123,40,0,3.71777e-05,0,0.00682224,1.91191e-05,0.00687854,1,4,684,48,1504,680,684,300,211,40,40,10,1
124,40,0,3.71777e-05,0,0.00682224,1.91191e-05,0.00687854,1,4,734,45,1408,730,734,313,205,40,40,10,1
125,40,0,3.71777e-05,0,0.00682224,1.91191e-05,0.00687854,1,4,760,45,1408,756,760,304,207,40,40,10,1
126,40,0,3.71777e-05,0,0.00682224,1.91191e-05,0.00687854,0.5,4,1108,51,1600,1104,1108,398,272,40,40,10,1
127,40,0,3.71777e-05,0,0.00682224,1.91191e-05,0.00687854,1,4,733,43,1344,729,733,272,162,40,40,10,1
128,40,0,3.71777e-05,0,0.00682224,1.91191e-05,0.00687854,0.9,4,797,45,1408,793,797,300,189,40,40,10,1
129,40,0,3.71777e-05,0,0.00682224,1.91191e-05,0.00687854,1,4,727,51,1600,723,727,390,281,40,40,10,1
130,40,0,3.71777e-05,0,0.00682224,1.91191e-05,0.00687854,0.5,4,1006,55,1728,1002,1006,364,241,40,40,10,1
131,40,0,3.71777e-05,0,0.00682224,1.91191e-05,0.00687854,1,4,730,48,1504,726,730,339,239,40,40,10,1
132,40,0,3.71777e-05,0,0.00682224,1.91191e-05,0.00687854,0.9,4,942,48,1504,938,942,319,199,40,40,10,1
133,40,0,3.71777e-05,0,0.00682224,1.91191e-05,0.00687854,0.4,4,948,52,1632,944,948,351,227,40,40,10,1
134,40,0,3.71777e-05,0,0.00682224,1.91191e-05,0.00687854,0.9,4,717,50,1568,713,717,414,318,40,40,10,1
135,40,0,3.71777e-05,0,0.00682224,1.91191e-05,0.00687854,0.5,4,903,47,1472,899,903,382,268,40,40,10,1
136,40,0,3.71777e-05,0,0.00682224,1.91191e-05,0.00687854,1,4,916,51,1600,912,916,353,224,40,40,10,1
137,40,0,3.71777e-05,0,0.00682224,1.91191e-05,0.00687854,1,4,806,48,1504,802,806,358,234,40,40,10,1
138,40,0,3.71777e-05,0,0.00682224,1.91191e-05,0.00687854,1,4,824,50,1568,820,824,396,284,40,40,10,1
139,40,0,3.71777e-05,0,0.00682224,1.91191e-05,0.00687854,0.7,4,807,46,1440,803,807,298,195,40,40,10,1
140,40,0,3.71777e-05,0,0.00682224,1.91191e-05,0.00687854,0.7,4,1148,58,1824,1144,1148,409,275,40,40,10,1
141,40,0,3.71777e-05,0,0.00682224,1.91191e-05,0.00687854,1,4,525,48,1504,521,525,298,192,40,40,10,1
142,40,0,3.71777e-05,0,0.00682224,1.91191e-05,0.00687854,0.8,4,776,46,1440,772,776,333,227,40,40,10,1
143,40,0,3.71777e-05,0,0.00682224,1.91191e-05,0.00687854,1,4,747,49,1536,743,747,385,291,40,40,10,1
144,40,0,3.71777e-05,0,0.00682224,1.91191e-05,0.00687854,0.9,4,721,46,1440,717,721,289,173,40,40,10,1
145,40,0,3.71777e-05,0,0.00682224,1.91191e-05,0.00687854,0.9,4,794,49,1536,790,794,352,243,40,40,10,1
146,40,0,3.71777e-05,0,0.00682224,1.91191e-05,0.00687854,0.9,4,900,52,1632,896,900,388,275,40,40,10,1
147,40,0,3.71777e-05,0,0.00682224,1.91191e-05,0.00687854,1,4,759,47,1472,755,759,314,197,40,40,10,1
148,40,0,3.71777e-05,0,0.00682224,1.91191e-05,0.00687854,1,4,766,49,1536,762,766,342,246,40,40,10,1
149,40,0,3.71777e-05,0,0.00682224,1.91191e-05,0.00687854,1,4,861,53,1664,857,861,382,278,40,40,10,1
150,40,0,3.71777e-05,0,0.00682224,1.91191e-05,0.00687854,0.7,4,975,50,1568,971,975,361,252,40,40,10,1
151,40,0,3.71777e-05,0,0.00682224,1.91191e-05,0.00687854,1,4,556,48,1504,552,556,368,291,40,40,10,1
152,40,0,3.71777e-05,0,0.00682224,1.91191e-05,0.00687854,0.9,4,669,47,1472,665,669,348,241,40,40,10,1
153,40,0,3.71777e-05,0,0.00682224,1.91191e-05,0.00687854,1,4,783,47,1472,779,783,333,235,40,40,10,1
154,40,0,3.71777e-05,0,0.00682224,1.91191e-05,0.00687854,0.8,4,881,51,1600,877,881,367,254,40,40,10,1
155,40,0,3.71777e-05,0,0.00682224,1.91191e-05,0.00687854,0.2,4,1117,58,1824,1113,1117,420,276,40,40,10,1
156,40,0,3.71777e-05,0,0.00682224,1.91191e-05,0.00687854,0.8,4,742,45,1408,738,742,286,194,40,40,10,1
157,40,0,3.71777e-05,0,0.00682224,1.91191e-05,0.00687854,0.5,4,1090,58,1824,1086,1090,357,220,40,40,10,1
158,40,0,3.71777e-05,0,0.00682224,1.91191e-05,0.00687854,0.8,4,941,45,1408,937,941,319,207,40,40,10,1
159,40,0,3.71777e-05,0,0.00682224,1.91191e-05,0.00687854,0.8,4,827,46,1440,823,827,299,194,40,40,10,1
160,40,0,3.71777e-05,0,0.00682224,1.91191e-05,0.00687854,0.8,4,1153,63,1984,1149,1153,408,257,40,40,10,1
161,40,0,3.71777e-05,0,0.00682224,1.91191e-05,0.00687854,0.9,4,843,44,1376,839,843,268,175,40,40,10,1
162,40,0,3.71777e-05,0,0.00682224,1.91191e-05,0.00687854,0.8,4,1092,57,1792,1088,1092,339,202,40,40,10,1
163,40,0,3.71777e-05,0,0.00682224,1.91191e-05,0.00687854,0.8,4,859,45,1408,855,859,307,189,40,40,10,1
164,40,0,3.71777e-05,0,0.00682224,1.91191e-05,0.00687854,1,4,776,44,1376,772,776,305,213,40,40,10,1
165,40,0,3.71777e-05,0,0.00682224,1.91191e-05,0.00687854,1,4,700,44,1376,696,700,272,172,40,40,10,1
166,40,0,3.71777e-05,0,0.00682224,1.91191e-05,0.00687854,0.7,4,954,54,1696,950,954,386,266,40,40,10,1
167,40,0,3.71777e-05,0,0.00682224,1.91191e-05,0.00687854,1,4,867,45,1408,863,867,307,198,40,40,10,1
168,40,0,3.71777e-05,0,0.00682224,1.91191e-05,0.00687854,1,4,779,44,1376,775,779,288,188,40,40,10,1
169,40,0,3.71777e-05,0,0.00682224,1.91191e-05,0.00687854,1,4,806,46,1440,802,806,305,207,40,40,10,1
170,40,0,3.71777e-05,0,0.00682224,1.91191e-05,0.00687854,0.9,4,765,46,1440,761,765,321,226,40,40,10,1
171,40,0,3.71777e-05,0,0.00682224,1.91191e-05,0.00687854,0.5,4,938,49,1536,934,938,349,238,40,40,10,1
172,40,0,3.71777e-05,0,0.00682224,1.91191e-05,0.00687854,0.8,4,1164,57,1792,1160,1164,396,258,40,40,10,1
173,40,0,3.71777e-05,0,0.00682224,1.91191e-05,0.00687854,0.8,4,749,44,1376,745,749,277,167,40,40,10,1
174,40,0,3.71777e-05,0,0.00682224,1.91191e-05,0.00687854,0.8,4,697,48,1504,693,697,367,257,40,40,10,1
175,40,0,3.71777e-05,0,0.00682224,1.91191e-05,0.00687854,1,4,718,48,1504,714,718,315,210,40,40,10,1
176,40,0,3.71777e-05,0,0.00682224,1.91191e-05,0.00687854,1,4,712,48,1504,708,712,300,197,40,40,10,1
177,40,0,3.71777e-05,0,0.00682224,1.91191e-05,0.00687854,0.8,4,839,45,1408,835,839,312,197,40,40,10,1
178,40,0,3.71777e-05,0,0.00682224,1.91191e-05,0.00687854,0.2,4,1048,53,1664,1044,1048,383,277,40,40,10,1
179,40,0,3.71777e-05,0,0.00682224,1.91191e-05,0.00687854,0.7,4,911,46,1440,907,911,324,226,40,40,10,1
180,40,0,3.71777e-05,0,0.00682224,1.91191e-05,0.00687854,0.9,4,834,50,1568,830,834,356,248,40,40,10,1
181,40,0,3.71777e-05,0,0.00682224,1.91191e-05,0.00687854,0.7,4,903,48,1504,899,903,339,226,40,40,10,1
182,40,0,3.71777e-05,0,0.00682224,1.91191e-05,0.00687854,1,4,790,49,1536,786,790,360,247,40,40,10,1
183,40,0,3.71777e-05,0,0.00682224,1.91191e-05,0.00687854,0.9,4,885,47,1472,881,885,311,215,40,40,10,1
184,40,0,3.71777e-05,0,0.00682224,1.91191e-05,0.00687854,0.9,4,780,47,1472,776,780,315,206,40,40,10,1
185,40,0,3.71777e-05,0,0.00682224,1.91191e-05,0.00687854,1,4,481,46,1440,477,481,277,185,40,40,10,1
186,40,0,3.71777e-05,0,0.00682224,1.91191e-05,0.00687854,0.9,4,795,48,1504,791,795,355,249,40,40,10,1
187,40,0,3.71777e-05,0,0.00682224,1.91191e-05,0.00687854,0.9,4,745,43,1344,741,745,261,153,40,40,10,1
188,40,0,3.71777e-05,0,0.00682224,1.91191e-05,0.00687854,0.9,4,820,45,1408,816,820,355,259,40,40,10,1
189,40,0,3.71777e-05,0,0.00682224,1.91191e-05,0.00687854,1,4,806,51,1600,802,806,410,288,40,40,10,1
190,40,0,3.71777e-05,0,0.00682224,1.91191e-05,0.00687854,1,4,831,57,1792,827,831,414,293,40,40,10,1
191,40,0,3.71777e-05,0,0.00682224,1.91191e-05,0.00687854,1,4,829,44,1376,825,829,307,201,40,40,10,1
192,40,0,3.71777e-05,0,0.00682224,1.91191e-05,0.00687854,0.8,4,1177,56,1760,1173,1177,348,205,40,40,10,1
193,40,0,3.71777e-05,0,0.00682224,1.91191e-05,0.00687854,1,4,836,50,1568,832,836,397,289,40,40,10,1
194,40,0,3.71777e-05,0,0.00682224,1.91191e-05,0.00687854,0.9,4,881,45,1408,877,881,333,229,40,40,10,1
195,40,0,3.71777e-05,0,0.00682224,1.91191e-05,0.00687854,1,4,790,44,1376,786,790,303,188,40,40,10,1
196,40,0,3.71777e-05,0,0.00682224,1.91191e-05,0.00687854,0.5,4,1020,56,1760,1016,1020,392,255,40,40,10,1
197,40,0,3.71777e-05,0,0.00682224,1.91191e-05,0.00687854,0.7,4,867,47,1472,863,867,322,214,40,40,10,1
198,40,0,3.71777e-05,0,0.00682224,1.91191e-05,0.00687854,1,4,618,48,1504,614,618,356,251,40,40,10,1
199,40,0,3.71777e-05,0,0.00682224,1.91191e-05,0.00687854,0.4,4,940,45,1408,936,940,316,207,40,40,10,1
200,40,0,3.71777e-05,0,0.00682224,1.91191e-05,0.00687854,1,4,863,45,1408,859,863,311,198,40,40,10,1
201,40,0,3.71777e-05,0,0.00682224,1.91191e-05,0.00687854,0.8,4,904,49,1536,900,904,351,251,40,40,10,1
202,40,0,3.71777e-05,0,0.00682224,1.91191e-05,0.00687854,1,4,1070,52,1632,1066,1070,424,303,40,40,10,1
203,40,0,3.71777e-05,0,0.00682224,1.91191e-05,0.00687854,0.9,4,722,45,1408,718,722,323,230,40,40,10,1
204,40,0,3.71777e-05,0,0.00682224,1.91191e-05,0.00687854,1,4,764,45,1408,760,764,305,205,40,40,10,1
205,40,0,3.71777e-05,0,0.00682224,1.91191e-05,0.00687854,0.9,4,843,49,1536,839,843,397,279,40,40,10,1
206,40,0,3.71777e-05,0,0.00682224,1.91191e-05,0.00687854,1,4,766,47,1472,762,766,341,233,40,40,10,1
207,40,0,3.71777e-05,0,0.00682224,1.91191e-05,0.00687854,0.9,4,809,49,1536,805,809,354,238,40,40,10,1
208,40,0,3.71777e-05,0,0.00682224,1.91191e-05,0.00687854,1,4,733,47,1472,729,733,320,227,40,40,10,1
209,40,0,3.71777e-05,0,0.00682224,1.91191e-05,0.00687854,1,4,691,44,1376,687,691,320,208,40,40,10,1
210,40,0,3.71777e-05,0,0.00682224,1.91191e-05,0.00687854,0.5,4,995,53,1664,991,995,370,237,40,40,10,1
211,40,0,3.71777e-05,0,0.00682224,1.91191e-05,0.00687854,0.9,4,759,48,1504,755,759,363,255,40,40,10,1
212,40,0,3.71777e-05,0,0.00682224,1.91191e-05,0.00687854,1,4,699,46,1440,695,699,308,200,40,40,10,1
213,40,0,3.71777e-05,0,0.00682224,1.91191e-05,0.00687854,0.8,4,1014,52,1632,1010,1014,380,257,40,40,10,1
214,40,0,3.71777e-05,0,0.00682224,1.91191e-05,0.00687854,0.5,4,1078,56,1760,1074,1078,416,308,40,40,10,1
215,40,0,3.71777e-05,0,0.00682224,1.91191e-05,0.00687854,1,4,783,46,1440,779,783,296,199,40,40,10,1
216,40,0,3.71777e-05,0,0.00682224,1.91191e-05,0.00687854,0.6,4,777,45,1408,773,777,303,194,40,40,10,1
217,40,0,3.71777e-05,0,0.00682224,1.91191e-05,0.00687854,0.8,4,952,49,1536,948,952,363,246,40,40,10,1
218,40,0,3.71777e-05,0,0.00682224,1.91191e-05,0.00687854,0.7,4,856,45,1408,852,856,293,182,40,40,10,1
219,40,0,3.71777e-05,0,0.00682224,1.91191e-05,0.00687854,1,4,816,51,1600,812,816,371,257,40,40,10,1
220,40,0,3.71777e-05,0,0.00682224,1.91191e-05,0.00687854,1,4,1162,60,1888,1158,1162,478,341,40,40,10,1
221,40,0,3.71777e-05,0,0.00682224,1.91191e-05,0.00687854,0.9,4,987,50,1568,983,987,385,253,40,40,10,1
222,40,0,3.71777e-05,0,0.00682224,1.91191e-05,0.00687854,0.3,4,863,45,1408,859,863,327,212,40,40,10,1
223,40,0,3.71777e-05,0,0.00682224,1.91191e-05,0.00687854,0.6,4,1306,68,2144,1302,1306,417,253,40,40,10,1
224,40,0,3.71777e-05,0,0.00682224,1.91191e-05,0.00687854,0.9,4,960,50,1568,956,960,356,258,40,40,10,1
225,40,0,3.71777e-05,0,0.00682224,1.91191e-05,0.00687854,0.3,4,919,45,1408,915,919,290,184,40,40,10,1
226,40,0,3.71777e-05,0,0.00682224,1.91191e-05,0.00687854,0.5,4,918,54,1696,914,918,353,243,40,40,10,1
227,40,0,3.71777e-05,0,0.00682224,1.91191e-05,0.00687854,0.4,4,807,46,1440,803,807,348,225,40,40,10,1
228,40,0,3.71777e-05,0,0.00682224,1.91191e-05,0.00687854,0.9,4,849,48,1504,845,849,353,246,40,40,10,1
229,40,0,3.71777e-05,0,0.00682224,1.91191e-05,0.00687854,0.8,4,844,50,1568,840,844,370,265,40,40,10,1
230,40,0,3.71777e-05,0,0.00682224,1.91191e-05,0.00687854,1,4,656,45,1408,652,656,271,168,40,40,10,1
231,40,0,3.71777e-05,0,0.00682224,1.91191e-05,0.00687854,1,4,751,48,1504,747,751,345,250,40,40,10,1
232,40,0,3.71777e-05,0,0.00682224,1.91191e-05,0.00687854,1,4,686,48,1504,682,686,352,260,40,40,10,1
233,40,0,3.71777e-05,0,0.00682224,1.91191e-05,0.00687854,0.8,4,834,47,1472,830,834,333,220,40,40,10,1
234,40,0,3.71777e-05,0,0.00682224,1.91191e-05,0.00687854,0.8,4,900,51,1600,896,900,377,268,40,40,10,1
235,40,0,3.71777e-05,0,0.00682224,1.91191e-05,0.00687854,0.8,4,689,48,1504,685,689,329,234,40,40,10,1
236,40,0,3.71777e-05,0,0.00682224,1.91191e-05,0.00687854,1,4,686,45,1408,682,686,307,195,40,40,10,1
237,40,0,3.71777e-05,0,0.00682224,1.91191e-05,0.00687854,1,4,870,54,1696,866,870,419,304,40,40,10,1
238,40,0,3.71777e-05,0,0.00682224,1.91191e-05,0.00687854,0.9,4,947,52,1632,943,947,343,237,40,40,10,1
239,40,0,3.71777e-05,0,0.00682224,1.91191e-05,0.00687854,0.8,4,826,47,1472,822,826,325,218,40,40,10,1
240,40,0,3.71777e-05,0,0.00682224,1.91191e-05,0.00687854,1,4,870,49,1536,866,870,397,296,40,40,10,1
241,40,0,3.71777e-05,0,0.00682224,1.91191e-05,0.00687854,0.5,4,881,50,1568,877,881,353,246,40,40,10,1
242,40,0,3.71777e-05,0,0.00682224,1.91191e-05,0.00687854,0.7,4,1017,54,1696,1013,1017,319,196,40,40,10,1
243,40,0,3.71777e-05,0,0.00682224,1.91191e-05,0.00687854,0.7,4,951,53,1664,947,951,359,243,40,40,10,1
244,40,0,3.71777e-05,0,0.00682224,1.91191e-05,0.00687854,0.8,4,805,50,1568,801,805,344,228,40,40,10,1
245,40,0,3.71777e-05,0,0.00682224,1.91191e-05,0.00687854,1,4,892,49,1536,888,892,356,261,40,40,10,1
246,40,0,3.71777e-05,0,0.00682224,1.91191e-05,0.00687854,0.6,4,925,47,1472,921,925,332,204,40,40,10,1
247,40,0,3.71777e-05,0,0.00682224,1.91191e-05,0.00687854,1,4,843,48,1504,839,843,379,278,40,40,10,1
248,40,0,3.71777e-05,0,0.00682224,1.91191e-05,0.00687854,0.7,4,975,53,1664,971,975,368,228,40,40,10,1
249,40,0,3.71777e-05,0,0.00682224,1.91191e-05,0.00687854,0.6,4,990,48,1504,986,990,388,271,40,40,10,1
250,40,0,3.71777e-05,0,0.00682224,1.91191e-05,0.00687854,0,4,785,45,1408,781,785,286,175,40,40,10,1
251,40,0,3.71777e-05,0,0.00682224,1.91191e-05,0.00687854,0.9,4,1446,73,2304,1442,1446,484,288,40,40,10,1
252,40,0,3.71777e-05,0,0.00682224,1.91191e-05,0.00687854,0.4,4,756,43,1344,752,756,283,181,40,40,10,1
253,40,0,3.71777e-05,0,0.00682224,1.91191e-05,0.00687854,1,4,700,48,1504,696,700,337,225,40,40,10,1
254,40,0,3.71777e-05,0,0.00682224,1.91191e-05,0.00687854,0.7,4,951,52,1632,947,951,365,246,40,40,10,1
255,40,0,3.71777e-05,0,0.00682224,1.91191e-05,0.00687854,0.8,4,954,45,1408,950,954,325,212,40,40,10,1
256,40,0,3.71777e-05,0,0.00682224,1.91191e-05,0.00687854,0.5,4,896,49,1536,892,896,373,253,40,40,10,1
257,40,0,3.71777e-05,0,0.00682224,1.91191e-05,0.00687854,0.7,4,818,47,1472,814,818,296,206,40,40,10,1
258,40,0,3.71777e-05,0,0.00682224,1.91191e-05,0.00687854,0.6,4,917,51,1600,913,917,356,243,40,40,10,1
259,40,0,3.71777e-05,0,0.00682224,1.91191e-05,0.00687854,0.4,4,963,49,1536,959,963,321,232,40,40,10,1
260,40,0,3.71777e-05,0,0.00682224,1.91191e-05,0.00687854,0.6,4,990,52,1632,986,990,409,302,40,40,10,1
261,40,0,3.71777e-05,0,0.00682224,1.91191e-05,0.00687854,0.7,4,753,46,1440,749,753,310,199,40,40,10,1
262,40,0,3.71777e-05,0,0.00682224,1.91191e-05,0.00687854,0.7,4,932,45,1408,928,932,302,184,40,40,10,1
263,40,0,3.71777e-05,0,0.00682224,1.91191e-05,0.00687854,1,4,485,45,1408,481,485,268,155,40,40,10,1
264,40,0,3.71777e-05,0,0.00682224,1.91191e-05,0.00687854,1,4,864,48,1504,860,864,351,241,40,40,10,1
265,40,0,3.71777e-05,0,0.00682224,1.91191e-05,0.00687854,1,4,656,48,1504,652,656,354,259,40,40,10,1
266,40,0,3.71777e-05,0,0.00682224,1.91191e-05,0.00687854,1,4,676,46,1440,672,676,323,212,40,40,10,1
267,40,0,3.71777e-05,0,0.00682224,1.91191e-05,0.00687854,0.9,4,795,47,1472,791,795,348,251,40,40,10,1
268,40,0,3.71777e-05,0,0.00682224,1.91191e-05,0.00687854,0.5,4,874,44,1376,870,874,276,171,40,40,10,1
269,40,0,3.71777e-05,0,0.00682224,1.91191e-05,0.00687854,1,4,703,48,1504,699,703,330,240,40,40,10,1
270,40,0,3.71777e-05,0,0.00682224,1.91191e-05,0.00687854,0.8,4,861,46,1440,857,861,300,191,40,40,10,1
271,40,0,3.71777e-05,0,0.00682224,1.91191e-05,0.00687854,1,4,759,45,1408,755,759,291,211,40,40,10,1
272,40,0,3.71777e-05,0,0.00682224,1.91191e-05,0.00687854,0.8,4,859,48,1504,855,859,313,184,40,40,10,1
273,40,0,3.71777e-05,0,0.00682224,1.91191e-05,0.00687854,0.9,4,773,47,1472,769,773,307,211,40,40,10,1
274,40,0,3.71777e-05,0,0.00682224,1.91191e-05,0.00687854,0.1,4,998,52,1632,994,998,355,230,40,40,10,1
275,40,0,3.71777e-05,0,0.00682224,1.91191e-05,0.00687854,0.8,4,723,48,1504,719,723,377,268,40,40,10,1
276,40,0,3.71777e-05,0,0.00682224,1.91191e-05,0.00687854,0.5,4,802,49,1536,798,802,343,237,40,40,10,1
277,40,0,3.71777e-05,0,0.00682224,1.91191e-05,0.00687854,0.7,4,855,51,1600,851,855,335,224,40,40,10,1
278,40,0,3.71777e-05,0,0.00682224,1.91191e-05,0.00687854,0.9,4,866,45,1408,862,866,325,206,40,40,10,1
279,40,0,3.71777e-05,0,0.00682224,1.91191e-05,0.00687854,0.9,4,838,46,1440,834,838,355,258,40,40,10,1
280,40,0,3.71777e-05,0,0.00682224,1.91191e-05,0.00687854,0.9,4,843,48,1504,839,843,349,221,40,40,10,1
281,40,0,3.71777e-05,0,0.00682224,1.91191e-05,0.00687854,1,4,839,50,1568,835,839,337,230,40,40,10,1
282,40,0,3.71777e-05,0,0.00682224,1.91191e-05,0.00687854,1,4,891,47,1472,887,891,312,216,40,40,10,1
283,40,0,3.71777e-05,0,0.00682224,1.91191e-05,0.00687854,0.9,4,948,49,1536,944,948,393,285,40,40,10,1
284,40,0,3.71777e-05,0,0.00682224,1.91191e-05,0.00687854,0.8,4,918,52,1632,914,918,381,268,40,40,10,1
285,40,0,3.71777e-05,0,0.00682224,1.91191e-05,0.00687854,0.6,4,1060,53,1664,1056,1060,375,242,40,40,10,1
286,40,0,3.71777e-05,0,0.00682224,1.91191e-05,0.00687854,0.8,4,803,45,1408,799,803,312,207,40,40,10,1
287,40,0,3.71777e-05,0,0.00682224,1.91191e-05,0.00687854,1,4,889,50,1568,885,889,397,299,40,40,10,1
288,40,0,3.71777e-05,0,0.00682224,1.91191e-05,0.00687854,0.9,4,649,48,1504,645,649,350,248,40,40,10,1
289,40,0,3.71777e-05,0,0.00682224,1.91191e-05,0.00687854,0.3,4,910,49,1536,906,910,326,220,40,40,10,1
290,40,0,3.71777e-05,0,0.00682224,1.91191e-05,0.00687854,1,4,808,48,1504,804,808,339,209,40,40,10,1
291,40,0,3.71777e-05,0,0.00682224,1.91191e-05,0.00687854,0.8,4,798,45,1408,794,798,306,206,40,40,10,1
292,40,0,3.71777e-05,0,0.00682224,1.91191e-05,0.00687854,1,4,801,46,1440,797,801,331,213,40,40,10,1
293,40,0,3.71777e-05,0,0.00682224,1.91191e-05,0.00687854,0.8,4,873,46,1440,869,873,301,191,40,40,10,1
294,40,0,3.71777e-05,0,0.00682224,1.91191e-05,0.00687854,1,4,782,45,1408,778,782,291,185,40,40,10,1
295,40,0,3.71777e-05,0,0.00682224,1.91191e-05,0.00687854,0.9,4,1078,51,1600,1074,1078,400,287,40,40,10,1
296,40,0,3.71777e-05,0,0.00682224,1.91191e-05,0.00687854,0.9,4,949,48,1504,945,949,313,201,40,40,10,1
297,40,0,3.71777e-05,0,0.00682224,1.91191e-05,0.00687854,0.8,4,975,54,1696,971,975,358,228,40,40,10,1
298,40,0,3.71777e-05,0,0.00682224,1.91191e-05,0.00687854,0.4,4,958,49,1536,954,958,355,239,40,40,10,1
299,40,0,3.71777e-05,0,0.00682224,1.91191e-05,0.00687854,0.9,4,865,45,1408,861,865,299,203,40,40,10,1
300,40,0,3.71777e-05,0,0.00682224,1.91191e-05,0.00687854,0.3,4,946,52,1632,942,946,341,221,40,40,10,1
301,40,0,3.71777e-05,0,0.00682224,1.91191e-05,0.00687854,0.9,4,713,49,1536,709,713,364,257,40,40,10,1
302,40,0,3.71777e-05,0,0.00682224,1.91191e-05,0.00687854,1,4,850,48,1504,846,850,319,197,40,40,10,1
303,40,0,3.71777e-05,0,0.00682224,1.91191e-05,0.00687854,1,4,830,47,1472,826,830,352,263,40,40,10,1
304,40,0,3.71777e-05,0,0.00682224,1.91191e-05,0.00687854,0.6,4,1244,60,1888,1240,1244,408,259,40,40,10,1
305,40,0,3.71777e-05,0,0.00682224,1.91191e-05,0.00687854,0.5,4,786,47,1472,782,786,296,183,40,40,10,1
306,40,0,3.71777e-05,0,0.00682224,1.91191e-05,0.00687854,0.6,4,782,44,1376,778,782,313,194,40,40,10,1
307,40,0,3.71777e-05,0,0.00682224,1.91191e-05,0.00687854,0.5,4,1009,51,1600,1005,1009,374,223,40,40,10,1
308,40,0,3.71777e-05,0,0.00682224,1.91191e-05,0.00687854,0.7,4,936,56,1760,932,936,387,227,40,40,10,1
309,40,0,3.71777e-05,0,0.00682224,1.91191e-05,0.00687854,0.9,4,908,48,1504,904,908,288,171,40,40,10,1
310,40,0,3.71777e-05,0,0.00682224,1.91191e-05,0.00687854,0.1,4,1020,63,1984,1016,1020,360,202,40,40,10,1
311,40,0,3.71777e-05,0,0.00682224,1.91191e-05,0.00687854,0.5,4,1021,55,1728,1017,1021,358,227,40,40,10,1
312,40,0,3.71777e-05,0,0.00682224,1.91191e-05,0.00687854,1,4,1079,56,1760,1075,1079,346,210,40,40,10,1
313,40,0,3.71777e-05,0,0.00682224,1.91191e-05,0.00687854,0.6,4,839,44,1376,835,839,268,173,40,40,10,1
314,40,0,3.71777e-05,0,0.00682224,1.91191e-05,0.00687854,1,4,804,47,1472,800,804,334,220,40,40,10,1
315,40,0,3.71777e-05,0,0.00682224,1.91191e-05,0.00687854,1,4,974,52,1632,970,974,393,253,40,40,10,1
316,40,0,3.71777e-05,0,0.00682224,1.91191e-05,0.00687854,1,4,953,50,1568,949,953,380,262,40,40,10,1
317,40,0,3.71777e-05,0,0.00682224,1.91191e-05,0.00687854,0.8,4,1263,69,2176,1259,1263,437,269,40,40,10,1
318,40,0,3.71777e-05,0,0.00682224,1.91191e-05,0.00687854,0.6,4,762,45,1408,758,762,303,205,40,40,10,1
319,40,0,3.71777e-05,0,0.00682224,1.91191e-05,0.00687854,0.6,4,773,43,1344,769,773,278,183,40,40,10,1
320,40,0,3.71777e-05,0,0.00682224,1.91191e-05,0.00687854,0.5,4,1071,58,1824,1067,1071,370,253,40,40,10,1
321,40,0,3.71777e-05,0,0.00682224,1.91191e-05,0.00687854,0.7,4,853,44,1376,849,853,309,195,40,40,10,1
322,40,0,3.71777e-05,0,0.00682224,1.91191e-05,0.00687854,0.8,4,956,52,1632,952,956,391,261,40,40,10,1
323,40,0,3.71777e-05,0,0.00682224,1.91191e-05,0.00687854,0.9,4,1027,55,1728,1023,1027,348,233,40,40,10,1
324,40,0,3.71777e-05,0,0.00682224,1.91191e-05,0.00687854,0.9,4,1024,51,1600,1020,1024,340,208,40,40,10,1
325,40,0,3.71777e-05,0,0.00682224,1.91191e-05,0.00687854,0.6,4,1039,47,1472,1035,1039,303,206,40,40,10,1
326,40,0,3.71777e-05,0,0.00682224,1.91191e-05,0.00687854,0.5,4,1021,59,1856,1017,1021,392,258,40,40,10,1
327,40,0,3.71777e-05,0,0.00682224,1.91191e-05,0.00687854,1,4,737,47,1472,733,737,306,214,40,40,10,1
328,40,0,3.71777e-05,0,0.00682224,1.91191e-05,0.00687854,1,4,806,47,1472,802,806,355,223,40,40,10,1
329,40,0,3.71777e-05,0,0.00682224,1.91191e-05,0.00687854,0.8,4,851,47,1472,847,851,381,278,40,40,10,1
330,40,0,3.71777e-05,0,0.00682224,1.91191e-05,0.00687854,1,4,800,45,1408,796,800,326,221,40,40,10,1
331,40,0,3.71777e-05,0,0.00682224,1.91191e-05,0.00687854,0.8,4,856,46,1440,852,856,333,217,40,40,10,1
332,40,0,3.71777e-05,0,0.00682224,1.91191e-05,0.00687854,0.7,4,826,43,1344,822,826,267,159,40,40,10,1
333,40,0,3.71777e-05,0,0.00682224,1.91191e-05,0.00687854,0.7,4,912,51,1600,908,912,354,222,40,40,10,1
334,40,0,3.71777e-05,0,0.00682224,1.91191e-05,0.00687854,1,4,852,46,1440,848,852,326,218,40,40,10,1
335,40,0,3.71777e-05,0,0.00682224,1.91191e-05,0.00687854,1,4,887,49,1536,883,887,332,233,40,40,10,1
336,40,0,3.71777e-05,0,0.00682224,1.91191e-05,0.00687854,0.9,4,911,51,1600,907,911,341,231,40,40,10,1
337,40,0,3.71777e-05,0,0.00682224,1.91191e-05,0.00687854,0.8,4,824,49,1536,820,824,303,195,40,40,10,1
338,40,0,3.71777e-05,0,0.00682224,1.91191e-05,0.00687854,0.6,4,887,45,1408,883,887,338,225,40,40,10,1
339,40,0,3.71777e-05,0,0.00682224,1.91191e-05,0.00687854,0.9,4,789,47,1472,785,789,356,255,40,40,10,1
340,40,0,3.71777e-05,0,0.00682224,1.91191e-05,0.00687854,1,4,833,47,1472,829,833,340,219,40,40,10,1
341,40,0,3.71777e-05,0,0.00682224,1.91191e-05,0.00687854,0.9,4,854,45,1408,850,854,302,191,40,40,10,1
342,40,0,3.71777e-05,0,0.00682224,1.91191e-05,0.00687854,0.8,4,834,45,1408,830,834,283,167,40,40,10,1
343,40,0,3.71777e-05,0,0.00682224,1.91191e-05,0.00687854,1,4,847,48,1504,843,847,336,209,40,40,10,1
344,40,0,3.71777e-05,0,0.00682224,1.91191e-05,0.00687854,1,4,1002,51,1600,998,1002,408,275,40,40,10,1
345,40,0,3.71777e-05,0,0.00682224,1.91191e-05,0.00687854,0.6,4,867,47,1472,863,867,310,223,40,40,10,1
346,40,0,3.71777e-05,0,0.00682224,1.91191e-05,0.00687854,1,4,819,50,1568,815,819,395,284,40,40,10,1
347,40,0,3.71777e-05,0,0.00682224,1.91191e-05,0.00687854,1,4,826,48,1504,822,826,348,229,40,40,10,1
348,40,0,3.71777e-05,0,0.00682224,1.91191e-05,0.00687854,0.6,4,999,51,1600,995,999,318,214,40,40,10,1
349,40,0,3.71777e-05,0,0.00682224,1.91191e-05,0.00687854,0.8,4,897,46,1440,893,897,337,231,40,40,10,1
350,40,0,3.71777e-05,0,0.00682224,1.91191e-05,0.00687854,0.8,4,881,47,1472,877,881,326,217,40,40,10,1
351,40,0,3.71777e-05,0,0.00682224,1.91191e-05,0.00687854,0.8,4,742,43,1344,738,742,269,159,40,40,10,1
352,40,0,3.71777e-05,0,0.00682224,1.91191e-05,0.00687854,0.7,4,748,45,1408,744,748,299,206,40,40,10,1
353,40,0,3.71777e-05,0,0.00682224,1.91191e-05,0.00687854,0.9,4,789,46,1440,785,789,323,209,40,40,10,1
354,40,0,3.71777e-05,0,0.00682224,1.91191e-05,0.00687854,0.9,4,1053,60,1888,1049,1053,397,265,40,40,10,1
355,40,0,3.71777e-05,0,0.00682224,1.91191e-05,0.00687854,0.9,4,884,49,1536,880,884,351,237,40,40,10,1
356,40,0,3.71777e-05,0,0.00682224,1.91191e-05,0.00687854,1,4,829,47,1472,825,829,381,266,40,40,10,1
357,40,0,3.71777e-05,0,0.00682224,1.91191e-05,0.00687854,1,4,756,43,1344,752,756,276,172,40,40,10,1
358,40,0,3.71777e-05,0,0.00682224,1.91191e-05,0.00687854,1,4,869,51,1600,865,869,336,225,40,40,10,1
359,40,0,3.71777e-05,0,0.00682224,1.91191e-05,0.00687854,0.9,4,958,47,1472,954,958,348,240,40,40,10,1
360,40,0,3.71777e-05,0,0.00682224,1.91191e-05,0.00687854,0.9,4,754,45,1408,750,754,337,227,40,40,10,1
361,40,0,3.71777e-05,0,0.00682224,1.91191e-05,0.00687854,0.6,4,1010,48,1504,1006,1010,358,246,40,40,10,1
362,40,0,3.71777e-05,0,0.00682224,1.91191e-05,0.00687854,0.8,4,882,47,1472,878,882,324,225,40,40,10,1
363,40,0,3.71777e-05,0,0.00682224,1.91191e-05,0.00687854,1,4,874,50,1568,870,874,407,289,40,40,10,1
364,40,0,3.71777e-05,0,0.00682224,1.91191e-05,0.00687854,0.7,4,837,46,1440,833,837,312,197,40,40,10,1
365,40,0,3.71777e-05,0,0.00682224,1.91191e-05,0.00687854,1,4,845,51,1600,841,845,398,282,40,40,10,1
366,40,0,3.71777e-05,0,0.00682224,1.91191e-05,0.00687854,0.9,4,959,49,1536,955,959,390,274,40,40,10,1
367,40,0,3.71777e-05,0,0.00682224,1.91191e-05,0.00687854,0.7,4,996,53,1664,992,996,392,265,40,40,10,1
368,40,0,3.71777e-05,0,0.00682224,1.91191e-05,0.00687854,0.8,4,754,46,1440,750,754,292,179,40,40,10,1
369,40,0,3.71777e-05,0,0.00682224,1.91191e-05,0.00687854,1,4,898,49,1536,894,898,358,244,40,40,10,1
370,40,0,3.71777e-05,0,0.00682224,1.91191e-05,0.00687854,1,4,910,44,1376,906,910,280,166,40,40,10,1
371,40,0,3.71777e-05,0,0.00682224,1.91191e-05,0.00687854,1,4,920,45,1408,916,920,298,179,40,40,10,1
372,40,0,3.71777e-05,0,0.00682224,1.91191e-05,0.00687854,0.8,4,661,44,1376,657,661,282,183,40,40,10,1
373,40,0,3.71777e-05,0,0.00682224,1.91191e-05,0.00687854,0.8,4,912,47,1472,908,912,336,221,40,40,10,1
374,40,0,3.71777e-05,0,0.00682224,1.91191e-05,0.00687854,0.9,4,754,49,1536,750,754,370,256,40,40,10,1
375,40,0,3.71777e-05,0,0.00682224,1.91191e-05,0.00687854,0.5,4,955,48,1504,951,955,337,211,40,40,10,1
376,40,0,3.71777e-05,0,0.00682224,1.91191e-05,0.00687854,0.6,4,807,45,1408,803,807,336,232,40,40,10,1
377,40,0,3.71777e-05,0,0.00682224,1.91191e-05,0.00687854,1,4,733,48,1504,729,733,290,187,40,40,10,1
378,40,0,3.71777e-05,0,0.00682224,1.91191e-05,0.00687854,1,4,894,47,1472,890,894,373,258,40,40,10,1
379,40,0,3.71777e-05,0,0.00682224,1.91191e-05,0.00687854,0.7,4,762,45,1408,758,762,310,217,40,40,10,1
380,40,0,3.71777e-05,0,0.00682224,1.91191e-05,0.00687854,1,4,848,49,1536,844,848,343,224,40,40,10,1
381,40,0,3.71777e-05,0,0.00682224,1.91191e-05,0.00687854,0.9,4,1396,68,2144,1392,1396,456,282,40,40,10,1
382,40,0,3.71777e-05,0,0.00682224,1.91191e-05,0.00687854,0.8,4,922,52,1632,918,922,392,270,40,40,10,1
383,40,0,3.71777e-05,0,0.00682224,1.91191e-05,0.00687854,0.7,4,1119,55,1728,1115,1119,416,283,40,40,10,1
384,40,0,3.71777e-05,0,0.00682224,1.91191e-05,0.00687854,1,4,909,57,1792,905,909,359,215,40,40,10,1
385,40,0,3.71777e-05,0,0.00682224,1.91191e-05,0.00687854,0.8,4,968,51,1600,964,968,414,298,40,40,10,1
386,40,0,3.71777e-05,0,0.00682224,1.91191e-05,0.00687854,0.6,4,792,44,1376,788,792,268,160,40,40,10,1
387,40,0,3.71777e-05,0,0.00682224,1.91191e-05,0.00687854,1,4,898,46,1440,894,898,317,207,40,40,10,1
388,40,0,3.71777e-05,0,0.00682224,1.91191e-05,0.00687854,0.5,4,817,44,1376,813,817,304,188,40,40,10,1
389,40,0,3.71777e-05,0,0.00682224,1.91191e-05,0.00687854,0.7,4,948,54,1696,944,948,355,229,40,40,10,1
390,40,0,3.71777e-05,0,0.00682224,1.91191e-05,0.00687854,1,4,876,45,1408,872,876,312,197,40,40,10,1
391,40,0,3.71777e-05,0,0.00682224,1.91191e-05,0.00687854,1,4,821,47,1472,817,821,325,230,40,40,10,1
392,40,0,3.71777e-05,0,0.00682224,1.91191e-05,0.00687854,0.5,4,1022,53,1664,1018,1022,385,267,40,40,10,1
393,40,0,3.71777e-05,0,0.00682224,1.91191e-05,0.00687854,0.9,4,675,44,1376,671,675,269,183,40,40,10,1
394,40,0,3.71777e-05,0,0.00682224,1.91191e-05,0.00687854,1,4,676,47,1472,672,676,280,189,40,40,10,1
395,40,0,3.71777e-05,0,0.00682224,1.91191e-05,0.00687854,0.9,4,869,48,1504,865,869,320,199,40,40,10,1
396,40,0,3.71777e-05,0,0.00682224,1.91191e-05,0.00687854,0.6,4,979,49,1536,975,979,368,251,40,40,10,1
397,40,0,3.71777e-05,0,0.00682224,1.91191e-05,0.00687854,0.5,4,770,44,1376,766,770,268,162,40,40,10,1
398,40,0,3.71777e-05,0,0.00682224,1.91191e-05,0.00687854,0.6,4,733,44,1376,729,733,282,195,40,40,10,1
399,40,0,3.71777e-05,0,0.00682224,1.91191e-05,0.00687854,1,4,757,46,1440,753,757,320,198,40,40,10,1
400,40,0,3.71777e-05,0,0.00682224,1.91191e-05,0.00687854,0.8,4,825,46,1440,821,825,310,196,40,40,10,1
401,40,0,3.71777e-05,0,0.00682224,1.91191e-05,0.00687854,0.7,4,943,46,1440,939,943,342,215,40,40,10,1
402,40,0,3.71777e-05,0,0.00682224,1.91191e-05,0.00687854,0.7,4,958,49,1536,954,958,331,204,40,40,10,1
403,40,0,3.71777e-05,0,0.00682224,1.91191e-05,0.00687854,1,4,866,44,1376,862,866,280,165,40,40,10,1
404,40,0,3.71777e-05,0,0.00682224,1.91191e-05,0.00687854,0.9,4,856,48,1504,852,856,395,266,40,40,10,1
405,40,0,3.71777e-05,0,0.00682224,1.91191e-05,0.00687854,0.7,4,931,47,1472,927,931,317,212,40,40,10,1
406,40,0,3.71777e-05,0,0.00682224,1.91191e-05,0.00687854,0.7,4,996,49,1536,992,996,388,279,40,40,10,1
407,40,0,3.71777e-05,0,0.00682224,1.91191e-05,0.00687854,0.9,4,836,45,1408,832,836,286,188,40,40,10,1
408,40,0,3.71777e-05,0,0.00682224,1.91191e-05,0.00687854,0.9,4,794,44,1376,790,794,300,200,40,40,10,1
409,40,0,3.71777e-05,0,0.00682224,1.91191e-05,0.00687854,0.5,4,704,44,1376,700,704,267,170,40,40,10,1
410,40,0,3.71777e-05,0,0.00682224,1.91191e-05,0.00687854,1,4,748,43,1344,744,748,266,167,40,40,10,1
411,40,0,3.71777e-05,0,0.00682224,1.91191e-05,0.00687854,0.8,4,901,52,1632,897,901,427,304,40,40,10,1
412,40,0,3.71777e-05,0,0.00682224,1.91191e-05,0.00687854,1,4,866,47,1472,862,866,279,156,40,40,10,1
413,40,0,3.71777e-05,0,0.00682224,1.91191e-05,0.00687854,0.6,4,872,45,1408,868,872,321,204,40,40,10,1
414,40,0,3.71777e-05,0,0.00682224,1.91191e-05,0.00687854,1,4,956,53,1664,952,956,393,282,40,40,10,1
415,40,0,3.71777e-05,0,0.00682224,1.91191e-05,0.00687854,0.8,4,1152,56,1760,1148,1152,372,248,40,40,10,1
416,40,0,3.71777e-05,0,0.00682224,1.91191e-05,0.00687854,1,4,736,45,1408,732,736,320,215,40,40,10,1
417,40,0,3.71777e-05,0,0.00682224,1.91191e-05,0.00687854,1,4,759,45,1408,755,759,312,208,40,40,10,1
418,40,0,3.71777e-05,0,0.00682224,1.91191e-05,0.00687854,0.4,4,954,49,1536,950,954,357,248,40,40,10,1
419,40,0,3.71777e-05,0,0.00682224,1.91191e-05,0.00687854,1,4,787,44,1376,783,787,277,172,40,40,10,1
420,40,0,3.71777e-05,0,0.00682224,1.91191e-05,0.00687854,0.9,4,840,48,1504,836,840,352,235,40,40,10,1
421,40,0,3.71777e-05,0,0.00682224,1.91191e-05,0.00687854,0.8,4,804,48,1504,800,804,361,276,40,40,10,1
422,40,0,3.71777e-05,0,0.00682224,1.91191e-05,0.00687854,1,4,801,45,1408,797,801,336,212,40,40,10,1
423,40,0,3.71777e-05,0,0.00682224,1.91191e-05,0.00687854,0.4,4,817,46,1440,813,817,348,247,40,40,10,1
424,40,0,3.71777e-05,0,0.00682224,1.91191e-05,0.00687854,0,4,1018,55,1728,1014,1018,341,211,40,40,10,1
425,40,0,3.71777e-05,0,0.00682224,1.91191e-05,0.00687854,0.7,4,853,44,1376,849,853,313,202,40,40,10,1
426,40,0,3.71777e-05,0,0.00682224,1.91191e-05,0.00687854,0.8,4,828,46,1440,824,828,343,224,40,40,10,1
427,40,0,3.71777e-05,0,0.00682224,1.91191e-05,0.00687854,0.9,4,860,47,1472,856,860,306,192,40,40,10,1
428,40,0,3.71777e-05,0,0.00682224,1.91191e-05,0.00687854,0.8,4,778,45,1408,774,778,309,198,40,40,10,1
429,40,0,3.71777e-05,0,0.00682224,1.91191e-05,0.00687854,0.5,4,872,51,1600,868,872,344,224,40,40,10,1
430,40,0,3.71777e-05,0,0.00682224,1.91191e-05,0.00687854,0.9,4,770,46,1440,766,770,330,199,40,40,10,1
431,40,0,3.71777e-05,0,0.00682224,1.91191e-05,0.00687854,0.8,4,824,48,1504,820,824,308,200,40,40,10,1
432,40,0,3.71777e-05,0,0.00682224,1.91191e-05,0.00687854,1,4,836,46,1440,832,836,307,206,40,40,10,1
433,40,0,3.71777e-05,0,0.00682224,1.91191e-05,0.00687854,0.7,4,894,47,1472,890,894,288,186,40,40,10,1
434,40,0,3.71777e-05,0,0.00682224,1.91191e-05,0.00687854,1,4,959,48,1504,955,959,371,266,40,40,10,1
435,40,0,3.71777e-05,0,0.00682224,1.91191e-05,0.00687854,1,4,852,48,1504,848,852,326,215,40,40,10,1
436,40,0,3.71777e-05,0,0.00682224,1.91191e-05,0.00687854,1,4,999,56,1760,995,999,367,232,40,40,10,1
437,40,0,3.71777e-05,0,0.00682224,1.91191e-05,0.00687854,1,4,892,44,1376,888,892,308,197,40,40,10,1
438,40,0,3.71777e-05,0,0.00682224,1.91191e-05,0.00687854,0.9,4,992,52,1632,988,992,352,220,40,40,10,1
439,40,0,3.71777e-05,0,0.00682224,1.91191e-05,0.00687854,1,4,821,45,1408,817,821,322,204,40,40,10,1
440,40,0,3.71777e-05,0,0.00682224,1.91191e-05,0.00687854,1,4,794,49,1536,790,794,369,251,40,40,10,1
441,40,0,3.71777e-05,0,0.00682224,1.91191e-05,0.00687854,0.4,4,957,56,1760,953,957,410,281,40,40,10,1
442,40,0,3.71777e-05,0,0.00682224,1.91191e-05,0.00687854,1,4,806,47,1472,802,806,331,224,40,40,10,1
443,40,0,3.71777e-05,0,0.00682224,1.91191e-05,0.00687854,0.9,4,716,45,1408,712,716,305,202,40,40,10,1
444,40,0,3.71777e-05,0,0.00682224,1.91191e-05,0.00687854,0.8,4,814,43,1344,810,814,269,171,40,40,10,1
445,40,0,3.71777e-05,0,0.00682224,1.91191e-05,0.00687854,0.9,4,810,47,1472,806,810,304,204,40,40,10,1
446,40,0,3.71777e-05,0,0.00682224,1.91191e-05,0.00687854,0.6,4,939,50,1568,935,939,394,272,40,40,10,1
447,40,0,3.71777e-05,0,0.00682224,1.91191e-05,0.00687854,0.6,4,882,50,1568,878,882,335,224,40,40,10,1
448,40,0,3.71777e-05,0,0.00682224,1.91191e-05,0.00687854,0.7,4,987,52,1632,983,987,375,267,40,40,10,1
449,40,0,3.71777e-05,0,0.00682224,1.91191e-05,0.00687854,1,4,948,59,1856,944,948,472,343,40,40,10,1
450,40,0,3.71777e-05,0,0.00682224,1.91191e-05,0.00687854,0.9,4,902,51,1600,898,902,357,247,40,40,10,1
451,40,0,3.71777e-05,0,0.00682224,1.91191e-05,0.00687854,0.9,4,829,43,1344,825,829,317,210,40,40,10,1
452,40,0,3.71777e-05,0,0.00682224,1.91191e-05,0.00687854,0.6,4,1055,48,1504,1051,1055,360,235,40,40,10,1
453,40,0,3.71777e-05,0,0.00682224,1.91191e-05,0.00687854,0.7,4,1147,57,1792,1143,1147,384,241,40,40,10,1
454,40,0,3.71777e-05,0,0.00682224,1.91191e-05,0.00687854,1,4,869,47,1472,865,869,350,232,40,40,10,1
455,40,0,3.71777e-05,0,0.00682224,1.91191e-05,0.00687854,1,4,773,49,1536,769,773,348,238,40,40,10,1
456,40,0,3.71777e-05,0,0.00682224,1.91191e-05,0.00687854,0.9,4,851,48,1504,847,851,354,247,40,40,10,1
457,40,0,3.71777e-05,0,0.00682224,1.91191e-05,0.00687854,1,4,873,47,1472,869,873,357,247,40,40,10,1
458,40,0,3.71777e-05,0,0.00682224,1.91191e-05,0.00687854,1,4,799,51,1600,795,799,365,252,40,40,10,1
459,40,0,3.71777e-05,0,0.00682224,1.91191e-05,0.00687854,0.6,4,1114,59,1856,1110,1114,390,244,40,40,10,1
460,40,0,3.71777e-05,0,0.00682224,1.91191e-05,0.00687854,0.7,4,870,45,1408,866,870,312,197,40,40,10,1
461,40,0,3.71777e-05,0,0.00682224,1.91191e-05,0.00687854,0.8,4,818,44,1376,814,818,284,192,40,40,10,1
462,40,0,3.71777e-05,0,0.00682224,1.91191e-05,0.00687854,1,4,573,47,1472,569,573,318,239,40,40,10,1
463,40,0,3.71777e-05,0,0.00682224,1.91191e-05,0.00687854,0.9,4,625,44,1376,621,625,246,153,40,40,10,1
464,40,0,3.71777e-05,0,0.00682224,1.91191e-05,0.00687854,1,4,712,46,1440,708,712,325,223,40,40,10,1
465,40,0,3.71777e-05,0,0.00682224,1.91191e-05,0.00687854,0.9,4,954,52,1632,950,954,317,200,40,40,10,1
466,40,0,3.71777e-05,0,0.00682224,1.91191e-05,0.00687854,0.9,4,823,45,1408,819,823,311,211,40,40,10,1
467,40,0,3.71777e-05,0,0.00682224,1.91191e-05,0.00687854,1,4,972,49,1536,968,972,377,264,40,40,10,1
468,40,0,3.71777e-05,0,0.00682224,1.91191e-05,0.00687854,0.7,4,767,48,1504,763,767,356,256,40,40,10,1
469,40,0,3.71777e-05,0,0.00682224,1.91191e-05,0.00687854,0.8,4,802,45,1408,798,802,351,261,40,40,10,1
470,40,0,3.71777e-05,0,0.00682224,1.91191e-05,0.00687854,1,4,857,46,1440,853,857,321,217,40,40,10,1
471,40,0,3.71777e-05,0,0.00682224,1.91191e-05,0.00687854,0.5,4,766,46,1440,762,766,302,208,40,40,10,1
472,40,0,3.71777e-05,0,0.00682224,1.91191e-05,0.00687854,0.6,4,855,46,1440,851,855,333,233,40,40,10,1
473,40,0,3.71777e-05,0,0.00682224,1.91191e-05,0.00687854,0.9,4,861,55,1728,857,861,410,271,40,40,10,1
474,40,0,3.71777e-05,0,0.00682224,1.91191e-05,0.00687854,0.8,4,806,45,1408,802,806,309,195,40,40,10,1
475,40,0,3.71777e-05,0,0.00682224,1.91191e-05,0.00687854,1,4,856,51,1600,852,856,398,278,40,40,10,1
476,40,0,3.71777e-05,0,0.00682224,1.91191e-05,0.00687854,1,4,745,47,1472,741,745,315,220,40,40,10,1
477,40,0,3.71777e-05,0,0.00682224,1.91191e-05,0.00687854,1,4,888,49,1536,884,888,398,279,40,40,10,1
478,40,0,3.71777e-05,0,0.00682224,1.91191e-05,0.00687854,1,4,472,48,1504,468,472,310,241,40,40,10,1
479,40,0,3.71777e-05,0,0.00682224,1.91191e-05,0.00687854,0.9,4,829,47,1472,825,829,324,225,40,40,10,1
480,40,0,3.71777e-05,0,0.00682224,1.91191e-05,0.00687854,1,4,524,52,1632,520,524,396,306,40,40,10,1
481,40,0,3.71777e-05,0,0.00682224,1.91191e-05,0.00687854,0.9,4,740,46,1440,736,740,309,216,40,40,10,1
482,40,0,3.71777e-05,0,0.00682224,1.91191e-05,0.00687854,1,4,835,52,1632,831,835,410,286,40,40,10,1
483,40,0,3.71777e-05,0,0.00682224,1.91191e-05,0.00687854,0.8,4,844,47,1472,840,844,334,224,40,40,10,1
484,40,0,3.71777e-05,0,0.00682224,1.91191e-05,0.00687854,1,4,716,48,1504,712,716,370,254,40,40,10,1
485,40,0,3.71777e-05,0,0.00682224,1.91191e-05,0.00687854,1,4,602,48,1504,598,602,332,233,40,40,10,1
486,40,0,3.71777e-05,0,0.00682224,1.91191e-05,0.00687854,1,4,836,47,1472,832,836,338,234,40,40,10,1
487,40,0,3.71777e-05,0,0.00682224,1.91191e-05,0.00687854,1,4,686,44,1376,682,686,280,188,40,40,10,1
488,40,0,3.71777e-05,0,0.00682224,1.91191e-05,0.00687854,1,4,817,46,1440,813,817,302,190,40,40,10,1
489,40,0,3.71777e-05,0,0.00682224,1.91191e-05,0.00687854,0.3,4,1100,67,2112,1096,1100,375,184,40,40,10,1
490,40,0,3.71777e-05,0,0.00682224,1.91191e-05,0.00687854,1,4,770,46,1440,766,770,305,216,40,40,10,1
491,40,0,3.71777e-05,0,0.00682224,1.91191e-05,0.00687854,1,4,942,55,1728,938,942,432,303,40,40,10,1
492,40,0,3.71777e-05,0,0.00682224,1.91191e-05,0.00687854,1,4,733,45,1408,729,733,335,224,40,40,10,1
493,40,0,3.71777e-05,0,0.00682224,1.91191e-05,0.00687854,1,4,537,46,1440,533,537,335,233,40,40,10,1
494,40,0,3.71777e-05,0,0.00682224,1.91191e-05,0.00687854,1,4,800,48,1504,796,800,356,243,40,40,10,1
495,40,0,3.71777e-05,0,0.00682224,1.91191e-05,0.00687854,1,4,821,47,1472,817,821,322,206,40,40,10,1
496,40,0,3.71777e-05,0,0.00682224,1.91191e-05,0.00687854,1,4,648,47,1472,644,648,359,236,40,40,10,1
497,40,0,3.71777e-05,0,0.00682224,1.91191e-05,0.00687854,0.6,4,1034,50,1568,1030,1034,346,215,40,40,10,1
498,40,0,3.71777e-05,0,0.00682224,1.91191e-05,0.00687854,0.5,4,671,45,1408,667,671,321,217,40,40,10,1
499,40,0,3.71777e-05,0,0.00682224,1.91191e-05,0.00687854,0.8,4,825,48,1504,821,825,305,206,40,40,10,1
500,40,0,3.71777e-05,0,0.00682224,1.91191e-05,0.00687854,1,4,786,44,1376,782,786,284,177,40,40,10,1
501,40,0,3.71777e-05,0,0.00682224,1.91191e-05,0.00687854,0.6,4,937,49,1536,933,937,399,279,40,40,10,1
502,40,0,3.71777e-05,0,0.00682224,1.91191e-05,0.00687854,1,4,739,50,1568,735,739,371,268,40,40,10,1
503,40,0,3.71777e-05,0,0.00682224,1.91191e-05,0.00687854,1,4,849,46,1440,845,849,317,213,40,40,10,1
504,40,0,3.71777e-05,0,0.00682224,1.91191e-05,0.00687854,1,4,706,49,1536,702,706,352,238,40,40,10,1
505,40,0,3.71777e-05,0,0.00682224,1.91191e-05,0.00687854,0.8,4,762,50,1568,758,762,327,230,40,40,10,1
506,40,0,3.71777e-05,0,0.00682224,1.91191e-05,0.00687854,0.9,4,678,45,1408,674,678,287,185,40,40,10,1
507,40,0,3.71777e-05,0,0.00682224,1.91191e-05,0.00687854,0.6,4,792,51,1600,788,792,326,219,40,40,10,1
508,40,0,3.71777e-05,0,0.00682224,1.91191e-05,0.00687854,0.8,4,958,52,1632,954,958,347,238,40,40,10,1
509,40,0,3.71777e-05,0,0.00682224,1.91191e-05,0.00687854,1,4,644,46,1440,640,644,302,193,40,40,10,1
510,40,0,3.71777e-05,0,0.00682224,1.91191e-05,0.00687854,1,4,872,55,1728,868,872,406,293,40,40,10,1
511,40,0,3.71777e-05,0,0.00682224,1.91191e-05,0.00687854,0.8,4,1072,51,1600,1068,1072,374,269,40,40,10,1
512,40,1,2.85594e-05,0,0.00630568,1.73258e-05,0.00635156,0.7,4,975,50,1568,971,975,369,236,40,40,10,1
513,40,1,2.85594e-05,0,0.00630568,1.73258e-05,0.00635156,0.9,4,846,46,1440,842,846,326,213,40,40,10,1
514,40,1,2.85594e-05,0,0.00630568,1.73258e-05,0.00635156,1,4,433,47,1472,429,433,290,206,40,40,10,1
515,40,1,2.85594e-05,0,0.00630568,1.73258e-05,0.00635156,0.8,4,884,47,1472,880,884,329,215,40,40,10,1
516,40,1,2.85594e-05,0,0.00630568,1.73258e-05,0.00635156,0.9,4,916,49,1536,912,916,402,283,40,40,10,1
517,40,1,2.85594e-05,0,0.00630568,1.73258e-05,0.00635156,1,4,683,49,1536,679,683,359,257,40,40,10,1
518,40,1,2.85594e-05,0,0.00630568,1.73258e-05,0.00635156,1,4,674,46,1440,670,674,311,220,40,40,10,1
519,40,1,2.85594e-05,0,0.00630568,1.73258e-05,0.00635156,0.7,4,834,48,1504,830,834,378,254,40,40,10,1
520,40,1,2.85594e-05,0,0.00630568,1.73258e-05,0.00635156,1,4,850,50,1568,846,850,389,278,40,40,10,1
521,40,1,2.85594e-05,0,0.00630568,1.73258e-05,0.00635156,1,4,584,49,1536,580,584,350,270,40,40,10,1
522,40,1,2.85594e-05,0,0.00630568,1.73258e-05,0.00635156,0.9,4,754,48,1504,750,754,348,249,40,40,10,1
523,40,1,2.85594e-05,0,0.00630568,1.73258e-05,0.00635156,0.8,4,996,57,1792,992,996,443,299,40,40,10,1
524,40,1,2.85594e-05,0,0.00630568,1.73258e-05,0.00635156,1,4,733,47,1472,729,733,326,224,40,40,10,1
525,40,1,2.85594e-05,0,0.00630568,1.73258e-05,0.00635156,0.9,4,793,45,1408,789,793,300,211,40,40,10,1
526,40,1,2.85594e-05,0,0.00630568,1.73258e-05,0.00635156,1,4,641,48,1504,637,641,329,220,40,40,10,1
527,40,1,2.85594e-05,0,0.00630568,1.73258e-05,0.00635156,1,4,618,48,1504,614,618,341,241,40,40,10,1
528,40,1,2.85594e-05,0,0.00630568,1.73258e-05,0.00635156,0.7,4,899,46,1440,895,899,323,214,40,40,10,1
529,40,1,2.85594e-05,0,0.00630568,1.73258e-05,0.00635156,0.9,4,931,51,1600,927,931,388,262,40,40,10,1
530,40,1,2.85594e-05,0,0.00630568,1.73258e-05,0.00635156,1,4,765,49,1536,761,765,351,234,40,40,10,1
531,40,1,2.85594e-05,0,0.00630568,1.73258e-05,0.00635156,0.6,4,928,51,1600,924,928,386,271,40,40,10,1
532,40,1,2.85594e-05,0,0.00630568,1.73258e-05,0.00635156,1,4,530,49,1536,526,530,350,253,40,40,10,1
533,40,1,2.85594e-05,0,0.00630568,1.73258e-05,0.00635156,1,4,810,47,1472,806,810,354,223,40,40,10,1
534,40,1,2.85594e-05,0,0.00630568,1.73258e-05,0.00635156,0.9,4,821,49,1536,817,821,368,253,40,40,10,1
535,40,1,2.85594e-05,0,0.00630568,1.73258e-05,0.00635156,0.6,4,751,45,1408,747,751,303,207,40,40,10,1
536,40,1,2.85594e-05,0,0.00630568,1.73258e-05,0.00635156,0.6,4,888,52,1632,884,888,341,227,40,40,10,1
537,40,1,2.85594e-05,0,0.00630568,1.73258e-05,0.00635156,1,4,850,46,1440,846,850,310,217,40,40,10,1
538,40,1,2.85594e-05,0,0.00630568,1.73258e-05,0.00635156,0.8,4,870,49,1536,866,870,367,260,40,40,10,1
539,40,1,2.85594e-05,0,0.00630568,1.73258e-05,0.00635156,1,4,1154,53,1664,1150,1154,443,298,40,40,10,1
540,40,1,2.85594e-05,0,0.00630568,1.73258e-05,0.00635156,1,4,815,45,1408,811,815,310,194,40,40,10,1
541,40,1,2.85594e-05,0,0.00630568,1.73258e-05,0.00635156,0.8,4,868,45,1408,864,868,269,168,40,40,10,1
542,40,1,2.85594e-05,0,0.00630568,1.73258e-05,0.00635156,0.9,4,993,48,1504,989,993,374,254,40,40,10,1
543,40,1,2.85594e-05,0,0.00630568,1.73258e-05,0.00635156,1,4,813,48,1504,809,813,371,257,40,40,10,1
544,40,1,2.85594e-05,0,0.00630568,1.73258e-05,0.00635156,0.9,4,886,52,1632,882,886,376,254,40,40,10,1
545,40,1,2.85594e-05,0,0.00630568,1.73258e-05,0.00635156,1,4,943,53,1664,939,943,377,247,40,40,10,1
546,40,1,2.85594e-05,0,0.00630568,1.73258e-05,0.00635156,1,4,855,46,1440,851,855,297,208,40,40,10,1
547,40,1,2.85594e-05,0,0.00630568,1.73258e-05,0.00635156,0.8,4,973,47,1472,969,973,336,207,40,40,10,1
548,40,1,2.85594e-05,0,0.00630568,1.73258e-05,0.00635156,1,4,868,46,1440,864,868,310,224,40,40,10,1
549,40,1,2.85594e-05,0,0.00630568,1.73258e-05,0.00635156,1,4,888,49,1536,884,888,340,246,40,40,10,1
550,40,1,2.85594e-05,0,0.00630568,1.73258e-05,0.00635156,0.9,4,624,44,1376,620,624,274,187,40,40,10,1
551,40,1,2.85594e-05,0,0.00630568,1.73258e-05,0.00635156,0.8,4,1036,52,1632,1032,1036,373,244,40,40,10,1
552,40,1,2.85594e-05,0,0.00630568,1.73258e-05,0.00635156,0.9,4,781,44,1376,777,781,315,216,40,40,10,1
553,40,1,2.85594e-05,0,0.00630568,1.73258e-05,0.00635156,0.9,4,1010,47,1472,1006,1010,336,217,40,40,10,1
554,40,1,2.85594e-05,0,0.00630568,1.73258e-05,0.00635156,0.9,4,780,45,1408,776,780,312,217,40,40,10,1
555,40,1,2.85594e-05,0,0.00630568,1.73258e-05,0.00635156,0.8,4,860,50,1568,856,860,376,259,40,40,10,1
556,40,1,2.85594e-05,0,0.00630568,1.73258e-05,0.00635156,1,4,826,45,1408,822,826,328,201,40,40,10,1
557,40,1,2.85594e-05,0,0.00630568,1.73258e-05,0.00635156,1,4,687,51,1600,683,687,354,255,40,40,10,1
558,40,1,2.85594e-05,0,0.00630568,1.73258e-05,0.00635156,0.9,4,830,47,1472,826,830,313,196,40,40,10,1
559,40,1,2.85594e-05,0,0.00630568,1.73258e-05,0.00635156,0.8,4,810,47,1472,806,810,319,220,40,40,10,1
560,40,1,2.85594e-05,0,0.00630568,1.73258e-05,0.00635156,0.9,4,905,48,1504,901,905,356,239,40,40,10,1
561,40,1,2.85594e-05,0,0.00630568,1.73258e-05,0.00635156,1,4,804,48,1504,800,804,338,221,40,40,10,1
562,40,1,2.85594e-05,0,0.00630568,1.73258e-05,0.00635156,0.5,4,1216,63,1984,1212,1216,351,220,40,40,10,1
563,40,1,2.85594e-05,0,0.00630568,1.73258e-05,0.00635156,0.9,4,1052,51,1600,1048,1052,345,216,40,40,10,1
564,40,1,2.85594e-05,0,0.00630568,1.73258e-05,0.00635156,1,4,815,51,1600,811,815,403,287,40,40,10,1
565,40,1,2.85594e-05,0,0.00630568,1.73258e-05,0.00635156,0.7,4,1177,55,1728,1173,1177,403,303,40,40,10,1
566,40,1,2.85594e-05,0,0.00630568,1.73258e-05,0.00635156,0.7,4,807,45,1408,803,807,313,210,40,40,10,1
567,40,1,2.85594e-05,0,0.00630568,1.73258e-05,0.00635156,1,4,737,48,1504,733,737,381,265,40,40,10,1
568,40,1,2.85594e-05,0,0.00630568,1.73258e-05,0.00635156,0.6,4,1145,57,1792,1141,1145,381,255,40,40,10,1
569,40,1,2.85594e-05,0,0.00630568,1.73258e-05,0.00635156,1,4,701,56,1760,697,701,419,304,40,40,10,1
570,40,1,2.85594e-05,0,0.00630568,1.73258e-05,0.00635156,1,4,866,49,1536,862,866,370,241,40,40,10,1
571,40,1,2.85594e-05,0,0.00630568,1.73258e-05,0.00635156,0.8,4,884,49,1536,880,884,364,255,40,40,10,1
572,40,1,2.85594e-05,0,0.00630568,1.73258e-05,0.00635156,0.7,4,778,49,1536,774,778,338,217,40,40,10,1
573,40,1,2.85594e-05,0,0.00630568,1.73258e-05,0.00635156,0.8,4,999,50,1568,995,999,394,262,40,40,10,1
574,40,1,2.85594e-05,0,0.00630568,1.73258e-05,0.00635156,0.9,4,671,43,1344,667,671,255,147,40,40,10,1
575,40,1,2.85594e-05,0,0.00630568,1.73258e-05,0.00635156,0.5,4,1089,59,1856,1085,1089,375,224,40,40,10,1
576,40,1,2.85594e-05,0,0.00630568,1.73258e-05,0.00635156,1,4,819,45,1408,815,819,306,192,40,40,10,1
577,40,1,2.85594e-05,0,0.00630568,1.73258e-05,0.00635156,1,4,836,51,1600,832,836,415,301,40,40,10,1
578,40,1,2.85594e-05,0,0.00630568,1.73258e-05,0.00635156,0.6,4,856,48,1504,852,856,338,247,40,40,10,1
579,40,1,2.85594e-05,0,0.00630568,1.73258e-05,0.00635156,0.9,4,823,48,1504,819,823,392,299,40,40,10,1
580,40,1,2.85594e-05,0,0.00630568,1.73258e-05,0.00635156,0.8,4,918,50,1568,914,918,344,216,40,40,10,1
581,40,1,2.85594e-05,0,0.00630568,1.73258e-05,0.00635156,1,4,783,46,1440,779,783,308,215,40,40,10,1
582,40,1,2.85594e-05,0,0.00630568,1.73258e-05,0.00635156,0.9,4,916,50,1568,912,916,401,289,40,40,10,1
583,40,1,2.85594e-05,0,0.00630568,1.73258e-05,0.00635156,0.8,4,778,46,1440,774,778,312,198,40,40,10,1
584,40,1,2.85594e-05,0,0.00630568,1.73258e-05,0.00635156,0.4,4,996,51,1600,992,996,376,261,40,40,10,1
585,40,1,2.85594e-05,0,0.00630568,1.73258e-05,0.00635156,0.9,4,743,49,1536,739,743,397,276,40,40,10,1
586,40,1,2.85594e-05,0,0.00630568,1.73258e-05,0.00635156,0.7,4,887,45,1408,883,887,301,174,40,40,10,1
587,40,1,2.85594e-05,0,0.00630568,1.73258e-05,0.00635156,1,4,723,43,1344,719,723,279,165,40,40,10,1
588,40,1,2.85594e-05,0,0.00630568,1.73258e-05,0.00635156,0.7,4,991,48,1504,987,991,336,221,40,40,10,1
589,40,1,2.85594e-05,0,0.00630568,1.73258e-05,0.00635156,1,4,758,45,1408,754,758,296,194,40,40,10,1
590,40,1,2.85594e-05,0,0.00630568,1.73258e-05,0.00635156,1,4,841,48,1504,837,841,352,244,40,40,10,1
591,40,1,2.85594e-05,0,0.00630568,1.73258e-05,0.00635156,1,4,649,45,1408,645,649,305,182,40,40,10,1
592,40,1,2.85594e-05,0,0.00630568,1.73258e-05,0.00635156,1,4,739,53,1664,735,739,390,272,40,40,10,1
593,40,1,2.85594e-05,0,0.00630568,1.73258e-05,0.00635156,0.8,4,813,47,1472,809,813,372,263,40,40,10,1
594,40,1,2.85594e-05,0,0.00630568,1.73258e-05,0.00635156,0.8,4,672,46,1440,668,672,295,212,40,40,10,1
595,40,1,2.85594e-05,0,0.00630568,1.73258e-05,0.00635156,0.9,4,653,52,1632,649,653,342,221,40,40,10,1
596,40,1,2.85594e-05,0,0.00630568,1.73258e-05,0.00635156,0.9,4,934,49,1536,930,934,331,230,40,40,10,1
597,40,1,2.85594e-05,0,0.00630568,1.73258e-05,0.00635156,1,4,653,47,1472,649,653,345,224,40,40,10,1
598,40,1,2.85594e-05,0,0.00630568,1.73258e-05,0.00635156,0.9,4,864,51,1600,860,864,356,235,40,40,10,1
599,40,1,2.85594e-05,0,0.00630568,1.73258e-05,0.00635156,1,4,914,45,1408,910,914,360,255,40,40,10,1
600,40,1,2.85594e-05,0,0.00630568,1.73258e-05,0.00635156,0.9,4,796,48,1504,792,796,351,249,40,40,10,1
601,40,1,2.85594e-05,0,0.00630568,1.73258e-05,0.00635156,0.8,4,1212,58,1824,1208,1212,441,297,40,40,10,1
602,40,1,2.85594e-05,0,0.00630568,1.73258e-05,0.00635156,0.7,4,860,45,1408,856,860,293,183,40,40,10,1
603,40,1,2.85594e-05,0,0.00630568,1.73258e-05,0.00635156,0.9,4,823,47,1472,819,823,362,249,40,40,10,1
604,40,1,2.85594e-05,0,0.00630568,1.73258e-05,0.00635156,1,4,1017,53,1664,1013,1017,337,222,40,40,10,1
605,40,1,2.85594e-05,0,0.00630568,1.73258e-05,0.00635156,0.7,4,865,46,1440,861,865,333,230,40,40,10,1
606,40,1,2.85594e-05,0,0.00630568,1.73258e-05,0.00635156,0.9,4,813,45,1408,809,813,319,194,40,40,10,1
607,40,1,2.85594e-05,0,0.00630568,1.73258e-05,0.00635156,1,4,928,55,1728,924,928,435,340,40,40,10,1
608,40,1,2.85594e-05,0,0.00630568,1.73258e-05,0.00635156,1,4,843,46,1440,839,843,330,227,40,40,10,1
609,40,1,2.85594e-05,0,0.00630568,1.73258e-05,0.00635156,0.9,4,798,45,1408,794,798,319,203,40,40,10,1
610,40,1,2.85594e-05,0,0.00630568,1.73258e-05,0.00635156,1,4,1181,60,1888,1177,1181,466,299,40,40,10,1
611,40,1,2.85594e-05,0,0.00630568,1.73258e-05,0.00635156,0.8,4,810,46,1440,806,810,302,192,40,40,10,1
612,40,1,2.85594e-05,0,0.00630568,1.73258e-05,0.00635156,0.9,4,1040,59,1856,1036,1040,343,181,40,40,10,1
613,40,1,2.85594e-05,0,0.00630568,1.73258e-05,0.00635156,0.2,4,761,44,1376,757,761,288,188,40,40,10,1
614,40,1,2.85594e-05,0,0.00630568,1.73258e-05,0.00635156,0.9,4,749,48,1504,745,749,302,190,40,40,10,1
615,40,1,2.85594e-05,0,0.00630568,1.73258e-05,0.00635156,0.9,4,876,48,1504,872,876,357,269,40,40,10,1
616,40,1,2.85594e-05,0,0.00630568,1.73258e-05,0.00635156,0.9,4,915,46,1440,911,915,328,225,40,40,10,1
617,40,1,2.85594e-05,0,0.00630568,1.73258e-05,0.00635156,0.8,4,1184,59,1856,1180,1184,391,259,40,40,10,1
618,40,1,2.85594e-05,0,0.00630568,1.73258e-05,0.00635156,1,4,846,48,1504,842,846,339,243,40,40,10,1
619,40,1,2.85594e-05,0,0.00630568,1.73258e-05,0.00635156,0.9,4,812,48,1504,808,812,330,214,40,40,10,1
620,40,1,2.85594e-05,0,0.00630568,1.73258e-05,0.00635156,0.5,4,786,46,1440,782,786,313,197,40,40,10,1
621,40,1,2.85594e-05,0,0.00630568,1.73258e-05,0.00635156,1,4,792,47,1472,788,792,334,231,40,40,10,1
622,40,1,2.85594e-05,0,0.00630568,1.73258e-05,0.00635156,0.9,4,712,50,1568,708,712,353,262,40,40,10,1
623,40,1,2.85594e-05,0,0.00630568,1.73258e-05,0.00635156,1,4,515,47,1472,511,515,310,224,40,40,10,1
624,40,1,2.85594e-05,0,0.00630568,1.73258e-05,0.00635156,1,4,682,47,1472,678,682,331,229,40,40,10,1
625,40,1,2.85594e-05,0,0.00630568,1.73258e-05,0.00635156,1,4,477,47,1472,473,477,300,210,40,40,10,1
626,40,1,2.85594e-05,0,0.00630568,1.73258e-05,0.00635156,1,4,702,48,1504,698,702,363,253,40,40,10,1
627,40,1,2.85594e-05,0,0.00630568,1.73258e-05,0.00635156,1,4,591,47,1472,587,591,344,233,40,40,10,1
628,40,1,2.85594e-05,0,0.00630568,1.73258e-05,0.00635156,1,4,408,45,1408,404,408,248,162,40,40,10,1
629,40,1,2.85594e-05,0,0.00630568,1.73258e-05,0.00635156,1,4,438,47,1472,434,438,296,201,40,40,10,1
630,40,1,2.85594e-05,0,0.00630568,1.73258e-05,0.00635156,1,4,621,57,1792,617,621,412,320,40,40,10,1
631,40,1,2.85594e-05,0,0.00630568,1.73258e-05,0.00635156,1,4,533,49,1536,529,533,333,245,40,40,10,1
632,40,1,2.85594e-05,0,0.00630568,1.73258e-05,0.00635156,1,4,416,48,1504,412,416,313,226,40,40,10,1
633,40,1,2.85594e-05,0,0.00630568,1.73258e-05,0.00635156,1,4,386,48,1504,382,386,295,224,40,40,10,1
634,40,1,2.85594e-05,0,0.00630568,1.73258e-05,0.00635156,1,4,419,48,1504,415,419,304,226,40,40,10,1
635,40,1,2.85594e-05,0,0.00630568,1.73258e-05,0.00635156,1,4,398,48,1504,394,398,307,223,40,40,10,1
636,40,1,2.85594e-05,0,0.00630568,1.73258e-05,0.00635156,1,4,488,45,1408,484,488,290,195,40,40,10,1
637,40,1,2.85594e-05,0,0.00630568,1.73258e-05,0.00635156,1,4,672,44,1376,668,672,305,211,40,40,10,1
638,40,1,2.85594e-05,0,0.00630568,1.73258e-05,0.00635156,1,4,612,45,1408,608,612,310,202,40,40,10,1
639,40,1,2.85594e-05,0,0.00630568,1.73258e-05,0.00635156,1,4,556,49,1536,552,556,346,247,40,40,10,1
640,40,1,2.85594e-05,0,0.00630568,1.73258e-05,0.00635156,1,4,619,48,1504,615,619,347,244,40,40,10,1
641,40,1,2.85594e-05,0,0.00630568,1.73258e-05,0.00635156,0.9,4,896,51,1600,892,896,430,316,40,40,10,1
642,40,1,2.85594e-05,0,0.00630568,1.73258e-05,0.00635156,1,4,667,54,1696,663,667,428,321,40,40,10,1
643,40,1,2.85594e-05,0,0.00630568,1.73258e-05,0.00635156,1,4,681,44,1376,677,681,278,169,40,40,10,1
644,40,1,2.85594e-05,0,0.00630568,1.73258e-05,0.00635156,1,4,869,46,1440,865,869,312,203,40,40,10,1
645,40,1,2.85594e-05,0,0.00630568,1.73258e-05,0.00635156,0.9,4,774,46,1440,770,774,336,239,40,40,10,1
646,40,1,2.85594e-05,0,0.00630568,1.73258e-05,0.00635156,0.9,4,877,46,1440,873,877,332,232,40,40,10,1
647,40,1,2.85594e-05,0,0.00630568,1.73258e-05,0.00635156,0.9,4,861,50,1568,857,861,310,195,40,40,10,1
648,40,1,2.85594e-05,0,0.00630568,1.73258e-05,0.00635156,1,4,871,51,1600,867,871,360,240,40,40,10,1
649,40,1,2.85594e-05,0,0.00630568,1.73258e-05,0.00635156,0.8,4,927,51,1600,923,927,420,296,40,40,10,1
650,40,1,2.85594e-05,0,0.00630568,1.73258e-05,0.00635156,0.9,4,745,48,1504,741,745,370,257,40,40,10,1
651,40,1,2.85594e-05,0,0.00630568,1.73258e-05,0.00635156,1,4,684,47,1472,680,684,330,233,40,40,10,1
652,40,1,2.85594e-05,0,0.00630568,1.73258e-05,0.00635156,1,4,718,49,1536,714,718,408,321,40,40,10,1
653,40,1,2.85594e-05,0,0.00630568,1.73258e-05,0.00635156,0.8,4,689,46,1440,685,689,319,220,40,40,10,1
654,40,1,2.85594e-05,0,0.00630568,1.73258e-05,0.00635156,1,4,558,47,1472,554,558,320,238,40,40,10,1
655,40,1,2.85594e-05,0,0.00630568,1.73258e-05,0.00635156,1,4,694,44,1376,690,694,311,188,40,40,10,1
656,40,1,2.85594e-05,0,0.00630568,1.73258e-05,0.00635156,1,4,603,45,1408,599,603,274,173,40,40,10,1
657,40,1,2.85594e-05,0,0.00630568,1.73258e-05,0.00635156,0.7,4,877,51,1600,873,877,393,270,40,40,10,1
658,40,1,2.85594e-05,0,0.00630568,1.73258e-05,0.00635156,1,4,521,49,1536,517,521,369,291,40,40,10,1
659,40,1,2.85594e-05,0,0.00630568,1.73258e-05,0.00635156,1,4,719,49,1536,715,719,358,256,40,40,10,1
660,40,1,2.85594e-05,0,0.00630568,1.73258e-05,0.00635156,1,4,540,47,1472,536,540,337,240,40,40,10,1
661,40,1,2.85594e-05,0,0.00630568,1.73258e-05,0.00635156,0.7,4,926,51,1600,922,926,355,234,40,40,10,1
662,40,1,2.85594e-05,0,0.00630568,1.73258e-05,0.00635156,1,4,620,47,1472,616,620,351,259,40,40,10,1
663,40,1,2.85594e-05,0,0.00630568,1.73258e-05,0.00635156,1,4,605,45,1408,601,605,275,170,40,40,10,1
664,40,1,2.85594e-05,0,0.00630568,1.73258e-05,0.00635156,0.7,4,918,50,1568,914,918,405,288,40,40,10,1
665,40,1,2.85594e-05,0,0.00630568,1.73258e-05,0.00635156,0.9,4,737,52,1632,733,737,370,259,40,40,10,1
666,40,1,2.85594e-05,0,0.00630568,1.73258e-05,0.00635156,0.7,4,1081,51,1600,1077,1081,379,268,40,40,10,1
667,40,1,2.85594e-05,0,0.00630568,1.73258e-05,0.00635156,0.9,4,777,49,1536,773,777,404,302,40,40,10,1
668,40,1,2.85594e-05,0,0.00630568,1.73258e-05,0.00635156,1,4,607,45,1408,603,607,268,166,40,40,10,1
669,40,1,2.85594e-05,0,0.00630568,1.73258e-05,0.00635156,1,4,819,46,1440,815,819,347,230,40,40,10,1
670,40,1,2.85594e-05,0,0.00630568,1.73258e-05,0.00635156,0.9,4,824,50,1568,820,824,324,215,40,40,10,1
671,40,1,2.85594e-05,0,0.00630568,1.73258e-05,0.00635156,0.9,4,710,48,1504,706,710,356,268,40,40,10,1
672,40,1,2.85594e-05,0,0.00630568,1.73258e-05,0.00635156,1,4,655,51,1600,651,655,376,282,40,40,10,1
673,40,1,2.85594e-05,0,0.00630568,1.73258e-05,0.00635156,0.1,4,832,46,1440,828,832,338,213,40,40,10,1
674,40,1,2.85594e-05,0,0.00630568,1.73258e-05,0.00635156,0.9,4,574,48,1504,570,574,334,240,40,40,10,1
675,40,1,2.85594e-05,0,0.00630568,1.73258e-05,0.00635156,0.8,4,703,48,1504,699,703,309,215,40,40,10,1
676,40,1,2.85594e-05,0,0.00630568,1.73258e-05,0.00635156,0.9,4,925,53,1664,921,925,373,246,40,40,10,1
677,40,1,2.85594e-05,0,0.00630568,1.73258e-05,0.00635156,1,4,763,48,1504,759,763,377,276,40,40,10,1
678,40,1,2.85594e-05,0,0.00630568,1.73258e-05,0.00635156,1,4,649,49,1536,645,649,366,258,40,40,10,1
679,40,1,2.85594e-05,0,0.00630568,1.73258e-05,0.00635156,0.9,4,912,45,1408,908,912,305,186,40,40,10,1
680,40,1,2.85594e-05,0,0.00630568,1.73258e-05,0.00635156,1,4,778,46,1440,774,778,319,219,40,40,10,1
681,40,1,2.85594e-05,0,0.00630568,1.73258e-05,0.00635156,1,4,721,44,1376,717,721,303,181,40,40,10,1
682,40,1,2.85594e-05,0,0.00630568,1.73258e-05,0.00635156,1,4,866,50,1568,862,866,385,283,40,40,10,1
683,40,1,2.85594e-05,0,0.00630568,1.73258e-05,0.00635156,1,4,607,43,1344,603,607,247,157,40,40,10,1
684,40,1,2.85594e-05,0,0.00630568,1.73258e-05,0.00635156,1,4,620,48,1504,616,620,359,262,40,40,10,1
685,40,1,2.85594e-05,0,0.00630568,1.73258e-05,0.00635156,0.7,4,702,44,1376,698,702,288,178,40,40,10,1
686,40,1,2.85594e-05,0,0.00630568,1.73258e-05,0.00635156,1,4,534,51,1600,530,534,376,285,40,40,10,1
687,40,1,2.85594e-05,0,0.00630568,1.73258e-05,0.00635156,0.9,4,786,45,1408,782,786,324,213,40,40,10,1
688,40,1,2.85594e-05,0,0.00630568,1.73258e-05,0.00635156,1,4,848,51,1600,844,848,379,265,40,40,10,1
689,40,1,2.85594e-05,0,0.00630568,1.73258e-05,0.00635156,1,4,605,47,1472,601,605,326,228,40,40,10,1
690,40,1,2.85594e-05,0,0.00630568,1.73258e-05,0.00635156,1,4,875,50,1568,871,875,370,246,40,40,10,1
691,40,1,2.85594e-05,0,0.00630568,1.73258e-05,0.00635156,1,4,634,45,1408,630,634,297,199,40,40,10,1
692,40,1,2.85594e-05,0,0.00630568,1.73258e-05,0.00635156,1,4,690,44,1376,686,690,289,186,40,40,10,1
693,40,1,2.85594e-05,0,0.00630568,1.73258e-05,0.00635156,0.9,4,1069,62,1952,1065,1069,445,285,40,40,10,1
694,40,1,2.85594e-05,0,0.00630568,1.73258e-05,0.00635156,1,4,664,47,1472,660,664,350,256,40,40,10,1
695,40,1,2.85594e-05,0,0.00630568,1.73258e-05,0.00635156,1,4,679,48,1504,675,679,354,258,40,40,10,1
696,40,1,2.85594e-05,0,0.00630568,1.73258e-05,0.00635156,1,4,656,43,1344,652,656,291,187,40,40,10,1
697,40,1,2.85594e-05,0,0.00630568,1.73258e-05,0.00635156,1,4,664,58,1824,660,664,464,367,40,40,10,1
698,40,1,2.85594e-05,0,0.00630568,1.73258e-05,0.00635156,1,4,668,49,1536,664,668,356,263,40,40,10,1
699,40,1,2.85594e-05,0,0.00630568,1.73258e-05,0.00635156,1,4,452,48,1504,448,452,303,228,40,40,10,1
700,40,1,2.85594e-05,0,0.00630568,1.73258e-05,0.00635156,1,4,584,46,1440,580,584,292,206,40,40,10,1
701,40,1,2.85594e-05,0,0.00630568,1.73258e-05,0.00635156,0.8,4,944,46,1440,940,944,319,210,40,40,10,1
702,40,1,2.85594e-05,0,0.00630568,1.73258e-05,0.00635156,1,4,723,46,1440,719,723,309,200,40,40,10,1
703,40,1,2.85594e-05,0,0.00630568,1.73258e-05,0.00635156,0.7,4,880,44,1376,876,880,303,182,40,40,10,1
704,40,1,2.85594e-05,0,0.00630568,1.73258e-05,0.00635156,1,4,629,44,1376,625,629,312,196,40,40,10,1
705,40,1,2.85594e-05,0,0.00630568,1.73258e-05,0.00635156,1,4,808,47,1472,804,808,376,258,40,40,10,1
706,40,1,2.85594e-05,0,0.00630568,1.73258e-05,0.00635156,0.9,4,704,43,1344,700,704,280,176,40,40,10,1
707,40,1,2.85594e-05,0,0.00630568,1.73258e-05,0.00635156,1,4,787,48,1504,783,787,313,193,40,40,10,1
708,40,1,2.85594e-05,0,0.00630568,1.73258e-05,0.00635156,0.8,4,752,45,1408,748,752,311,206,40,40,10,1
709,40,1,2.85594e-05,0,0.00630568,1.73258e-05,0.00635156,1,4,585,45,1408,581,585,289,200,40,40,10,1
710,40,1,2.85594e-05,0,0.00630568,1.73258e-05,0.00635156,1,4,830,47,1472,826,830,343,237,40,40,10,1
711,40,1,2.85594e-05,0,0.00630568,1.73258e-05,0.00635156,0.8,4,770,44,1376,766,770,278,180,40,40,10,1
712,40,1,2.85594e-05,0,0.00630568,1.73258e-05,0.00635156,0.8,4,881,47,1472,877,881,315,199,40,40,10,1
713,40,1,2.85594e-05,0,0.00630568,1.73258e-05,0.00635156,0.8,4,1064,60,1888,1060,1064,389,256,40,40,10,1
714,40,1,2.85594e-05,0,0.00630568,1.73258e-05,0.00635156,0.8,4,924,47,1472,920,924,333,236,40,40,10,1
715,40,1,2.85594e-05,0,0.00630568,1.73258e-05,0.00635156,1,4,929,44,1376,925,929,302,186,40,40,10,1
716,40,1,2.85594e-05,0,0.00630568,1.73258e-05,0.00635156,1,4,726,45,1408,722,726,325,226,40,40,10,1
717,40,1,2.85594e-05,0,0.00630568,1.73258e-05,0.00635156,0.8,4,1009,52,1632,1005,1009,401,282,40,40,10,1
718,40,1,2.85594e-05,0,0.00630568,1.73258e-05,0.00635156,0.5,4,871,48,1504,867,871,312,202,40,40,10,1
719,40,1,2.85594e-05,0,0.00630568,1.73258e-05,0.00635156,0.8,4,794,47,1472,790,794,306,201,40,40,10,1
720,40,1,2.85594e-05,0,0.00630568,1.73258e-05,0.00635156,0.9,4,957,52,1632,953,957,339,202,40,40,10,1
721,40,1,2.85594e-05,0,0.00630568,1.73258e-05,0.00635156,1,4,752,45,1408,748,752,318,226,40,40,10,1
722,40,1,2.85594e-05,0,0.00630568,1.73258e-05,0.00635156,1,4,852,45,1408,848,852,338,213,40,40,10,1
723,40,1,2.85594e-05,0,0.00630568,1.73258e-05,0.00635156,0.4,4,818,47,1472,814,818,351,240,40,40,10,1
724,40,1,2.85594e-05,0,0.00630568,1.73258e-05,0.00635156,0.9,4,794,48,1504,790,794,334,228,40,40,10,1
725,40,1,2.85594e-05,0,0.00630568,1.73258e-05,0.00635156,1,4,778,51,1600,774,778,412,293,40,40,10,1
726,40,1,2.85594e-05,0,0.00630568,1.73258e-05,0.00635156,1,4,791,49,1536,787,791,352,240,40,40,10,1
727,40,1,2.85594e-05,0,0.00630568,1.73258e-05,0.00635156,0.9,4,928,50,1568,924,928,377,280,40,40,10,1
728,40,1,2.85594e-05,0,0.00630568,1.73258e-05,0.00635156,0.7,4,960,53,1664,956,960,376,233,40,40,10,1
729,40,1,2.85594e-05,0,0.00630568,1.73258e-05,0.00635156,0.9,4,808,45,1408,804,808,313,216,40,40,10,1
730,40,1,2.85594e-05,0,0.00630568,1.73258e-05,0.00635156,1,4,994,49,1536,990,994,348,237,40,40,10,1
731,40,1,2.85594e-05,0,0.00630568,1.73258e-05,0.00635156,0.9,4,813,46,1440,809,813,359,257,40,40,10,1
732,40,1,2.85594e-05,0,0.00630568,1.73258e-05,0.00635156,1,4,535,46,1440,531,535,299,196,40,40,10,1
733,40,1,2.85594e-05,0,0.00630568,1.73258e-05,0.00635156,1,4,636,49,1536,632,636,372,287,40,40,10,1
734,40,1,2.85594e-05,0,0.00630568,1.73258e-05,0.00635156,0.8,4,883,50,1568,879,883,321,214,40,40,10,1
735,40,1,2.85594e-05,0,0.00630568,1.73258e-05,0.00635156,0.6,4,1033,49,1536,1029,1033,384,245,40,40,10,1
736,40,1,2.85594e-05,0,0.00630568,1.73258e-05,0.00635156,0.8,4,915,47,1472,911,915,354,240,40,40,10,1
737,40,1,2.85594e-05,0,0.00630568,1.73258e-05,0.00635156,0.8,4,893,49,1536,889,893,367,245,40,40,10,1
738,40,1,2.85594e-05,0,0.00630568,1.73258e-05,0.00635156,0.8,4,816,45,1408,812,816,351,252,40,40,10,1
739,40,1,2.85594e-05,0,0.00630568,1.73258e-05,0.00635156,0.9,4,892,52,1632,888,892,357,248,40,40,10,1
740,40,1,2.85594e-05,0,0.00630568,1.73258e-05,0.00635156,0.9,4,793,50,1568,789,793,356,257,40,40,10,1
741,40,1,2.85594e-05,0,0.00630568,1.73258e-05,0.00635156,0.9,4,814,48,1504,810,814,321,212,40,40,10,1
742,40,1,2.85594e-05,0,0.00630568,1.73258e-05,0.00635156,1,4,854,52,1632,850,854,399,290,40,40,10,1
743,40,1,2.85594e-05,0,0.00630568,1.73258e-05,0.00635156,1,4,820,48,1504,816,820,350,229,40,40,10,1
744,40,1,2.85594e-05,0,0.00630568,1.73258e-05,0.00635156,0.7,4,790,45,1408,786,790,302,184,40,40,10,1
745,40,1,2.85594e-05,0,0.00630568,1.73258e-05,0.00635156,1,4,701,47,1472,697,701,357,252,40,40,10,1
746,40,1,2.85594e-05,0,0.00630568,1.73258e-05,0.00635156,0.7,4,636,47,1472,632,636,351,256,40,40,10,1
747,40,1,2.85594e-05,0,0.00630568,1.73258e-05,0.00635156,0.8,4,1261,66,2080,1257,1261,448,286,40,40,10,1
748,40,1,2.85594e-05,0,0.00630568,1.73258e-05,0.00635156,0.6,4,952,48,1504,948,952,369,258,40,40,10,1
749,40,1,2.85594e-05,0,0.00630568,1.73258e-05,0.00635156,1,4,717,46,1440,713,717,348,249,40,40,10,1
750,40,1,2.85594e-05,0,0.00630568,1.73258e-05,0.00635156,0.9,4,958,51,1600,954,958,381,264,40,40,10,1
751,40,1,2.85594e-05,0,0.00630568,1.73258e-05,0.00635156,0.9,4,820,49,1536,816,820,338,236,40,40,10,1
752,40,1,2.85594e-05,0,0.00630568,1.73258e-05,0.00635156,0.9,4,812,48,1504,808,812,357,235,40,40,10,1
753,40,1,2.85594e-05,0,0.00630568,1.73258e-05,0.00635156,0.7,4,740,46,1440,736,740,319,218,40,40,10,1
754,40,1,2.85594e-05,0,0.00630568,1.73258e-05,0.00635156,0.9,4,865,49,1536,861,865,353,245,40,40,10,1
755,40,1,2.85594e-05,0,0.00630568,1.73258e-05,0.00635156,0.7,4,678,45,1408,674,678,289,189,40,40,10,1
756,40,1,2.85594e-05,0,0.00630568,1.73258e-05,0.00635156,0.7,4,724,44,1376,720,724,272,175,40,40,10,1
757,40,1,2.85594e-05,0,0.00630568,1.73258e-05,0.00635156,1,4,871,53,1664,867,871,408,271,40,40,10,1
758,40,1,2.85594e-05,0,0.00630568,1.73258e-05,0.00635156,1,4,730,52,1632,726,730,414,320,40,40,10,1
759,40,1,2.85594e-05,0,0.00630568,1.73258e-05,0.00635156,1,4,833,50,1568,829,833,378,279,40,40,10,1
760,40,1,2.85594e-05,0,0.00630568,1.73258e-05,0.00635156,0.8,4,750,48,1504,746,750,301,175,40,40,10,1
761,40,1,2.85594e-05,0,0.00630568,1.73258e-05,0.00635156,1,4,456,44,1376,452,456,256,159,40,40,10,1
762,40,1,2.85594e-05,0,0.00630568,1.73258e-05,0.00635156,1,4,694,48,1504,690,694,341,223,40,40,10,1
763,40,1,2.85594e-05,0,0.00630568,1.73258e-05,0.00635156,1,4,821,47,1472,817,821,330,215,40,40,10,1
764,40,1,2.85594e-05,0,0.00630568,1.73258e-05,0.00635156,1,4,717,48,1504,713,717,391,288,40,40,10,1
765,40,1,2.85594e-05,0,0.00630568,1.73258e-05,0.00635156,1,4,651,48,1504,647,651,355,246,40,40,10,1
766,40,1,2.85594e-05,0,0.00630568,1.73258e-05,0.00635156,1,4,894,55,1728,890,894,436,319,40,40,10,1
767,40,1,2.85594e-05,0,0.00630568,1.73258e-05,0.00635156,1,4,695,46,1440,691,695,317,223,40,40,10,1
768,40,1,2.85594e-05,0,0.00630568,1.73258e-05,0.00635156,1,4,684,50,1568,680,684,368,262,40,40,10,1
769,40,1,2.85594e-05,0,0.00630568,1.73258e-05,0.00635156,0.9,4,749,48,1504,745,749,333,237,40,40,10,1
770,40,1,2.85594e-05,0,0.00630568,1.73258e-05,0.00635156,0.9,4,830,46,1440,826,830,344,228,40,40,10,1
771,40,1,2.85594e-05,0,0.00630568,1.73258e-05,0.00635156,0.4,4,904,45,1408,900,904,327,220,40,40,10,1
772,40,1,2.85594e-05,0,0.00630568,1.73258e-05,0.00635156,0.7,4,819,46,1440,815,819,313,193,40,40,10,1
773,40,1,2.85594e-05,0,0.00630568,1.73258e-05,0.00635156,0.7,4,1084,57,1792,1080,1084,383,246,40,40,10,1
774,40,1,2.85594e-05,0,0.00630568,1.73258e-05,0.00635156,1,4,555,50,1568,551,555,397,319,40,40,10,1
775,40,1,2.85594e-05,0,0.00630568,1.73258e-05,0.00635156,0.5,4,1108,58,1824,1104,1108,390,241,40,40,10,1
776,40,1,2.85594e-05,0,0.00630568,1.73258e-05,0.00635156,1,4,526,45,1408,522,526,269,181,40,40,10,1
777,40,1,2.85594e-05,0,0.00630568,1.73258e-05,0.00635156,1,4,622,47,1472,618,622,339,237,40,40,10,1
778,40,1,2.85594e-05,0,0.00630568,1.73258e-05,0.00635156,1,4,912,49,1536,908,912,355,235,40,40,10,1
779,40,1,2.85594e-05,0,0.00630568,1.73258e-05,0.00635156,0.9,4,816,53,1664,812,816,374,263,40,40,10,1
780,40,1,2.85594e-05,0,0.00630568,1.73258e-05,0.00635156,0.4,4,869,45,1408,865,869,322,207,40,40,10,1
781,40,1,2.85594e-05,0,0.00630568,1.73258e-05,0.00635156,1,4,772,49,1536,768,772,371,255,40,40,10,1
782,40,1,2.85594e-05,0,0.00630568,1.73258e-05,0.00635156,1,4,840,45,1408,836,840,315,201,40,40,10,1
783,40,1,2.85594e-05,0,0.00630568,1.73258e-05,0.00635156,1,4,793,50,1568,789,793,357,261,40,40,10,1
784,40,1,2.85594e-05,0,0.00630568,1.73258e-05,0.00635156,1,4,739,45,1408,735,739,350,232,40,40,10,1
785,40,1,2.85594e-05,0,0.00630568,1.73258e-05,0.00635156,1,4,640,48,1504,636,640,347,239,40,40,10,1
786,40,1,2.85594e-05,0,0.00630568,1.73258e-05,0.00635156,1,4,894,52,1632,890,894,327,195,40,40,10,1
787,40,1,2.85594e-05,0,0.00630568,1.73258e-05,0.00635156,0.7,4,1083,55,1728,1079,1083,391,263,40,40,10,1
788,40,1,2.85594e-05,0,0.00630568,1.73258e-05,0.00635156,0.9,4,690,44,1376,686,690,274,167,40,40,10,1
789,40,1,2.85594e-05,0,0.00630568,1.73258e-05,0.00635156,0.9,4,1143,65,2048,1139,1143,416,263,40,40,10,1
790,40,1,2.85594e-05,0,0.00630568,1.73258e-05,0.00635156,1,4,694,47,1472,690,694,335,222,40,40,10,1
791,40,1,2.85594e-05,0,0.00630568,1.73258e-05,0.00635156,0.2,4,789,47,1472,785,789,315,194,40,40,10,1
792,40,1,2.85594e-05,0,0.00630568,1.73258e-05,0.00635156,0.5,4,915,49,1536,911,915,320,195,40,40,10,1
793,40,1,2.85594e-05,0,0.00630568,1.73258e-05,0.00635156,0.5,4,929,53,1664,925,929,371,256,40,40,10,1
794,40,1,2.85594e-05,0,0.00630568,1.73258e-05,0.00635156,1,4,661,45,1408,657,661,301,211,40,40,10,1
795,40,1,2.85594e-05,0,0.00630568,1.73258e-05,0.00635156,0.9,4,969,51,1600,965,969,354,246,40,40,10,1
796,40,1,2.85594e-05,0,0.00630568,1.73258e-05,0.00635156,1,4,740,54,1696,736,740,455,349,40,40,10,1
797,40,1,2.85594e-05,0,0.00630568,1.73258e-05,0.00635156,1,4,544,49,1536,540,544,343,235,40,40,10,1
798,40,1,2.85594e-05,0,0.00630568,1.73258e-05,0.00635156,1,4,538,51,1600,534,538,376,272,40,40,10,1
799,40,1,2.85594e-05,0,0.00630568,1.73258e-05,0.00635156,0.8,4,772,49,1536,768,772,349,243,40,40,10,1
800,40,1,2.85594e-05,0,0.00630568,1.73258e-05,0.00635156,1,4,673,48,1504,669,673,352,238,40,40,10,1
801,40,1,2.85594e-05,0,0.00630568,1.73258e-05,0.00635156,0.9,4,806,49,1536,802,806,404,287,40,40,10,1
802,40,1,2.85594e-05,0,0.00630568,1.73258e-05,0.00635156,1,4,756,48,1504,752,756,353,231,40,40,10,1
803,40,1,2.85594e-05,0,0.00630568,1.73258e-05,0.00635156,1,4,918,56,1760,914,918,447,317,40,40,10,1
804,40,1,2.85594e-05,0,0.00630568,1.73258e-05,0.00635156,0.9,4,672,43,1344,668,672,263,158,40,40,10,1
805,40,1,2.85594e-05,0,0.00630568,1.73258e-05,0.00635156,1,4,656,46,1440,652,656,311,216,40,40,10,1
806,40,1,2.85594e-05,0,0.00630568,1.73258e-05,0.00635156,1,4,474,50,1568,470,474,339,260,40,40,10,1
807,40,1,2.85594e-05,0,0.00630568,1.73258e-05,0.00635156,1,4,553,45,1408,549,553,290,188,40,40,10,1
808,40,1,2.85594e-05,0,0.00630568,1.73258e-05,0.00635156,1,4,626,45,1408,622,626,293,200,40,40,10,1
809,40,1,2.85594e-05,0,0.00630568,1.73258e-05,0.00635156,1,4,542,47,1472,538,542,305,198,40,40,10,1
810,40,1,2.85594e-05,0,0.00630568,1.73258e-05,0.00635156,0.8,4,932,51,1600,928,932,378,248,40,40,10,1
811,40,1,2.85594e-05,0,0.00630568,1.73258e-05,0.00635156,1,4,634,46,1440,630,634,316,208,40,40,10,1
812,40,1,2.85594e-05,0,0.00630568,1.73258e-05,0.00635156,1,4,669,50,1568,665,669,398,295,40,40,10,1
813,40,1,2.85594e-05,0,0.00630568,1.73258e-05,0.00635156,0.5,4,953,53,1664,949,953,364,246,40,40,10,1
814,40,1,2.85594e-05,0,0.00630568,1.73258e-05,0.00635156,1,4,585,47,1472,581,585,335,236,40,40,10,1
815,40,1,2.85594e-05,0,0.00630568,1.73258e-05,0.00635156,1,4,608,45,1408,604,608,292,177,40,40,10,1
816,40,1,2.85594e-05,0,0.00630568,1.73258e-05,0.00635156,1,4,842,46,1440,838,842,329,216,40,40,10,1
817,40,1,2.85594e-05,0,0.00630568,1.73258e-05,0.00635156,0.8,4,715,46,1440,711,715,304,205,40,40,10,1
818,40,1,2.85594e-05,0,0.00630568,1.73258e-05,0.00635156,1,4,758,48,1504,754,758,347,259,40,40,10,1
819,40,1,2.85594e-05,0,0.00630568,1.73258e-05,0.00635156,1,4,760,44,1376,756,760,305,203,40,40,10,1
820,40,1,2.85594e-05,0,0.00630568,1.73258e-05,0.00635156,1,4,619,46,1440,615,619,335,247,40,40,10,1
821,40,1,2.85594e-05,0,0.00630568,1.73258e-05,0.00635156,0.9,4,658,44,1376,654,658,279,175,40,40,10,1
822,40,1,2.85594e-05,0,0.00630568,1.73258e-05,0.00635156,0.8,4,851,45,1408,847,851,316,206,40,40,10,1
823,40,1,2.85594e-05,0,0.00630568,1.73258e-05,0.00635156,0.9,4,935,44,1376,931,935,306,196,40,40,10,1
824,40,1,2.85594e-05,0,0.00630568,1.73258e-05,0.00635156,1,4,1020,50,1568,1016,1020,386,269,40,40,10,1
825,40,1,2.85594e-05,0,0.00630568,1.73258e-05,0.00635156,0.8,4,784,46,1440,780,784,295,176,40,40,10,1
826,40,1,2.85594e-05,0,0.00630568,1.73258e-05,0.00635156,0.7,4,813,44,1376,809,813,299,195,40,40,10,1
827,40,1,2.85594e-05,0,0.00630568,1.73258e-05,0.00635156,0.9,4,869,46,1440,865,869,332,208,40,40,10,1
828,40,1,2.85594e-05,0,0.00630568,1.73258e-05,0.00635156,0.6,4,833,44,1376,829,833,298,193,40,40,10,1
829,40,1,2.85594e-05,0,0.00630568,1.73258e-05,0.00635156,1,4,860,46,1440,856,860,344,229,40,40,10,1
830,40,1,2.85594e-05,0,0.00630568,1.73258e-05,0.00635156,1,4,841,46,1440,837,841,331,216,40,40,10,1
831,40,1,2.85594e-05,0,0.00630568,1.73258e-05,0.00635156,1,4,799,49,1536,795,799,374,265,40,40,10,1
832,40,1,2.85594e-05,0,0.00630568,1.73258e-05,0.00635156,0.9,4,735,44,1376,731,735,301,200,40,40,10,1
833,40,1,2.85594e-05,0,0.00630568,1.73258e-05,0.00635156,0.8,4,840,44,1376,836,840,266,173,40,40,10,1
834,40,1,2.85594e-05,0,0.00630568,1.73258e-05,0.00635156,0.7,4,1132,62,1952,1128,1132,378,220,40,40,10,1
835,40,1,2.85594e-05,0,0.00630568,1.73258e-05,0.00635156,1,4,805,46,1440,801,805,328,219,40,40,10,1
836,40,1,2.85594e-05,0,0.00630568,1.73258e-05,0.00635156,1,4,949,48,1504,945,949,337,209,40,40,10,1
837,40,1,2.85594e-05,0,0.00630568,1.73258e-05,0.00635156,1,4,880,46,1440,876,880,319,217,40,40,10,1
838,40,1,2.85594e-05,0,0.00630568,1.73258e-05,0.00635156,1,4,898,47,1472,894,898,340,237,40,40,10,1
839,40,1,2.85594e-05,0,0.00630568,1.73258e-05,0.00635156,0.8,4,853,48,1504,849,853,326,203,40,40,10,1
840,40,1,2.85594e-05,0,0.00630568,1.73258e-05,0.00635156,0.8,4,881,43,1344,877,881,291,194,40,40,10,1
841,40,1,2.85594e-05,0,0.00630568,1.73258e-05,0.00635156,0.5,4,968,45,1408,964,968,316,210,40,40,10,1
842,40,1,2.85594e-05,0,0.00630568,1.73258e-05,0.00635156,0.7,4,874,46,1440,870,874,275,173,40,40,10,1
843,40,1,2.85594e-05,0,0.00630568,1.73258e-05,0.00635156,1,4,774,45,1408,770,774,276,182,40,40,10,1
844,40,1,2.85594e-05,0,0.00630568,1.73258e-05,0.00635156,0.9,4,966,49,1536,962,966,357,261,40,40,10,1
845,40,1,2.85594e-05,0,0.00630568,1.73258e-05,0.00635156,0.8,4,1072,55,1728,1068,1072,425,296,40,40,10,1
846,40,1,2.85594e-05,0,0.00630568,1.73258e-05,0.00635156,1,4,919,47,1472,915,919,329,214,40,40,10,1
847,40,1,2.85594e-05,0,0.00630568,1.73258e-05,0.00635156,0.9,4,868,44,1376,864,868,313,203,40,40,10,1
848,40,1,2.85594e-05,0,0.00630568,1.73258e-05,0.00635156,1,4,845,45,1408,841,845,328,228,40,40,10,1
849,40,1,2.85594e-05,0,0.00630568,1.73258e-05,0.00635156,0.9,4,775,45,1408,771,775,312,217,40,40,10,1
850,40,1,2.85594e-05,0,0.00630568,1.73258e-05,0.00635156,1,4,944,48,1504,940,944,361,242,40,40,10,1
851,40,1,2.85594e-05,0,0.00630568,1.73258e-05,0.00635156,0.9,4,751,46,1440,747,751,333,243,40,40,10,1
852,40,1,2.85594e-05,0,0.00630568,1.73258e-05,0.00635156,0.9,4,757,44,1376,753,757,305,183,40,40,10,1
853,40,1,2.85594e-05,0,0.00630568,1.73258e-05,0.00635156,1,4,633,44,1376,629,633,277,155,40,40,10,1
854,40,1,2.85594e-05,0,0.00630568,1.73258e-05,0.00635156,0.7,4,850,44,1376,846,850,275,176,40,40,10,1
855,40,1,2.85594e-05,0,0.00630568,1.73258e-05,0.00635156,0.9,4,732,45,1408,728,732,303,203,40,40,10,1
856,40,1,2.85594e-05,0,0.00630568,1.73258e-05,0.00635156,1,4,702,46,1440,698,702,333,234,40,40,10,1
857,40,1,2.85594e-05,0,0.00630568,1.73258e-05,0.00635156,1,4,908,50,1568,904,908,405,288,40,40,10,1
858,40,1,2.85594e-05,0,0.00630568,1.73258e-05,0.00635156,1,4,1168,64,2016,1164,1168,401,242,40,40,10,1
859,40,1,2.85594e-05,0,0.00630568,1.73258e-05,0.00635156,0.9,4,928,47,1472,924,928,351,242,40,40,10,1
860,40,1,2.85594e-05,0,0.00630568,1.73258e-05,0.00635156,0.9,4,814,44,1376,810,814,298,193,40,40,10,1
861,40,1,2.85594e-05,0,0.00630568,1.73258e-05,0.00635156,0.3,4,1023,51,1600,1019,1023,365,247,40,40,10,1
862,40,1,2.85594e-05,0,0.00630568,1.73258e-05,0.00635156,1,4,843,47,1472,839,843,291,197,40,40,10,1
863,40,1,2.85594e-05,0,0.00630568,1.73258e-05,0.00635156,1,4,840,50,1568,836,840,398,287,40,40,10,1
864,40,1,2.85594e-05,0,0.00630568,1.73258e-05,0.00635156,0.8,4,1050,52,1632,1046,1050,379,259,40,40,10,1
865,40,1,2.85594e-05,0,0.00630568,1.73258e-05,0.00635156,0.9,4,878,52,1632,874,878,384,264,40,40,10,1
866,40,1,2.85594e-05,0,0.00630568,1.73258e-05,0.00635156,1,4,896,47,1472,892,896,347,234,40,40,10,1
867,40,1,2.85594e-05,0,0.00630568,1.73258e-05,0.00635156,1,4,964,52,1632,960,964,357,229,40,40,10,1
868,40,1,2.85594e-05,0,0.00630568,1.73258e-05,0.00635156,0.5,4,858,44,1376,854,858,302,200,40,40,10,1
869,40,1,2.85594e-05,0,0.00630568,1.73258e-05,0.00635156,1,4,731,44,1376,727,731,260,176,40,40,10,1
870,40,1,2.85594e-05,0,0.00630568,1.73258e-05,0.00635156,0.3,4,942,52,1632,938,942,345,239,40,40,10,1
871,40,1,2.85594e-05,0,0.00630568,1.73258e-05,0.00635156,0.7,4,813,47,1472,809,813,307,206,40,40,10,1
872,40,1,2.85594e-05,0,0.00630568,1.73258e-05,0.00635156,1,4,759,45,1408,755,759,333,216,40,40,10,1
873,40,1,2.85594e-05,0,0.00630568,1.73258e-05,0.00635156,0.8,4,939,49,1536,935,939,364,261,40,40,10,1
874,40,1,2.85594e-05,0,0.00630568,1.73258e-05,0.00635156,1,4,650,49,1536,646,650,393,287,40,40,10,1
875,40,1,2.85594e-05,0,0.00630568,1.73258e-05,0.00635156,0.7,4,902,48,1504,898,902,364,264,40,40,10,1
876,40,1,2.85594e-05,0,0.00630568,1.73258e-05,0.00635156,0.8,4,798,44,1376,794,798,302,204,40,40,10,1
877,40,1,2.85594e-05,0,0.00630568,1.73258e-05,0.00635156,0.6,4,982,53,1664,978,982,305,180,40,40,10,1
878,40,1,2.85594e-05,0,0.00630568,1.73258e-05,0.00635156,1,4,815,47,1472,811,815,332,231,40,40,10,1
879,40,1,2.85594e-05,0,0.00630568,1.73258e-05,0.00635156,0.8,4,814,46,1440,810,814,306,193,40,40,10,1
880,40,1,2.85594e-05,0,0.00630568,1.73258e-05,0.00635156,1,4,738,43,1344,734,738,265,173,40,40,10,1
881,40,1,2.85594e-05,0,0.00630568,1.73258e-05,0.00635156,0.9,4,847,46,1440,843,847,331,212,40,40,10,1
882,40,1,2.85594e-05,0,0.00630568,1.73258e-05,0.00635156,1,4,598,46,1440,594,598,311,214,40,40,10,1
883,40,1,2.85594e-05,0,0.00630568,1.73258e-05,0.00635156,0.9,4,757,47,1472,753,757,337,225,40,40,10,1
884,40,1,2.85594e-05,0,0.00630568,1.73258e-05,0.00635156,0.9,4,922,44,1376,918,922,315,193,40,40,10,1
885,40,1,2.85594e-05,0,0.00630568,1.73258e-05,0.00635156,1,4,923,55,1728,919,923,358,250,40,40,10,1
886,40,1,2.85594e-05,0,0.00630568,1.73258e-05,0.00635156,0.8,4,928,46,1440,924,928,345,225,40,40,10,1
887,40,1,2.85594e-05,0,0.00630568,1.73258e-05,0.00635156,0.7,4,957,51,1600,953,957,365,238,40,40,10,1
888,40,1,2.85594e-05,0,0.00630568,1.73258e-05,0.00635156,0.4,4,905,46,1440,901,905,320,214,40,40,10,1
889,40,1,2.85594e-05,0,0.00630568,1.73258e-05,0.00635156,0.8,4,938,48,1504,934,938,351,231,40,40,10,1
890,40,1,2.85594e-05,0,0.00630568,1.73258e-05,0.00635156,0.8,4,849,48,1504,845,849,332,237,40,40,10,1
891,40,1,2.85594e-05,0,0.00630568,1.73258e-05,0.00635156,1,4,890,47,1472,886,890,338,232,40,40,10,1
892,40,1,2.85594e-05,0,0.00630568,1.73258e-05,0.00635156,1,4,950,48,1504,946,950,362,255,40,40,10,1
893,40,1,2.85594e-05,0,0.00630568,1.73258e-05,0.00635156,0.8,4,886,47,1472,882,886,344,226,40,40,10,1
894,40,1,2.85594e-05,0,0.00630568,1.73258e-05,0.00635156,0.9,4,931,49,1536,927,931,333,197,40,40,10,1
895,40,1,2.85594e-05,0,0.00630568,1.73258e-05,0.00635156,0.8,4,783,44,1376,779,783,310,216,40,40,10,1
896,40,1,2.85594e-05,0,0.00630568,1.73258e-05,0.00635156,0.6,4,990,58,1824,986,990,369,209,40,40,10,1
897,40,1,2.85594e-05,0,0.00630568,1.73258e-05,0.00635156,0.9,4,825,48,1504,821,825,328,232,40,40,10,1
898,40,1,2.85594e-05,0,0.00630568,1.73258e-05,0.00635156,1,4,923,51,1600,919,923,355,235,40,40,10,1
899,40,1,2.85594e-05,0,0.00630568,1.73258e-05,0.00635156,0.8,4,1061,57,1792,1057,1061,365,217,40,40,10,1
900,40,1,2.85594e-05,0,0.00630568,1.73258e-05,0.00635156,0.6,4,1005,49,1536,1001,1005,300,185,40,40,10,1
901,40,1,2.85594e-05,0,0.00630568,1.73258e-05,0.00635156,0.7,4,795,45,1408,791,795,355,246,40,40,10,1
902,40,1,2.85594e-05,0,0.00630568,1.73258e-05,0.00635156,1,4,701,45,1408,697,701,317,196,40,40,10,1
903,40,1,2.85594e-05,0,0.00630568,1.73258e-05,0.00635156,1,4,777,47,1472,773,777,342,213,40,40,10,1
904,40,1,2.85594e-05,0,0.00630568,1.73258e-05,0.00635156,1,4,825,48,1504,821,825,317,206,40,40,10,1
905,40,1,2.85594e-05,0,0.00630568,1.73258e-05,0.00635156,1,4,823,48,1504,819,823,371,249,40,40,10,1
906,40,1,2.85594e-05,0,0.00630568,1.73258e-05,0.00635156,0.5,4,918,49,1536,914,918,345,237,40,40,10,1
907,40,1,2.85594e-05,0,0.00630568,1.73258e-05,0.00635156,0.9,4,926,51,1600,922,926,349,240,40,40,10,1
908,40,1,2.85594e-05,0,0.00630568,1.73258e-05,0.00635156,0.2,4,899,49,1536,895,899,361,246,40,40,10,1
909,40,1,2.85594e-05,0,0.00630568,1.73258e-05,0.00635156,0.8,4,806,45,1408,802,806,360,253,40,40,10,1
910,40,1,2.85594e-05,0,0.00630568,1.73258e-05,0.00635156,1,4,824,46,1440,820,824,295,188,40,40,10,1
911,40,1,2.85594e-05,0,0.00630568,1.73258e-05,0.00635156,0.6,4,817,45,1408,813,817,319,214,40,40,10,1
912,40,1,2.85594e-05,0,0.00630568,1.73258e-05,0.00635156,0.3,4,883,48,1504,879,883,318,203,40,40,10,1
913,40,1,2.85594e-05,0,0.00630568,1.73258e-05,0.00635156,0.9,4,731,45,1408,727,731,293,187,40,40,10,1
914,40,1,2.85594e-05,0,0.00630568,1.73258e-05,0.00635156,0.6,4,1090,56,1760,1086,1090,416,267,40,40,10,1
915,40,1,2.85594e-05,0,0.00630568,1.73258e-05,0.00635156,0.8,4,1002,55,1728,998,1002,415,286,40,40,10,1
916,40,1,2.85594e-05,0,0.00630568,1.73258e-05,0.00635156,0.9,4,878,51,1600,874,878,369,253,40,40,10,1
917,40,1,2.85594e-05,0,0.00630568,1.73258e-05,0.00635156,1,4,772,50,1568,768,772,351,260,40,40,10,1
918,40,1,2.85594e-05,0,0.00630568,1.73258e-05,0.00635156,0.9,4,790,44,1376,786,790,302,193,40,40,10,1
919,40,1,2.85594e-05,0,0.00630568,1.73258e-05,0.00635156,1,4,907,50,1568,903,907,320,197,40,40,10,1
920,40,1,2.85594e-05,0,0.00630568,1.73258e-05,0.00635156,0.9,4,1128,60,1888,1124,1128,413,283,40,40,10,1
921,40,1,2.85594e-05,0,0.00630568,1.73258e-05,0.00635156,0.6,4,978,53,1664,974,978,358,243,40,40,10,1
922,40,1,2.85594e-05,0,0.00630568,1.73258e-05,0.00635156,1,4,889,53,1664,885,889,407,278,40,40,10,1
923,40,1,2.85594e-05,0,0.00630568,1.73258e-05,0.00635156,0.7,4,1014,55,1728,1010,1014,354,233,40,40,10,1
924,40,1,2.85594e-05,0,0.00630568,1.73258e-05,0.00635156,1,4,857,46,1440,853,857,323,200,40,40,10,1
925,40,1,2.85594e-05,0,0.00630568,1.73258e-05,0.00635156,1,4,708,45,1408,704,708,318,200,40,40,10,1
926,40,1,2.85594e-05,0,0.00630568,1.73258e-05,0.00635156,1,4,807,51,1600,803,807,402,292,40,40,10,1
927,40,1,2.85594e-05,0,0.00630568,1.73258e-05,0.00635156,0.9,4,743,45,1408,739,743,319,216,40,40,10,1
928,40,1,2.85594e-05,0,0.00630568,1.73258e-05,0.00635156,1,4,756,46,1440,752,756,294,191,40,40,10,1
929,40,1,2.85594e-05,0,0.00630568,1.73258e-05,0.00635156,1,4,876,51,1600,872,876,378,266,40,40,10,1
930,40,1,2.85594e-05,0,0.00630568,1.73258e-05,0.00635156,0.9,4,1007,54,1696,1003,1007,376,239,40,40,10,1
931,40,1,2.85594e-05,0,0.00630568,1.73258e-05,0.00635156,1,4,854,51,1600,850,854,388,258,40,40,10,1
932,40,1,2.85594e-05,0,0.00630568,1.73258e-05,0.00635156,0.8,4,690,45,1408,686,690,292,186,40,40,10,1
933,40,1,2.85594e-05,0,0.00630568,1.73258e-05,0.00635156,0.9,4,729,47,1472,725,729,331,213,40,40,10,1
934,40,1,2.85594e-05,0,0.00630568,1.73258e-05,0.00635156,0.8,4,883,44,1376,879,883,323,230,40,40,10,1
935,40,1,2.85594e-05,0,0.00630568,1.73258e-05,0.00635156,1,4,798,51,1600,794,798,388,291,40,40,10,1
936,40,1,2.85594e-05,0,0.00630568,1.73258e-05,0.00635156,0.2,4,728,51,1600,724,728,317,195,40,40,10,1
937,40,1,2.85594e-05,0,0.00630568,1.73258e-05,0.00635156,0.1,4,838,46,1440,834,838,291,178,40,40,10,1
938,40,1,2.85594e-05,0,0.00630568,1.73258e-05,0.00635156,0.6,4,756,47,1472,752,756,313,195,40,40,10,1
939,40,1,2.85594e-05,0,0.00630568,1.73258e-05,0.00635156,0.7,4,844,49,1536,840,844,347,245,40,40,10,1
940,40,1,2.85594e-05,0,0.00630568,1.73258e-05,0.00635156,0.6,4,819,45,1408,815,819,299,210,40,40,10,1
941,40,1,2.85594e-05,0,0.00630568,1.73258e-05,0.00635156,1,4,885,48,1504,881,885,330,212,40,40,10,1
942,40,1,2.85594e-05,0,0.00630568,1.73258e-05,0.00635156,1,4,817,48,1504,813,817,343,225,40,40,10,1
943,40,1,2.85594e-05,0,0.00630568,1.73258e-05,0.00635156,1,4,746,47,1472,742,746,280,167,40,40,10,1
944,40,1,2.85594e-05,0,0.00630568,1.73258e-05,0.00635156,1,4,754,47,1472,750,754,319,226,40,40,10,1
945,40,1,2.85594e-05,0,0.00630568,1.73258e-05,0.00635156,1,4,472,46,1440,468,472,284,184,40,40,10,1
946,40,1,2.85594e-05,0,0.00630568,1.73258e-05,0.00635156,0.9,4,1025,54,1696,1021,1025,417,284,40,40,10,1
947,40,1,2.85594e-05,0,0.00630568,1.73258e-05,0.00635156,1,4,874,50,1568,870,874,370,247,40,40,10,1
948,40,1,2.85594e-05,0,0.00630568,1.73258e-05,0.00635156,0.4,4,1108,61,1920,1104,1108,424,265,40,40,10,1
949,40,1,2.85594e-05,0,0.00630568,1.73258e-05,0.00635156,0.5,4,863,48,1504,859,863,330,215,40,40,10,1
950,40,1,2.85594e-05,0,0.00630568,1.73258e-05,0.00635156,1,4,796,46,1440,792,796,331,223,40,40,10,1
951,40,1,2.85594e-05,0,0.00630568,1.73258e-05,0.00635156,0.3,4,760,48,1504,756,760,352,252,40,40,10,1
952,40,1,2.85594e-05,0,0.00630568,1.73258e-05,0.00635156,0.8,4,784,44,1376,780,784,291,189,40,40,10,1
953,40,1,2.85594e-05,0,0.00630568,1.73258e-05,0.00635156,0.4,4,857,45,1408,853,857,330,205,40,40,10,1
954,40,1,2.85594e-05,0,0.00630568,1.73258e-05,0.00635156,1,4,875,50,1568,871,875,395,294,40,40,10,1
955,40,1,2.85594e-05,0,0.00630568,1.73258e-05,0.00635156,0.8,4,850,46,1440,846,850,333,227,40,40,10,1
956,40,1,2.85594e-05,0,0.00630568,1.73258e-05,0.00635156,0.9,4,877,44,1376,873,877,293,192,40,40,10,1
957,40,1,2.85594e-05,0,0.00630568,1.73258e-05,0.00635156,1,4,866,46,1440,862,866,302,192,40,40,10,1
958,40,1,2.85594e-05,0,0.00630568,1.73258e-05,0.00635156,0.7,4,773,44,1376,769,773,293,201,40,40,10,1
959,40,1,2.85594e-05,0,0.00630568,1.73258e-05,0.00635156,0.9,4,845,48,1504,841,845,326,211,40,40,10,1
960,40,1,2.85594e-05,0,0.00630568,1.73258e-05,0.00635156,0.9,4,832,49,1536,828,832,331,222,40,40,10,1
961,40,1,2.85594e-05,0,0.00630568,1.73258e-05,0.00635156,1,4,819,46,1440,815,819,329,229,40,40,10,1
962,40,1,2.85594e-05,0,0.00630568,1.73258e-05,0.00635156,0.9,4,781,46,1440,777,781,318,223,40,40,10,1
963,40,1,2.85594e-05,0,0.00630568,1.73258e-05,0.00635156,1,4,869,50,1568,865,869,356,220,40,40,10,1
964,40,1,2.85594e-05,0,0.00630568,1.73258e-05,0.00635156,0.9,4,938,48,1504,934,938,368,263,40,40,10,1
965,40,1,2.85594e-05,0,0.00630568,1.73258e-05,0.00635156,1,4,825,50,1568,821,825,380,268,40,40,10,1
966,40,1,2.85594e-05,0,0.00630568,1.73258e-05,0.00635156,1,4,895,54,1696,891,895,459,324,40,40,10,1
967,40,1,2.85594e-05,0,0.00630568,1.73258e-05,0.00635156,0.5,4,941,55,1728,937,941,367,244,40,40,10,1
968,40,1,2.85594e-05,0,0.00630568,1.73258e-05,0.00635156,0.8,4,796,45,1408,792,796,321,214,40,40,10,1
969,40,1,2.85594e-05,0,0.00630568,1.73258e-05,0.00635156,0.8,4,821,47,1472,817,821,362,240,40,40,10,1
970,40,1,2.85594e-05,0,0.00630568,1.73258e-05,0.00635156,1,4,857,46,1440,853,857,346,219,40,40,10,1
971,40,1,2.85594e-05,0,0.00630568,1.73258e-05,0.00635156,1,4,807,50,1568,803,807,375,261,40,40,10,1
972,40,1,2.85594e-05,0,0.00630568,1.73258e-05,0.00635156,0.8,4,736,49,1536,732,736,368,260,40,40,10,1
973,40,1,2.85594e-05,0,0.00630568,1.73258e-05,0.00635156,1,4,803,48,1504,799,803,330,218,40,40,10,1
974,40,1,2.85594e-05,0,0.00630568,1.73258e-05,0.00635156,0.9,4,688,48,1504,684,688,337,240,40,40,10,1
975,40,1,2.85594e-05,0,0.00630568,1.73258e-05,0.00635156,0.9,4,744,45,1408,740,744,313,200,40,40,10,1
976,40,1,2.85594e-05,0,0.00630568,1.73258e-05,0.00635156,1,4,900,54,1696,896,900,395,292,40,40,10,1
977,40,1,2.85594e-05,0,0.00630568,1.73258e-05,0.00635156,0.9,4,988,50,1568,984,988,323,214,40,40,10,1
978,40,1,2.85594e-05,0,0.00630568,1.73258e-05,0.00635156,1,4,756,50,1568,752,756,362,271,40,40,10,1
979,40,1,2.85594e-05,0,0.00630568,1.73258e-05,0.00635156,0.8,4,720,50,1568,716,720,413,302,40,40,10,1
980,40,1,2.85594e-05,0,0.00630568,1.73258e-05,0.00635156,0.9,4,791,48,1504,787,791,341,232,40,40,10,1
981,40,1,2.85594e-05,0,0.00630568,1.73258e-05,0.00635156,1,4,1100,58,1824,1096,1100,387,231,40,40,10,1
982,40,1,2.85594e-05,0,0.00630568,1.73258e-05,0.00635156,0.9,4,945,52,1632,941,945,360,244,40,40,10,1
983,40,1,2.85594e-05,0,0.00630568,1.73258e-05,0.00635156,0.7,4,734,47,1472,730,734,344,226,40,40,10,1
984,40,1,2.85594e-05,0,0.00630568,1.73258e-05,0.00635156,0.8,4,1040,56,1760,1036,1040,364,240,40,40,10,1
985,40,1,2.85594e-05,0,0.00630568,1.73258e-05,0.00635156,1,4,958,50,1568,954,958,390,259,40,40,10,1
986,40,1,2.85594e-05,0,0.00630568,1.73258e-05,0.00635156,0.6,4,788,47,1472,784,788,328,231,40,40,10,1
987,40,1,2.85594e-05,0,0.00630568,1.73258e-05,0.00635156,1,4,810,49,1536,806,810,356,254,40,40,10,1
988,40,1,2.85594e-05,0,0.00630568,1.73258e-05,0.00635156,1,4,753,46,1440,749,753,306,187,40,40,10,1
989,40,1,2.85594e-05,0,0.00630568,1.73258e-05,0.00635156,0.7,4,841,45,1408,837,841,311,199,40,40,10,1
990,40,1,2.85594e-05,0,0.00630568,1.73258e-05,0.00635156,1,4,857,51,1600,853,857,407,272,40,40,10,1
991,40,1,2.85594e-05,0,0.00630568,1.73258e-05,0.00635156,0,4,860,48,1504,856,860,299,188,40,40,10,1
992,40,1,2.85594e-05,0,0.00630568,1.73258e-05,0.00635156,1,4,905,57,1792,901,905,401,262,40,40,10,1
993,40,1,2.85594e-05,0,0.00630568,1.73258e-05,0.00635156,0.6,4,869,48,1504,865,869,338,216,40,40,10,1
994,40,1,2.85594e-05,0,0.00630568,1.73258e-05,0.00635156,1,4,695,47,1472,691,695,326,206,40,40,10,1
995,40,1,2.85594e-05,0,0.00630568,1.73258e-05,0.00635156,0.9,4,813,45,1408,809,813,315,212,40,40,10,1
996,40,1,2.85594e-05,0,0.00630568,1.73258e-05,0.00635156,0.6,4,843,47,1472,839,843,359,259,40,40,10,1
997,40,1,2.85594e-05,0,0.00630568,1.73258e-05,0.00635156,1,4,679,47,1472,675,679,331,210,40,40,10,1
998,40,1,2.85594e-05,0,0.00630568,1.73258e-05,0.00635156,0.9,4,773,45,1408,769,773,320,207,40,40,10,1
999,40,1,2.85594e-05,0,0.00630568,1.73258e-05,0.00635156,0.5,4,846,44,1376,842,846,266,187,40,40,10,1
